"","...1","animal_project_code","acoustic_tag_id","station_name","receiver_id","deploy_latitude","deploy_longitude","arrival","departure","detections","swimtime_s","swimdistance_m","speed_m_s","totaldistance_m","distance_to_source_m"
"1",1,"PTN-Silver-eel-Mondego","A69-1601-19210","rel_mondego","none",40.295,-8.257,2015-11-13 17:00:00,2015-11-13 17:00:00,1,NA,NA,NA,0,0
"2",2,"PTN-Silver-eel-Mondego","A69-1601-19210","R1","VR2W-125699",40.283,-8.266,2015-11-14 21:53:50,2015-11-15 02:17:41,163,104030,1671.881643,0.016071,1671.881643,1671.881643
"3",3,"PTN-Silver-eel-Mondego","A69-1601-19210","R1","VR2W-125699",40.283,-8.266,2015-11-15 03:52:08,2015-11-15 04:01:01,8,NA,NA,NA,1671.881643,1671.881643
"4",4,"PTN-Silver-eel-Mondego","A69-1601-19210","R2","VR2W-125700",40.208,-8.434,2016-01-04 21:01:26,2016-01-04 21:22:09,4,4381225,24952.180689,0.005695,26624.062332,26624.062332
"5",5,"PTN-Silver-eel-Mondego","A69-1601-19210","R7","VR2W-125708",40.145,-8.842,2016-01-09 10:26:33,2016-01-09 10:26:33,1,392664,45361.332462,0.115522,71985.394794,71985.394793
"6",6,"PTN-Silver-eel-Mondego","A69-1601-19212","rel_mondego","none",40.295,-8.257,2015-11-13 17:00:00,2015-11-13 17:00:00,1,NA,NA,NA,0,0
"7",7,"PTN-Silver-eel-Mondego","A69-1601-19212","R1","VR2W-125699",40.283,-8.266,2015-11-15 22:45:39,2015-11-15 22:45:39,1,193539,1671.881643,0.008638,1671.881643,1671.881643
"8",8,"PTN-Silver-eel-Mondego","A69-1601-19212","R1","VR2W-125699",40.283,-8.266,2015-11-16 01:26:15,2015-11-16 04:17:59,59,NA,NA,NA,1671.881643,1671.881643
"9",9,"PTN-Silver-eel-Mondego","A69-1601-19212","R1","VR2W-125699",40.283,-8.266,2015-11-16 05:22:23,2015-11-16 06:24:36,20,NA,NA,NA,1671.881643,1671.881643
"10",10,"PTN-Silver-eel-Mondego","A69-1601-19212","R1","VR2W-125699",40.283,-8.266,2015-11-16 18:32:54,2015-11-17 06:32:03,629,NA,NA,NA,1671.881643,1671.881643
"11",11,"PTN-Silver-eel-Mondego","A69-1601-19212","R1","VR2W-125699",40.283,-8.266,2015-11-17 19:14:50,2015-11-17 19:14:50,1,NA,NA,NA,1671.881643,1671.881643
"12",12,"PTN-Silver-eel-Mondego","A69-1601-19212","R1","VR2W-125699",40.283,-8.266,2015-11-17 20:35:22,2015-11-17 21:33:19,2,NA,NA,NA,1671.881643,1671.881643
"13",13,"PTN-Silver-eel-Mondego","A69-1601-19212","R1","VR2W-125699",40.283,-8.266,2015-11-17 23:28:53,2015-11-17 23:28:53,1,NA,NA,NA,1671.881643,1671.881643
"14",14,"PTN-Silver-eel-Mondego","A69-1601-19212","R1","VR2W-125699",40.283,-8.266,2015-11-18 03:19:10,2015-11-18 04:51:21,60,NA,NA,NA,1671.881643,1671.881643
"15",15,"PTN-Silver-eel-Mondego","A69-1601-19212","R1","VR2W-125699",40.283,-8.266,2015-11-18 22:28:27,2015-11-18 23:13:07,22,NA,NA,NA,1671.881643,1671.881643
"16",16,"PTN-Silver-eel-Mondego","A69-1601-19212","R1","VR2W-125699",40.283,-8.266,2015-11-19 00:15:48,2015-11-19 01:04:05,16,NA,NA,NA,1671.881643,1671.881643
"17",17,"PTN-Silver-eel-Mondego","A69-1601-19212","R1","VR2W-125699",40.283,-8.266,2015-11-19 12:47:20,2015-11-19 12:47:20,1,NA,NA,NA,1671.881643,1671.881643
"18",18,"PTN-Silver-eel-Mondego","A69-1601-19212","R1","VR2W-125699",40.283,-8.266,2015-11-19 20:54:56,2015-11-19 22:08:58,4,NA,NA,NA,1671.881643,1671.881643
"19",19,"PTN-Silver-eel-Mondego","A69-1601-19212","R1","VR2W-125699",40.283,-8.266,2015-11-19 23:18:48,2015-11-19 23:18:48,1,NA,NA,NA,1671.881643,1671.881643
"20",20,"PTN-Silver-eel-Mondego","A69-1601-19212","R2","VR2W-125700",40.208,-8.434,2016-01-05 23:22:41,2016-01-05 23:40:01,5,4061033,24952.180689,0.006144,26624.062332,26624.062332
"21",21,"PTN-Silver-eel-Mondego","A69-1601-19213","rel_mondego","none",40.295,-8.257,2015-11-13 17:00:00,2015-11-13 17:00:00,1,NA,NA,NA,0,0
"22",22,"PTN-Silver-eel-Mondego","A69-1601-19213","R1","VR2W-125699",40.283,-8.266,2015-11-17 01:32:52,2015-11-17 01:58:35,19,289972,1671.881643,0.005766,1671.881643,1671.881643
"23",23,"PTN-Silver-eel-Mondego","A69-1601-19213","R1","VR2W-125699",40.283,-8.266,2015-11-17 04:56:18,2015-11-17 05:32:01,26,NA,NA,NA,1671.881643,1671.881643
"24",24,"PTN-Silver-eel-Mondego","A69-1601-19214","rel_mondego","none",40.295,-8.257,2015-11-13 17:00:00,2015-11-13 17:00:00,1,NA,NA,NA,0,0
"25",25,"PTN-Silver-eel-Mondego","A69-1601-19214","R1","VR2W-125699",40.283,-8.266,2015-11-13 22:00:09,2015-11-14 18:32:19,914,18009,1671.881643,0.092836,1671.881643,1671.881643
"26",26,"PTN-Silver-eel-Mondego","A69-1601-19214","R1","VR2W-125699",40.283,-8.266,2015-11-14 21:15:27,2015-11-14 22:05:17,2,NA,NA,NA,1671.881643,1671.881643
"27",27,"PTN-Silver-eel-Mondego","A69-1601-19214","R1","VR2W-125699",40.283,-8.266,2015-11-14 23:21:21,2015-11-15 01:18:09,12,NA,NA,NA,1671.881643,1671.881643
"28",28,"PTN-Silver-eel-Mondego","A69-1601-19214","R1","VR2W-125699",40.283,-8.266,2015-11-18 22:06:55,2015-11-18 22:06:55,1,NA,NA,NA,1671.881643,1671.881643
"29",29,"PTN-Silver-eel-Mondego","A69-1601-19214","R1","VR2W-125699",40.283,-8.266,2015-11-19 19:20:52,2015-11-19 20:36:26,36,NA,NA,NA,1671.881643,1671.881643
"30",30,"PTN-Silver-eel-Mondego","A69-1601-19214","R1","VR2W-125699",40.283,-8.266,2015-11-29 23:57:32,2015-11-30 05:07:49,269,NA,NA,NA,1671.881643,1671.881643
"31",31,"PTN-Silver-eel-Mondego","A69-1601-19214","R1","VR2W-125699",40.283,-8.266,2015-12-01 20:26:02,2015-12-01 20:27:24,2,NA,NA,NA,1671.881643,1671.881643
"32",32,"PTN-Silver-eel-Mondego","A69-1601-19214","R1","VR2W-125699",40.283,-8.266,2015-12-01 23:24:17,2015-12-02 00:03:13,9,NA,NA,NA,1671.881643,1671.881643
"33",33,"PTN-Silver-eel-Mondego","A69-1601-19214","R1","VR2W-125699",40.283,-8.266,2015-12-05 18:48:02,2015-12-05 19:09:02,18,NA,NA,NA,1671.881643,1671.881643
"34",34,"PTN-Silver-eel-Mondego","A69-1601-19214","R1","VR2W-125699",40.283,-8.266,2015-12-05 21:38:36,2015-12-05 21:38:36,1,NA,NA,NA,1671.881643,1671.881643
"35",35,"PTN-Silver-eel-Mondego","A69-1601-19214","R2","VR2W-125700",40.208,-8.434,2016-01-05 00:52:06,2016-01-05 01:11:10,7,2603610,24952.180689,0.009584,26624.062332,26624.062332
"36",36,"PTN-Silver-eel-Mondego","A69-1601-19214","R7","VR2W-125708",40.145,-8.842,2016-01-06 15:30:07,2016-01-06 15:30:07,1,137937,45361.332462,0.328855,71985.394794,71985.394793
"37",37,"PTN-Silver-eel-Mondego","A69-1601-19215","rel_mondego","none",40.295,-8.257,2015-12-02 17:00:00,2015-12-02 17:00:00,1,NA,NA,NA,0,0
"38",38,"PTN-Silver-eel-Mondego","A69-1601-19215","R1","VR2W-125699",40.283,-8.266,2015-12-07 21:28:54,2015-12-07 22:04:47,21,448134,1671.881643,0.003731,1671.881643,1671.881643
"39",39,"PTN-Silver-eel-Mondego","A69-1601-19215","R2","VR2W-125700",40.208,-8.434,2016-01-05 03:32:45,2016-01-05 03:45:18,4,2438878,24952.180689,0.010231,26624.062332,26624.062332
"40",40,"PTN-Silver-eel-Mondego","A69-1601-19215","R7","VR2W-125708",40.145,-8.842,2016-01-06 18:24:29,2016-01-06 18:26:02,2,139151,45361.332462,0.325986,71985.394794,71985.394793
"41",41,"PTN-Silver-eel-Mondego","A69-1601-19216","rel_mondego","none",40.295,-8.257,2015-12-02 17:00:00,2015-12-02 17:00:00,1,NA,NA,NA,0,0
"42",42,"PTN-Silver-eel-Mondego","A69-1601-19216","R1","VR2W-125699",40.283,-8.266,2016-01-03 18:35:13,2016-01-03 19:07:56,19,2770513,1671.881643,0.000603,1671.881643,1671.881643
"43",43,"PTN-Silver-eel-Mondego","A69-1601-19216","R2","VR2W-125700",40.208,-8.434,2016-01-04 23:51:08,2016-01-05 00:08:34,6,103392,24952.180689,0.241336,26624.062332,26624.062332
"44",44,"PTN-Silver-eel-Mondego","A69-1601-19216","R7","VR2W-125708",40.145,-8.842,2016-01-05 19:53:20,2016-01-05 19:58:10,4,71086,45361.332462,0.638119,71985.394794,71985.394793
"45",45,"PTN-Silver-eel-Mondego","A69-1601-19217","rel_mondego","none",40.295,-8.257,2015-12-02 17:00:00,2015-12-02 17:00:00,1,NA,NA,NA,0,0
"46",46,"PTN-Silver-eel-Mondego","A69-1601-19217","R1","VR2W-125699",40.283,-8.266,2015-12-14 01:14:46,2015-12-14 01:36:40,9,980086,1671.881643,0.001706,1671.881643,1671.881643
"47",47,"PTN-Silver-eel-Mondego","A69-1601-19217","R1","VR2W-125699",40.283,-8.266,2015-12-15 22:40:27,2015-12-15 22:40:27,1,NA,NA,NA,1671.881643,1671.881643
"48",48,"PTN-Silver-eel-Mondego","A69-1601-19217","R2","VR2W-125700",40.208,-8.434,2016-01-02 18:42:17,2016-01-02 19:57:06,62,1540910,24952.180689,0.016193,26624.062332,26624.062332
"49",49,"PTN-Silver-eel-Mondego","A69-1601-19217","R7","VR2W-125708",40.145,-8.842,2016-01-05 14:35:47,2016-01-05 14:55:00,18,239921,45361.332462,0.189068,71985.394794,71985.394793
"50",50,"PTN-Silver-eel-Mondego","A69-1601-19217","R7","VR2W-125708",40.145,-8.842,2016-01-05 18:24:17,2016-01-05 18:35:19,3,NA,NA,NA,71985.394794,71985.394793
"51",51,"PTN-Silver-eel-Mondego","A69-1601-19217","R8","VR2W-125704",40.145372,-8.873039,2016-01-05 19:47:56,2016-01-05 19:47:56,1,4357,2822.413272,0.647788,74807.808066,74807.808066
"52",52,"PTN-Silver-eel-Mondego","A69-1601-19218","rel_mondego","none",40.295,-8.257,2015-12-02 17:00:00,2015-12-02 17:00:00,1,NA,NA,NA,0,0
"53",53,"PTN-Silver-eel-Mondego","A69-1601-19218","R1","VR2W-125699",40.283,-8.266,2015-12-28 22:43:47,2015-12-28 23:39:41,19,2267027,1671.881643,0.000737,1671.881643,1671.881643
"54",54,"PTN-Silver-eel-Mondego","A69-1601-19218","R2","VR2W-125700",40.208,-8.434,2016-01-04 19:26:05,2016-01-04 19:33:58,7,589584,24952.180689,0.042322,26624.062332,26624.062332
"55",55,"PTN-Silver-eel-Mondego","A69-1601-19218","R7","VR2W-125708",40.145,-8.842,2016-01-05 18:35:46,2016-01-05 19:38:04,33,82908,45361.332462,0.547129,71985.394794,71985.394793
"56",56,"PTN-Silver-eel-Mondego","A69-1601-19219","rel_mondego","none",40.295,-8.257,2015-12-02 17:00:00,2015-12-02 17:00:00,1,NA,NA,NA,0,0
"57",57,"PTN-Silver-eel-Mondego","A69-1601-19219","R1","VR2W-125699",40.283,-8.266,2015-12-04 22:47:07,2015-12-04 22:56:35,5,193627,1671.881643,0.008635,1671.881643,1671.881643
"58",58,"PTN-Silver-eel-Mondego","A69-1601-19219","R1","VR2W-125699",40.283,-8.266,2015-12-06 18:34:46,2015-12-06 19:27:32,32,NA,NA,NA,1671.881643,1671.881643
"59",59,"PTN-Silver-eel-Mondego","A69-1601-19219","R1","VR2W-125699",40.283,-8.266,2015-12-07 04:11:35,2015-12-07 05:58:29,30,NA,NA,NA,1671.881643,1671.881643
"60",60,"PTN-Silver-eel-Mondego","A69-1601-19219","R1","VR2W-125699",40.283,-8.266,2015-12-08 21:10:36,2015-12-08 23:33:51,112,NA,NA,NA,1671.881643,1671.881643
"61",61,"PTN-Silver-eel-Mondego","A69-1601-19219","R1","VR2W-125699",40.283,-8.266,2015-12-11 00:18:29,2015-12-11 00:47:56,3,NA,NA,NA,1671.881643,1671.881643
"62",62,"PTN-Silver-eel-Mondego","A69-1601-19219","R1","VR2W-125699",40.283,-8.266,2015-12-14 02:37:24,2015-12-14 02:37:24,1,NA,NA,NA,1671.881643,1671.881643
"63",63,"PTN-Silver-eel-Mondego","A69-1601-19219","R1","VR2W-125699",40.283,-8.266,2015-12-19 02:35:03,2015-12-19 04:27:15,24,NA,NA,NA,1671.881643,1671.881643
"64",64,"PTN-Silver-eel-Mondego","A69-1601-19219","R1","VR2W-125699",40.283,-8.266,2015-12-26 10:50:38,2015-12-26 10:50:38,1,NA,NA,NA,1671.881643,1671.881643
"65",65,"PTN-Silver-eel-Mondego","A69-1601-19219","R1","VR2W-125699",40.283,-8.266,2015-12-26 12:05:31,2015-12-26 21:01:32,102,NA,NA,NA,1671.881643,1671.881643
"66",66,"PTN-Silver-eel-Mondego","A69-1601-19219","R1","VR2W-125699",40.283,-8.266,2015-12-27 01:16:03,2015-12-27 02:17:06,8,NA,NA,NA,1671.881643,1671.881643
"67",67,"PTN-Silver-eel-Mondego","A69-1601-19219","R1","VR2W-125699",40.283,-8.266,2015-12-27 03:27:40,2015-12-27 03:27:40,1,NA,NA,NA,1671.881643,1671.881643
"68",68,"PTN-Silver-eel-Mondego","A69-1601-19219","R1","VR2W-125699",40.283,-8.266,2015-12-27 04:34:50,2015-12-27 06:27:44,12,NA,NA,NA,1671.881643,1671.881643
"69",69,"PTN-Silver-eel-Mondego","A69-1601-19219","R1","VR2W-125699",40.283,-8.266,2015-12-27 10:02:39,2015-12-27 11:25:20,4,NA,NA,NA,1671.881643,1671.881643
"70",70,"PTN-Silver-eel-Mondego","A69-1601-19219","R1","VR2W-125699",40.283,-8.266,2015-12-27 13:34:47,2015-12-28 06:59:43,221,NA,NA,NA,1671.881643,1671.881643
"71",71,"PTN-Silver-eel-Mondego","A69-1601-19219","R1","VR2W-125699",40.283,-8.266,2015-12-28 18:29:07,2015-12-28 18:46:24,13,NA,NA,NA,1671.881643,1671.881643
"72",72,"PTN-Silver-eel-Mondego","A69-1601-19219","R2","VR2W-125700",40.208,-8.434,2016-01-04 23:01:59,2016-01-04 23:03:43,3,620135,24952.180689,0.040237,26624.062332,26624.062332
"73",73,"PTN-Silver-eel-Mondego","A69-1601-19219","R7","VR2W-125708",40.145,-8.842,2016-01-05 14:35:51,2016-01-05 14:38:18,3,55928,45361.332462,0.811067,71985.394794,71985.394793
"74",74,"PTN-Silver-eel-Mondego","A69-1601-19219","R8","VR2W-125704",40.145372,-8.873039,2016-01-05 16:16:21,2016-01-05 16:16:21,1,5883,2822.413272,0.479757,74807.808066,74807.808066
"75",75,"PTN-Silver-eel-Mondego","A69-1601-19220","rel_mondego","none",40.295,-8.257,2015-11-13 17:00:00,2015-11-13 17:00:00,1,NA,NA,NA,0,0
"76",76,"PTN-Silver-eel-Mondego","A69-1601-19220","R1","VR2W-125699",40.283,-8.266,2015-11-14 11:22:28,2015-11-14 12:03:18,19,66148,1671.881643,0.025275,1671.881643,1671.881643
"77",77,"PTN-Silver-eel-Mondego","A69-1601-19220","R1","VR2W-125699",40.283,-8.266,2015-11-14 17:41:04,2015-11-14 18:11:36,29,NA,NA,NA,1671.881643,1671.881643
"78",78,"PTN-Silver-eel-Mondego","A69-1601-19221","rel_mondego","none",40.295,-8.257,2015-11-13 17:00:00,2015-11-13 17:00:00,1,NA,NA,NA,0,0
"79",79,"PTN-Silver-eel-Mondego","A69-1601-19221","R1","VR2W-125699",40.283,-8.266,2015-11-22 23:10:54,2015-11-23 10:34:01,589,799854,1671.881643,0.00209,1671.881643,1671.881643
"80",80,"PTN-Silver-eel-Mondego","A69-1601-19221","R1","VR2W-125699",40.283,-8.266,2015-11-23 15:13:22,2015-11-23 15:13:22,1,NA,NA,NA,1671.881643,1671.881643
"81",81,"PTN-Silver-eel-Mondego","A69-1601-19221","R1","VR2W-125699",40.283,-8.266,2015-11-23 20:22:50,2015-11-23 20:22:50,1,NA,NA,NA,1671.881643,1671.881643
"82",82,"PTN-Silver-eel-Mondego","A69-1601-19221","R1","VR2W-125699",40.283,-8.266,2015-11-23 23:58:29,2015-11-24 02:32:39,130,NA,NA,NA,1671.881643,1671.881643
"83",83,"PTN-Silver-eel-Mondego","A69-1601-19221","R1","VR2W-125699",40.283,-8.266,2015-11-24 06:05:41,2015-11-24 06:52:45,33,NA,NA,NA,1671.881643,1671.881643
"84",84,"PTN-Silver-eel-Mondego","A69-1601-19221","R1","VR2W-125699",40.283,-8.266,2015-11-24 18:44:03,2015-11-24 19:36:31,33,NA,NA,NA,1671.881643,1671.881643
"85",85,"PTN-Silver-eel-Mondego","A69-1601-19221","R1","VR2W-125699",40.283,-8.266,2015-11-24 22:16:15,2015-11-24 23:11:26,15,NA,NA,NA,1671.881643,1671.881643
"86",86,"PTN-Silver-eel-Mondego","A69-1601-19221","R1","VR2W-125699",40.283,-8.266,2015-11-27 03:30:22,2015-11-27 04:21:44,18,NA,NA,NA,1671.881643,1671.881643
"87",87,"PTN-Silver-eel-Mondego","A69-1601-19221","R1","VR2W-125699",40.283,-8.266,2015-11-28 00:03:09,2015-11-28 05:32:21,310,NA,NA,NA,1671.881643,1671.881643
"88",88,"PTN-Silver-eel-Mondego","A69-1601-19221","R1","VR2W-125699",40.283,-8.266,2015-11-28 17:54:59,2015-11-28 21:05:18,128,NA,NA,NA,1671.881643,1671.881643
"89",89,"PTN-Silver-eel-Mondego","A69-1601-19221","R1","VR2W-125699",40.283,-8.266,2015-12-02 18:33:06,2015-12-02 18:38:20,7,NA,NA,NA,1671.881643,1671.881643
"90",90,"PTN-Silver-eel-Mondego","A69-1601-19221","R1","VR2W-125699",40.283,-8.266,2015-12-03 00:19:28,2015-12-03 00:26:16,2,NA,NA,NA,1671.881643,1671.881643
"91",91,"PTN-Silver-eel-Mondego","A69-1601-19221","R1","VR2W-125699",40.283,-8.266,2015-12-03 01:36:47,2015-12-03 01:36:47,1,NA,NA,NA,1671.881643,1671.881643
"92",92,"PTN-Silver-eel-Mondego","A69-1601-19221","R1","VR2W-125699",40.283,-8.266,2015-12-03 18:34:17,2015-12-03 18:39:32,2,NA,NA,NA,1671.881643,1671.881643
"93",93,"PTN-Silver-eel-Mondego","A69-1601-19221","R1","VR2W-125699",40.283,-8.266,2015-12-03 19:43:59,2015-12-03 20:33:57,4,NA,NA,NA,1671.881643,1671.881643
"94",94,"PTN-Silver-eel-Mondego","A69-1601-19221","R1","VR2W-125699",40.283,-8.266,2015-12-05 04:28:21,2015-12-05 06:34:02,96,NA,NA,NA,1671.881643,1671.881643
"95",95,"PTN-Silver-eel-Mondego","A69-1601-19221","R1","VR2W-125699",40.283,-8.266,2015-12-09 01:30:25,2015-12-09 05:04:40,180,NA,NA,NA,1671.881643,1671.881643
"96",96,"PTN-Silver-eel-Mondego","A69-1601-19221","R1","VR2W-125699",40.283,-8.266,2015-12-09 06:22:17,2015-12-09 07:21:52,10,NA,NA,NA,1671.881643,1671.881643
"97",97,"PTN-Silver-eel-Mondego","A69-1601-19221","R1","VR2W-125699",40.283,-8.266,2015-12-11 02:14:25,2015-12-11 03:28:01,27,NA,NA,NA,1671.881643,1671.881643
"98",98,"PTN-Silver-eel-Mondego","A69-1601-19221","R1","VR2W-125699",40.283,-8.266,2015-12-11 06:53:43,2015-12-11 06:53:43,1,NA,NA,NA,1671.881643,1671.881643
"99",99,"PTN-Silver-eel-Mondego","A69-1601-19221","R1","VR2W-125699",40.283,-8.266,2015-12-12 04:50:16,2015-12-12 06:25:11,32,NA,NA,NA,1671.881643,1671.881643
"100",100,"PTN-Silver-eel-Mondego","A69-1601-19221","R1","VR2W-125699",40.283,-8.266,2015-12-12 18:51:11,2015-12-12 20:47:15,48,NA,NA,NA,1671.881643,1671.881643
"101",101,"PTN-Silver-eel-Mondego","A69-1601-19221","R1","VR2W-125699",40.283,-8.266,2015-12-14 02:43:26,2015-12-14 06:15:50,98,NA,NA,NA,1671.881643,1671.881643
"102",102,"PTN-Silver-eel-Mondego","A69-1601-19221","R1","VR2W-125699",40.283,-8.266,2015-12-15 17:44:00,2015-12-16 04:43:46,468,NA,NA,NA,1671.881643,1671.881643
"103",103,"PTN-Silver-eel-Mondego","A69-1601-19221","R1","VR2W-125699",40.283,-8.266,2015-12-18 19:23:16,2015-12-19 06:23:55,460,NA,NA,NA,1671.881643,1671.881643
"104",104,"PTN-Silver-eel-Mondego","A69-1601-19221","R1","VR2W-125699",40.283,-8.266,2015-12-20 00:20:49,2015-12-20 05:26:56,163,NA,NA,NA,1671.881643,1671.881643
"105",105,"PTN-Silver-eel-Mondego","A69-1601-19221","R1","VR2W-125699",40.283,-8.266,2015-12-20 06:50:03,2015-12-20 07:00:42,5,NA,NA,NA,1671.881643,1671.881643
"106",106,"PTN-Silver-eel-Mondego","A69-1601-19221","R1","VR2W-125699",40.283,-8.266,2015-12-20 18:18:17,2015-12-21 06:44:12,353,NA,NA,NA,1671.881643,1671.881643
"107",107,"PTN-Silver-eel-Mondego","A69-1601-19221","R1","VR2W-125699",40.283,-8.266,2015-12-21 18:04:49,2015-12-21 19:55:12,84,NA,NA,NA,1671.881643,1671.881643
"108",108,"PTN-Silver-eel-Mondego","A69-1601-19221","R1","VR2W-125699",40.283,-8.266,2016-01-06 18:16:23,2016-01-06 18:45:17,11,NA,NA,NA,1671.881643,1671.881643
"109",109,"PTN-Silver-eel-Mondego","A69-1601-19221","R1","VR2W-125699",40.283,-8.266,2016-01-29 20:16:57,2016-01-29 21:34:50,45,NA,NA,NA,1671.881643,1671.881643
"110",110,"PTN-Silver-eel-Mondego","A69-1601-19221","R1","VR2W-125699",40.283,-8.266,2016-01-30 00:08:15,2016-01-30 00:43:50,4,NA,NA,NA,1671.881643,1671.881643
"111",111,"PTN-Silver-eel-Mondego","A69-1601-19221","R1","VR2W-125699",40.283,-8.266,2016-01-30 04:32:27,2016-01-30 04:43:59,7,NA,NA,NA,1671.881643,1671.881643
"112",112,"PTN-Silver-eel-Mondego","A69-1601-19221","R1","VR2W-125699",40.283,-8.266,2016-01-31 22:39:10,2016-02-01 06:37:15,232,NA,NA,NA,1671.881643,1671.881643
"113",113,"PTN-Silver-eel-Mondego","A69-1601-19221","R1","VR2W-125699",40.283,-8.266,2016-02-02 02:15:54,2016-02-02 05:39:28,125,NA,NA,NA,1671.881643,1671.881643
"114",114,"PTN-Silver-eel-Mondego","A69-1601-19221","R1","VR2W-125699",40.283,-8.266,2016-02-03 01:48:12,2016-02-03 04:30:10,43,NA,NA,NA,1671.881643,1671.881643
"115",115,"PTN-Silver-eel-Mondego","A69-1601-19221","R1","VR2W-125699",40.283,-8.266,2016-02-03 06:29:54,2016-02-03 06:31:22,2,NA,NA,NA,1671.881643,1671.881643
"116",116,"PTN-Silver-eel-Mondego","A69-1601-19221","R1","VR2W-125699",40.283,-8.266,2016-02-03 18:53:53,2016-02-04 06:19:00,349,NA,NA,NA,1671.881643,1671.881643
"117",117,"PTN-Silver-eel-Mondego","A69-1601-19221","R1","VR2W-125699",40.283,-8.266,2016-02-04 22:15:02,2016-02-04 22:21:48,3,NA,NA,NA,1671.881643,1671.881643
"118",118,"PTN-Silver-eel-Mondego","A69-1601-19222","rel_mondego","none",40.295,-8.257,2015-11-13 17:00:00,2015-11-13 17:00:00,1,NA,NA,NA,0,0
"119",119,"PTN-Silver-eel-Mondego","A69-1601-19222","R1","VR2W-125699",40.283,-8.266,2015-11-14 05:32:15,2015-11-14 09:27:20,49,45135,1671.881643,0.037042,1671.881643,1671.881643
"120",120,"PTN-Silver-eel-Mondego","A69-1601-19223","rel_mondego","none",40.295,-8.257,2015-11-13 17:00:00,2015-11-13 17:00:00,1,NA,NA,NA,0,0
"121",121,"PTN-Silver-eel-Mondego","A69-1601-19223","R1","VR2W-125699",40.283,-8.266,2015-11-14 20:00:45,2015-11-14 21:19:06,63,97245,1671.881643,0.017192,1671.881643,1671.881643
"122",122,"PTN-Silver-eel-Mondego","A69-1601-19223","R2","VR2W-125700",40.208,-8.434,2016-01-04 20:22:22,2016-01-04 20:48:35,6,4402996,24952.180689,0.005667,26624.062332,26624.062332
"123",123,"PTN-Silver-eel-Mondego","A69-1601-19223","R7","VR2W-125708",40.145,-8.842,2016-01-22 19:36:32,2016-01-22 19:40:06,4,1550877,45361.332462,0.029249,71985.394794,71985.394793
"124",124,"PTN-Silver-eel-Mondego","A69-1601-19223","R8","VR2W-125704",40.145372,-8.873039,2016-01-22 21:08:07,2016-01-22 21:09:15,2,5281,2822.413272,0.534447,74807.808066,74807.808066
"125",125,"PTN-Silver-eel-Mondego","A69-1601-19224","rel_mondego","none",40.295,-8.257,2015-11-13 17:00:00,2015-11-13 17:00:00,1,NA,NA,NA,0,0
"126",126,"PTN-Silver-eel-Mondego","A69-1601-19224","R1","VR2W-125699",40.283,-8.266,2015-11-13 19:42:07,2015-11-13 21:44:40,66,9727,1671.881643,0.171881,1671.881643,1671.881643
"127",127,"PTN-Silver-eel-Mondego","A69-1601-19225","rel_mondego","none",40.295,-8.257,2015-11-13 17:00:00,2015-11-13 17:00:00,1,NA,NA,NA,0,0
"128",128,"PTN-Silver-eel-Mondego","A69-1601-19225","R1","VR2W-125699",40.283,-8.266,2015-11-14 23:02:38,2015-11-15 02:22:11,112,108158,1671.881643,0.015458,1671.881643,1671.881643
"129",129,"PTN-Silver-eel-Mondego","A69-1601-19225","R1","VR2W-125699",40.283,-8.266,2015-11-19 21:50:28,2015-11-20 00:35:37,78,NA,NA,NA,1671.881643,1671.881643
"130",130,"PTN-Silver-eel-Mondego","A69-1601-19225","R1","VR2W-125699",40.283,-8.266,2015-11-20 02:22:54,2015-11-20 04:21:25,58,NA,NA,NA,1671.881643,1671.881643
"131",131,"PTN-Silver-eel-Mondego","A69-1601-19225","R2","VR2W-125700",40.208,-8.434,2015-12-05 08:57:30,2015-12-05 08:57:30,1,1312565,24952.180689,0.01901,26624.062332,26624.062332
"132",132,"PTN-Silver-eel-Mondego","A69-1601-19225","R2","VR2W-125700",40.208,-8.434,2015-12-09 05:44:01,2015-12-09 05:44:01,1,NA,NA,NA,26624.062332,26624.062332
"133",133,"PTN-Silver-eel-Mondego","A69-1601-19225","R2","VR2W-125700",40.208,-8.434,2015-12-09 18:40:16,2015-12-09 19:39:50,26,NA,NA,NA,26624.062332,26624.062332
"134",134,"PTN-Silver-eel-Mondego","A69-1601-19226","rel_mondego","none",40.295,-8.257,2015-11-13 17:00:00,2015-11-13 17:00:00,1,NA,NA,NA,0,0
"135",135,"PTN-Silver-eel-Mondego","A69-1601-19226","R1","VR2W-125699",40.283,-8.266,2015-11-16 00:50:01,2015-11-16 06:26:43,285,201001,1671.881643,0.008318,1671.881643,1671.881643
"136",136,"PTN-Silver-eel-Mondego","A69-1601-19226","R1","VR2W-125699",40.283,-8.266,2015-11-16 18:22:53,2015-11-16 18:38:00,6,NA,NA,NA,1671.881643,1671.881643
"137",137,"PTN-Silver-eel-Mondego","A69-1601-19226","R1","VR2W-125699",40.283,-8.266,2015-12-12 22:24:26,2015-12-12 23:48:38,25,NA,NA,NA,1671.881643,1671.881643
"138",138,"PTN-Silver-eel-Mondego","A69-1601-19226","R1","VR2W-125699",40.283,-8.266,2015-12-15 02:23:26,2015-12-15 02:23:26,1,NA,NA,NA,1671.881643,1671.881643
"139",139,"PTN-Silver-eel-Mondego","A69-1601-19226","R1","VR2W-125699",40.283,-8.266,2015-12-15 18:30:50,2015-12-15 18:31:41,2,NA,NA,NA,1671.881643,1671.881643
"140",140,"PTN-Silver-eel-Mondego","A69-1601-19226","R1","VR2W-125699",40.283,-8.266,2015-12-19 03:36:43,2015-12-19 19:20:39,141,NA,NA,NA,1671.881643,1671.881643
"141",141,"PTN-Silver-eel-Mondego","A69-1601-19226","R1","VR2W-125699",40.283,-8.266,2015-12-20 02:37:41,2015-12-20 05:09:19,22,NA,NA,NA,1671.881643,1671.881643
"142",142,"PTN-Silver-eel-Mondego","A69-1601-19226","R1","VR2W-125699",40.283,-8.266,2015-12-20 06:25:20,2015-12-20 11:13:21,71,NA,NA,NA,1671.881643,1671.881643
"143",143,"PTN-Silver-eel-Mondego","A69-1601-19226","R1","VR2W-125699",40.283,-8.266,2015-12-20 17:36:34,2015-12-20 21:29:06,60,NA,NA,NA,1671.881643,1671.881643
"144",144,"PTN-Silver-eel-Mondego","A69-1601-19226","R1","VR2W-125699",40.283,-8.266,2015-12-20 22:41:56,2015-12-21 05:19:54,112,NA,NA,NA,1671.881643,1671.881643
"145",145,"PTN-Silver-eel-Mondego","A69-1601-19226","R1","VR2W-125699",40.283,-8.266,2015-12-21 06:32:53,2015-12-21 06:32:53,1,NA,NA,NA,1671.881643,1671.881643
"146",146,"PTN-Silver-eel-Mondego","A69-1601-19226","R1","VR2W-125699",40.283,-8.266,2015-12-21 11:27:52,2015-12-21 11:27:52,1,NA,NA,NA,1671.881643,1671.881643
"147",147,"PTN-Silver-eel-Mondego","A69-1601-19226","R1","VR2W-125699",40.283,-8.266,2015-12-21 15:11:05,2015-12-21 21:13:38,75,NA,NA,NA,1671.881643,1671.881643
"148",148,"PTN-Silver-eel-Mondego","A69-1601-19226","R1","VR2W-125699",40.283,-8.266,2015-12-23 03:13:48,2015-12-23 03:58:28,13,NA,NA,NA,1671.881643,1671.881643
"149",149,"PTN-Silver-eel-Mondego","A69-1601-19226","R1","VR2W-125699",40.283,-8.266,2015-12-23 05:53:29,2015-12-23 07:58:51,19,NA,NA,NA,1671.881643,1671.881643
"150",150,"PTN-Silver-eel-Mondego","A69-1601-19226","R1","VR2W-125699",40.283,-8.266,2015-12-23 10:57:46,2015-12-23 10:57:46,1,NA,NA,NA,1671.881643,1671.881643
"151",151,"PTN-Silver-eel-Mondego","A69-1601-19226","R1","VR2W-125699",40.283,-8.266,2015-12-23 22:18:34,2015-12-23 22:39:26,4,NA,NA,NA,1671.881643,1671.881643
"152",152,"PTN-Silver-eel-Mondego","A69-1601-19226","R1","VR2W-125699",40.283,-8.266,2015-12-24 05:47:26,2015-12-24 06:43:50,10,NA,NA,NA,1671.881643,1671.881643
"153",153,"PTN-Silver-eel-Mondego","A69-1601-19226","R1","VR2W-125699",40.283,-8.266,2015-12-24 12:09:38,2015-12-24 13:26:28,5,NA,NA,NA,1671.881643,1671.881643
"154",154,"PTN-Silver-eel-Mondego","A69-1601-19226","R1","VR2W-125699",40.283,-8.266,2015-12-24 14:54:01,2015-12-24 14:57:49,2,NA,NA,NA,1671.881643,1671.881643
"155",155,"PTN-Silver-eel-Mondego","A69-1601-19226","R1","VR2W-125699",40.283,-8.266,2015-12-24 18:54:23,2015-12-24 20:08:55,9,NA,NA,NA,1671.881643,1671.881643
"156",156,"PTN-Silver-eel-Mondego","A69-1601-19226","R1","VR2W-125699",40.283,-8.266,2015-12-25 01:30:24,2015-12-25 08:06:01,87,NA,NA,NA,1671.881643,1671.881643
"157",157,"PTN-Silver-eel-Mondego","A69-1601-19226","R1","VR2W-125699",40.283,-8.266,2015-12-25 09:36:59,2015-12-25 09:36:59,1,NA,NA,NA,1671.881643,1671.881643
"158",158,"PTN-Silver-eel-Mondego","A69-1601-19226","R1","VR2W-125699",40.283,-8.266,2015-12-25 10:41:23,2015-12-25 10:41:23,1,NA,NA,NA,1671.881643,1671.881643
"159",159,"PTN-Silver-eel-Mondego","A69-1601-19226","R1","VR2W-125699",40.283,-8.266,2015-12-25 13:03:04,2015-12-25 13:10:56,7,NA,NA,NA,1671.881643,1671.881643
"160",160,"PTN-Silver-eel-Mondego","A69-1601-19226","R1","VR2W-125699",40.283,-8.266,2015-12-26 11:17:19,2015-12-26 11:22:24,2,NA,NA,NA,1671.881643,1671.881643
"161",161,"PTN-Silver-eel-Mondego","A69-1601-19226","R1","VR2W-125699",40.283,-8.266,2015-12-26 14:19:02,2015-12-26 14:19:02,1,NA,NA,NA,1671.881643,1671.881643
"162",162,"PTN-Silver-eel-Mondego","A69-1601-19226","R1","VR2W-125699",40.283,-8.266,2015-12-26 15:22:25,2015-12-26 18:06:34,7,NA,NA,NA,1671.881643,1671.881643
"163",163,"PTN-Silver-eel-Mondego","A69-1601-19226","R1","VR2W-125699",40.283,-8.266,2015-12-27 00:54:30,2015-12-27 07:36:58,45,NA,NA,NA,1671.881643,1671.881643
"164",164,"PTN-Silver-eel-Mondego","A69-1601-19226","R1","VR2W-125699",40.283,-8.266,2015-12-27 08:47:14,2015-12-28 03:35:40,283,NA,NA,NA,1671.881643,1671.881643
"165",165,"PTN-Silver-eel-Mondego","A69-1601-19226","R1","VR2W-125699",40.283,-8.266,2015-12-28 06:22:01,2015-12-28 07:57:18,22,NA,NA,NA,1671.881643,1671.881643
"166",166,"PTN-Silver-eel-Mondego","A69-1601-19226","R1","VR2W-125699",40.283,-8.266,2015-12-28 11:14:57,2015-12-28 11:14:57,1,NA,NA,NA,1671.881643,1671.881643
"167",167,"PTN-Silver-eel-Mondego","A69-1601-19226","R1","VR2W-125699",40.283,-8.266,2015-12-28 17:34:30,2015-12-28 17:34:30,1,NA,NA,NA,1671.881643,1671.881643
"168",168,"PTN-Silver-eel-Mondego","A69-1601-19226","R1","VR2W-125699",40.283,-8.266,2015-12-28 20:00:36,2015-12-29 04:57:49,190,NA,NA,NA,1671.881643,1671.881643
"169",169,"PTN-Silver-eel-Mondego","A69-1601-19226","R1","VR2W-125699",40.283,-8.266,2015-12-29 06:28:50,2015-12-29 11:59:51,63,NA,NA,NA,1671.881643,1671.881643
"170",170,"PTN-Silver-eel-Mondego","A69-1601-19226","R1","VR2W-125699",40.283,-8.266,2015-12-29 14:46:13,2015-12-29 17:39:11,53,NA,NA,NA,1671.881643,1671.881643
"171",171,"PTN-Silver-eel-Mondego","A69-1601-19226","R1","VR2W-125699",40.283,-8.266,2015-12-29 18:56:11,2015-12-29 21:24:47,16,NA,NA,NA,1671.881643,1671.881643
"172",172,"PTN-Silver-eel-Mondego","A69-1601-19226","R1","VR2W-125699",40.283,-8.266,2015-12-29 22:25:53,2015-12-29 22:25:53,1,NA,NA,NA,1671.881643,1671.881643
"173",173,"PTN-Silver-eel-Mondego","A69-1601-19226","R1","VR2W-125699",40.283,-8.266,2015-12-30 07:16:46,2015-12-30 07:16:46,1,NA,NA,NA,1671.881643,1671.881643
"174",174,"PTN-Silver-eel-Mondego","A69-1601-19226","R1","VR2W-125699",40.283,-8.266,2015-12-31 17:29:59,2015-12-31 18:35:04,17,NA,NA,NA,1671.881643,1671.881643
"175",175,"PTN-Silver-eel-Mondego","A69-1601-19226","R1","VR2W-125699",40.283,-8.266,2016-01-01 21:41:10,2016-01-01 21:42:28,2,NA,NA,NA,1671.881643,1671.881643
"176",176,"PTN-Silver-eel-Mondego","A69-1601-19226","R1","VR2W-125699",40.283,-8.266,2016-01-02 16:43:24,2016-01-02 16:43:24,1,NA,NA,NA,1671.881643,1671.881643
"177",177,"PTN-Silver-eel-Mondego","A69-1601-19226","R1","VR2W-125699",40.283,-8.266,2016-01-02 18:15:18,2016-01-02 19:12:46,5,NA,NA,NA,1671.881643,1671.881643
"178",178,"PTN-Silver-eel-Mondego","A69-1601-19226","R1","VR2W-125699",40.283,-8.266,2016-01-03 04:50:21,2016-01-03 05:01:06,3,NA,NA,NA,1671.881643,1671.881643
"179",179,"PTN-Silver-eel-Mondego","A69-1601-19226","R1","VR2W-125699",40.283,-8.266,2016-01-03 09:24:49,2016-01-03 09:24:49,1,NA,NA,NA,1671.881643,1671.881643
"180",180,"PTN-Silver-eel-Mondego","A69-1601-19226","R1","VR2W-125699",40.283,-8.266,2016-01-03 11:23:24,2016-01-03 11:53:37,10,NA,NA,NA,1671.881643,1671.881643
"181",181,"PTN-Silver-eel-Mondego","A69-1601-19226","R1","VR2W-125699",40.283,-8.266,2016-01-04 02:02:07,2016-01-04 02:52:50,2,NA,NA,NA,1671.881643,1671.881643
"182",182,"PTN-Silver-eel-Mondego","A69-1601-19226","R1","VR2W-125699",40.283,-8.266,2016-01-04 17:56:56,2016-01-04 18:13:34,10,NA,NA,NA,1671.881643,1671.881643
"183",183,"PTN-Silver-eel-Mondego","A69-1601-19226","R3","VR2W-125707",40.214,-8.438,2016-01-06 22:24:03,2016-01-06 22:24:03,1,187829,25676.063437,0.136699,27347.94508,27347.94508
"184",184,"PTN-Silver-eel-Mondego","A69-1601-19226","R8","VR2W-125704",40.145372,-8.873039,2016-01-11 22:09:23,2016-01-11 22:09:23,1,431120,47459.862985,0.110085,74807.808065,74807.808066
"185",185,"PTN-Silver-eel-Mondego","A69-1601-19227","rel_mondego","none",40.295,-8.257,2015-11-13 17:00:00,2015-11-13 17:00:00,1,NA,NA,NA,0,0
"186",186,"PTN-Silver-eel-Mondego","A69-1601-19227","R1","VR2W-125699",40.283,-8.266,2015-11-14 22:15:10,2015-11-14 22:35:45,7,105310,1671.881643,0.015876,1671.881643,1671.881643
"187",187,"PTN-Silver-eel-Mondego","A69-1601-19227","R1","VR2W-125699",40.283,-8.266,2015-11-15 18:05:03,2015-11-15 21:47:28,163,NA,NA,NA,1671.881643,1671.881643
"188",188,"PTN-Silver-eel-Mondego","A69-1601-19227","R1","VR2W-125699",40.283,-8.266,2015-11-16 21:45:08,2015-11-16 21:45:08,1,NA,NA,NA,1671.881643,1671.881643
"189",189,"PTN-Silver-eel-Mondego","A69-1601-19227","R1","VR2W-125699",40.283,-8.266,2015-11-18 03:13:19,2015-11-18 04:38:49,8,NA,NA,NA,1671.881643,1671.881643
"190",190,"PTN-Silver-eel-Mondego","A69-1601-19227","R1","VR2W-125699",40.283,-8.266,2015-11-18 22:11:17,2015-11-18 22:31:17,7,NA,NA,NA,1671.881643,1671.881643
"191",191,"PTN-Silver-eel-Mondego","A69-1601-19228","rel_mondego","none",40.295,-8.257,2015-11-13 17:00:00,2015-11-13 17:00:00,1,NA,NA,NA,0,0
"192",192,"PTN-Silver-eel-Mondego","A69-1601-19228","R1","VR2W-125699",40.283,-8.266,2015-11-13 19:51:14,2015-11-13 20:05:00,14,10274,1671.881643,0.162729,1671.881643,1671.881643
"193",193,"PTN-Silver-eel-Mondego","A69-1601-19228","R2","VR2W-125700",40.208,-8.434,2015-11-26 22:49:38,2015-11-26 23:48:17,11,1133078,24952.180689,0.022022,26624.062332,26624.062332
"194",194,"PTN-Silver-eel-Mondego","A69-1601-19228","R2","VR2W-125700",40.208,-8.434,2015-11-27 02:31:02,2015-11-27 03:04:25,2,NA,NA,NA,26624.062332,26624.062332
"195",195,"PTN-Silver-eel-Mondego","A69-1601-19228","R2","VR2W-125700",40.208,-8.434,2015-11-28 03:06:54,2015-11-28 03:56:13,40,NA,NA,NA,26624.062332,26624.062332
"196",196,"PTN-Silver-eel-Mondego","A69-1601-19228","R4","VR2W-125706",40.185,-8.615,2015-12-03 05:00:04,2015-12-03 05:39:52,25,435831,17679.905026,0.040566,44303.967358,44303.967358
"197",197,"PTN-Silver-eel-Mondego","A69-1601-19229","rel_mondego","none",40.295,-8.257,2015-11-13 17:00:00,2015-11-13 17:00:00,1,NA,NA,NA,0,0
"198",198,"PTN-Silver-eel-Mondego","A69-1601-19230","rel_mondego","none",40.295,-8.257,2015-12-02 17:00:00,2015-12-02 17:00:00,1,NA,NA,NA,0,0
"199",199,"PTN-Silver-eel-Mondego","A69-1601-19230","R1","VR2W-125699",40.283,-8.266,2015-12-05 23:05:43,2015-12-05 23:20:51,17,281143,1671.881643,0.005947,1671.881643,1671.881643
"200",200,"PTN-Silver-eel-Mondego","A69-1601-19230","R2","VR2W-125700",40.208,-8.434,2016-01-02 18:09:02,2016-01-02 19:14:33,28,2400491,24952.180689,0.010395,26624.062332,26624.062332
"201",201,"PTN-Silver-eel-Mondego","A69-1601-19230","R4","VR2W-125706",40.185,-8.615,2016-01-03 20:34:43,2016-01-03 20:43:11,6,91210,17679.905026,0.193837,44303.967358,44303.967358
"202",202,"PTN-Silver-eel-Mondego","A69-1601-19230","R7","VR2W-125708",40.145,-8.842,2016-01-05 02:19:44,2016-01-05 02:27:20,3,106593,27681.427435,0.259693,71985.394793,71985.394793
"203",203,"PTN-Silver-eel-Mondego","A69-1601-19230","R7","VR2W-125708",40.145,-8.842,2016-01-05 15:22:03,2016-01-05 15:27:31,6,NA,NA,NA,71985.394793,71985.394793
"204",204,"PTN-Silver-eel-Mondego","A69-1601-19233","rel_mondego","none",40.295,-8.257,2014-12-23 17:00:00,2014-12-23 17:00:00,1,NA,NA,NA,0,0
"205",205,"PTN-Silver-eel-Mondego","A69-1601-19233","R1","VR2W-125699",40.283,-8.266,2014-12-23 18:06:16,2014-12-23 18:26:47,12,3976,1671.881643,0.420493,1671.881643,1671.881643
"206",206,"PTN-Silver-eel-Mondego","A69-1601-19233","R3","VR2W-125707",40.214,-8.438,2015-01-23 21:04:51,2015-01-23 22:28:15,19,2687884,25676.063437,0.009553,27347.94508,27347.94508
"207",207,"PTN-Silver-eel-Mondego","A69-1601-19233","R2","VR2W-125700",40.208,-8.434,2015-01-27 21:12:32,2015-01-27 21:23:43,2,341057,723.882749,0.002122,28071.827829,26624.062332
"208",208,"PTN-Silver-eel-Mondego","A69-1601-19233","R5","VR2W-125701",40.145,-8.836,2015-01-31 17:45:46,2015-01-31 17:57:20,5,332523,44820.259785,0.134788,72892.087614,71444.322117
"209",209,"PTN-Silver-eel-Mondego","A69-1601-19235","rel_mondego","none",40.295,-8.257,2015-11-13 17:00:00,2015-11-13 17:00:00,1,NA,NA,NA,0,0
"210",210,"PTN-Silver-eel-Mondego","A69-1601-19236","rel_mondego","none",40.295,-8.257,2015-11-13 17:00:00,2015-11-13 17:00:00,1,NA,NA,NA,0,0
"211",211,"PTN-Silver-eel-Mondego","A69-1601-19237","rel_mondego","none",40.295,-8.257,2015-11-13 17:00:00,2015-11-13 17:00:00,1,NA,NA,NA,0,0
"212",212,"PTN-Silver-eel-Mondego","A69-1601-19237","R1","VR2W-125699",40.283,-8.266,2015-11-15 23:31:03,2015-11-15 23:42:11,9,196263,1671.881643,0.008519,1671.881643,1671.881643
"213",213,"PTN-Silver-eel-Mondego","A69-1601-19239","rel_mondego","none",40.295,-8.257,2014-11-26 17:00:00,2014-11-26 17:00:00,1,NA,NA,NA,0,0
"214",214,"PTN-Silver-eel-Mondego","A69-1601-19239","R1","VR2W-125699",40.283,-8.266,2014-11-26 20:20:18,2014-11-26 20:28:05,9,12018,1671.881643,0.139115,1671.881643,1671.881643
"215",215,"PTN-Silver-eel-Mondego","A69-1601-19240","rel_mondego","none",40.295,-8.257,2014-12-23 17:00:00,2014-12-23 17:00:00,1,NA,NA,NA,0,0
"216",216,"PTN-Silver-eel-Mondego","A69-1601-19240","R1","VR2W-125699",40.283,-8.266,2015-01-07 04:36:21,2015-01-07 04:55:44,11,1251381,1671.881643,0.001336,1671.881643,1671.881643
"217",217,"PTN-Silver-eel-Mondego","A69-1601-19240","R3","VR2W-125707",40.214,-8.438,2015-01-30 16:27:34,2015-01-30 17:25:06,30,2028710,25676.063437,0.012656,27347.94508,27347.94508
"218",218,"PTN-Silver-eel-Mondego","A69-1601-19240","R4","VR2W-125706",40.185,-8.615,2015-01-30 22:33:51,2015-01-30 22:33:51,1,18525,16956.022277,0.915305,44303.967357,44303.967358
"219",219,"PTN-Silver-eel-Mondego","A69-1601-19240","R5","VR2W-125701",40.145,-8.836,2015-01-31 16:47:48,2015-01-31 16:56:30,5,65637,27140.354759,0.413492,71444.322116,71444.322117
"220",220,"PTN-Silver-eel-Mondego","A69-1601-19242","rel_mondego","none",40.295,-8.257,2015-11-13 17:00:00,2015-11-13 17:00:00,1,NA,NA,NA,0,0
"221",221,"PTN-Silver-eel-Mondego","A69-1601-19242","R1","VR2W-125699",40.283,-8.266,2015-11-17 05:13:07,2015-11-17 05:59:24,5,303187,1671.881643,0.005514,1671.881643,1671.881643
"222",222,"PTN-Silver-eel-Mondego","A69-1601-19242","R1","VR2W-125699",40.283,-8.266,2015-11-18 18:30:13,2015-11-18 19:41:09,30,NA,NA,NA,1671.881643,1671.881643
"223",223,"PTN-Silver-eel-Mondego","A69-1601-19242","R1","VR2W-125699",40.283,-8.266,2015-11-18 20:44:00,2015-11-18 20:55:47,3,NA,NA,NA,1671.881643,1671.881643
"224",224,"PTN-Silver-eel-Mondego","A69-1601-19242","R1","VR2W-125699",40.283,-8.266,2015-11-19 03:09:07,2015-11-19 04:58:31,36,NA,NA,NA,1671.881643,1671.881643
"225",225,"PTN-Silver-eel-Mondego","A69-1601-19242","R1","VR2W-125699",40.283,-8.266,2015-11-19 23:54:52,2015-11-20 00:50:04,21,NA,NA,NA,1671.881643,1671.881643
"226",226,"PTN-Silver-eel-Mondego","A69-1601-19242","R1","VR2W-125699",40.283,-8.266,2015-11-20 02:42:58,2015-11-20 06:27:05,84,NA,NA,NA,1671.881643,1671.881643
"227",227,"PTN-Silver-eel-Mondego","A69-1601-19242","R1","VR2W-125699",40.283,-8.266,2015-11-21 13:48:54,2015-11-21 15:02:04,16,NA,NA,NA,1671.881643,1671.881643
"228",228,"PTN-Silver-eel-Mondego","A69-1601-19242","R1","VR2W-125699",40.283,-8.266,2015-11-21 16:08:11,2015-11-21 16:37:14,9,NA,NA,NA,1671.881643,1671.881643
"229",229,"PTN-Silver-eel-Mondego","A69-1601-19242","R1","VR2W-125699",40.283,-8.266,2015-11-21 18:34:45,2015-11-21 20:28:16,78,NA,NA,NA,1671.881643,1671.881643
"230",230,"PTN-Silver-eel-Mondego","A69-1601-19242","R1","VR2W-125699",40.283,-8.266,2015-11-21 21:43:26,2015-11-22 05:29:04,151,NA,NA,NA,1671.881643,1671.881643
"231",231,"PTN-Silver-eel-Mondego","A69-1601-19242","R1","VR2W-125699",40.283,-8.266,2015-11-22 13:55:41,2015-11-22 13:55:41,1,NA,NA,NA,1671.881643,1671.881643
"232",232,"PTN-Silver-eel-Mondego","A69-1601-19242","R1","VR2W-125699",40.283,-8.266,2015-11-22 15:03:08,2015-11-22 16:24:22,17,NA,NA,NA,1671.881643,1671.881643
"233",233,"PTN-Silver-eel-Mondego","A69-1601-19242","R1","VR2W-125699",40.283,-8.266,2015-11-22 18:10:35,2015-11-22 18:48:32,3,NA,NA,NA,1671.881643,1671.881643
"234",234,"PTN-Silver-eel-Mondego","A69-1601-19242","R1","VR2W-125699",40.283,-8.266,2015-11-23 00:44:27,2015-11-23 02:43:27,62,NA,NA,NA,1671.881643,1671.881643
"235",235,"PTN-Silver-eel-Mondego","A69-1601-19242","R1","VR2W-125699",40.283,-8.266,2015-12-01 03:37:11,2015-12-01 06:50:47,147,NA,NA,NA,1671.881643,1671.881643
"236",236,"PTN-Silver-eel-Mondego","A69-1601-19242","R1","VR2W-125699",40.283,-8.266,2015-12-01 08:06:37,2015-12-01 08:06:37,1,NA,NA,NA,1671.881643,1671.881643
"237",237,"PTN-Silver-eel-Mondego","A69-1601-19242","R1","VR2W-125699",40.283,-8.266,2015-12-01 09:56:07,2015-12-01 10:02:08,2,NA,NA,NA,1671.881643,1671.881643
"238",238,"PTN-Silver-eel-Mondego","A69-1601-19242","R1","VR2W-125699",40.283,-8.266,2015-12-01 12:25:26,2015-12-01 12:26:55,2,NA,NA,NA,1671.881643,1671.881643
"239",239,"PTN-Silver-eel-Mondego","A69-1601-19242","R1","VR2W-125699",40.283,-8.266,2015-12-01 14:02:19,2015-12-01 14:34:01,2,NA,NA,NA,1671.881643,1671.881643
"240",240,"PTN-Silver-eel-Mondego","A69-1601-19242","R1","VR2W-125699",40.283,-8.266,2015-12-01 18:45:02,2015-12-01 18:48:21,2,NA,NA,NA,1671.881643,1671.881643
"241",241,"PTN-Silver-eel-Mondego","A69-1601-19242","R1","VR2W-125699",40.283,-8.266,2015-12-01 20:54:02,2015-12-01 21:02:00,3,NA,NA,NA,1671.881643,1671.881643
"242",242,"PTN-Silver-eel-Mondego","A69-1601-19242","R1","VR2W-125699",40.283,-8.266,2015-12-02 04:28:08,2015-12-17 08:18:26,17779,NA,NA,NA,1671.881643,1671.881643
"243",243,"PTN-Silver-eel-Mondego","A69-1601-19242","R1","VR2W-125699",40.283,-8.266,2015-12-17 09:48:52,2015-12-19 20:12:23,1647,NA,NA,NA,1671.881643,1671.881643
"244",244,"PTN-Silver-eel-Mondego","A69-1601-19242","R1","VR2W-125699",40.283,-8.266,2015-12-19 22:27:28,2015-12-21 22:16:54,1220,NA,NA,NA,1671.881643,1671.881643
"245",245,"PTN-Silver-eel-Mondego","A69-1601-19242","R1","VR2W-125699",40.283,-8.266,2015-12-21 23:20:36,2015-12-22 01:25:26,27,NA,NA,NA,1671.881643,1671.881643
"246",246,"PTN-Silver-eel-Mondego","A69-1601-19242","R1","VR2W-125699",40.283,-8.266,2015-12-22 02:45:14,2015-12-22 05:27:05,9,NA,NA,NA,1671.881643,1671.881643
"247",247,"PTN-Silver-eel-Mondego","A69-1601-19242","R1","VR2W-125699",40.283,-8.266,2015-12-22 06:43:22,2015-12-28 08:01:53,5848,NA,NA,NA,1671.881643,1671.881643
"248",248,"PTN-Silver-eel-Mondego","A69-1601-19242","R1","VR2W-125699",40.283,-8.266,2015-12-28 09:09:34,2015-12-28 15:23:24,258,NA,NA,NA,1671.881643,1671.881643
"249",249,"PTN-Silver-eel-Mondego","A69-1601-19242","R1","VR2W-125699",40.283,-8.266,2015-12-28 16:28:27,2015-12-29 01:05:11,243,NA,NA,NA,1671.881643,1671.881643
"250",250,"PTN-Silver-eel-Mondego","A69-1601-19242","R1","VR2W-125699",40.283,-8.266,2015-12-29 03:33:40,2016-01-01 12:46:20,3739,NA,NA,NA,1671.881643,1671.881643
"251",251,"PTN-Silver-eel-Mondego","A69-1601-19242","R1","VR2W-125699",40.283,-8.266,2016-01-01 14:02:04,2016-01-01 19:18:16,236,NA,NA,NA,1671.881643,1671.881643
"252",252,"PTN-Silver-eel-Mondego","A69-1601-19242","R1","VR2W-125699",40.283,-8.266,2016-01-02 04:02:16,2016-01-02 18:58:02,782,NA,NA,NA,1671.881643,1671.881643
"253",253,"PTN-Silver-eel-Mondego","A69-1601-19242","R2","VR2W-125700",40.208,-8.434,2016-01-04 22:31:28,2016-01-04 22:48:23,7,185606,24952.180689,0.134436,26624.062332,26624.062332
"254",254,"PTN-Silver-eel-Mondego","A69-1601-19242","R7","VR2W-125708",40.145,-8.842,2016-01-05 16:36:45,2016-01-05 16:42:09,6,64102,45361.332462,0.707643,71985.394794,71985.394793
"255",255,"PTN-Silver-eel-Mondego","A69-1601-19242","R8","VR2W-125704",40.145372,-8.873039,2016-01-05 18:16:41,2016-01-05 18:16:41,1,5672,2822.413272,0.497605,74807.808066,74807.808066
"256",256,"PTN-Silver-eel-Mondego","A69-1601-19244","rel_mondego","none",40.295,-8.257,2014-12-23 17:00:00,2014-12-23 17:00:00,1,NA,NA,NA,0,0
"257",257,"PTN-Silver-eel-Mondego","A69-1601-19244","R1","VR2W-125699",40.283,-8.266,2015-01-12 18:57:39,2015-01-12 19:05:21,7,1735059,1671.881643,0.000964,1671.881643,1671.881643
"258",258,"PTN-Silver-eel-Mondego","A69-1601-19244","R3","VR2W-125707",40.214,-8.438,2015-01-18 23:59:24,2015-01-19 00:30:13,26,536043,25676.063437,0.047899,27347.94508,27347.94508
"259",259,"PTN-Silver-eel-Mondego","A69-1601-19244","R4","VR2W-125706",40.185,-8.615,2015-01-29 19:29:53,2015-01-29 19:29:53,1,932380,16956.022277,0.018186,44303.967357,44303.967358
"260",260,"PTN-Silver-eel-Mondego","A69-1601-19244","R5","VR2W-125701",40.145,-8.836,2015-01-31 04:46:01,2015-01-31 05:12:39,6,119768,27140.354759,0.226608,71444.322116,71444.322117
"261",261,"PTN-Silver-eel-Mondego","A69-1601-19244","R7","VR2W-125708",40.145,-8.842,2015-01-31 07:42:33,2015-01-31 07:42:33,1,8994,541.072677,0.060159,71985.394793,71985.394793
"262",262,"PTN-Silver-eel-Mondego","A69-1601-19245","rel_mondego","none",40.295,-8.257,2014-12-23 17:00:00,2014-12-23 17:00:00,1,NA,NA,NA,0,0
"263",263,"PTN-Silver-eel-Mondego","A69-1601-19245","R1","VR2W-125699",40.283,-8.266,2014-12-23 18:35:07,2014-12-23 18:40:31,5,5707,1671.881643,0.292953,1671.881643,1671.881643
"264",264,"PTN-Silver-eel-Mondego","A69-1601-19245","R3","VR2W-125707",40.214,-8.438,2015-01-04 00:45:49,2015-01-04 01:51:52,19,972318,25676.063437,0.026407,27347.94508,27347.94508
"265",265,"PTN-Silver-eel-Mondego","A69-1601-19245","R3","VR2W-125707",40.214,-8.438,2015-01-16 21:09:48,2015-01-16 22:42:16,79,NA,NA,NA,27347.94508,27347.94508
"266",266,"PTN-Silver-eel-Mondego","A69-1601-19245","R4","VR2W-125706",40.185,-8.615,2015-01-17 05:09:02,2015-01-17 05:09:02,1,23206,16956.022277,0.730674,44303.967357,44303.967358
"267",267,"PTN-Silver-eel-Mondego","A69-1601-19245","R5","VR2W-125701",40.145,-8.836,2015-01-18 19:27:26,2015-01-18 19:52:55,6,137904,27140.354759,0.196806,71444.322116,71444.322117
"268",268,"PTN-Silver-eel-Mondego","A69-1601-19246","rel_mondego","none",40.295,-8.257,2014-10-26 17:00:00,2014-10-26 17:00:00,1,NA,NA,NA,0,0
"269",269,"PTN-Silver-eel-Mondego","A69-1601-19246","R1","VR2W-125699",40.283,-8.266,2014-10-30 02:47:45,2014-10-30 03:26:52,26,294465,1671.881643,0.005678,1671.881643,1671.881643
"270",270,"PTN-Silver-eel-Mondego","A69-1601-19246","R1","VR2W-125699",40.283,-8.266,2014-10-30 04:57:43,2014-10-30 04:57:43,1,NA,NA,NA,1671.881643,1671.881643
"271",271,"PTN-Silver-eel-Mondego","A69-1601-19246","R1","VR2W-125699",40.283,-8.266,2014-10-30 06:12:16,2014-10-30 06:12:58,2,NA,NA,NA,1671.881643,1671.881643
"272",272,"PTN-Silver-eel-Mondego","A69-1601-19246","R1","VR2W-125699",40.283,-8.266,2014-10-30 07:32:45,2014-10-30 07:32:45,1,NA,NA,NA,1671.881643,1671.881643
"273",273,"PTN-Silver-eel-Mondego","A69-1601-19246","R1","VR2W-125699",40.283,-8.266,2014-10-31 13:21:34,2014-10-31 14:11:51,10,NA,NA,NA,1671.881643,1671.881643
"274",274,"PTN-Silver-eel-Mondego","A69-1601-19246","R1","VR2W-125699",40.283,-8.266,2014-10-31 23:10:20,2014-11-01 05:59:30,249,NA,NA,NA,1671.881643,1671.881643
"275",275,"PTN-Silver-eel-Mondego","A69-1601-19246","R1","VR2W-125699",40.283,-8.266,2014-11-01 13:03:57,2014-11-01 13:03:57,1,NA,NA,NA,1671.881643,1671.881643
"276",276,"PTN-Silver-eel-Mondego","A69-1601-19246","R1","VR2W-125699",40.283,-8.266,2014-11-02 00:28:21,2014-11-02 00:43:56,8,NA,NA,NA,1671.881643,1671.881643
"277",277,"PTN-Silver-eel-Mondego","A69-1601-19247","rel_mondego","none",40.295,-8.257,2014-10-26 17:00:00,2014-10-26 17:00:00,1,NA,NA,NA,0,0
"278",278,"PTN-Silver-eel-Mondego","A69-1601-19247","R1","VR2W-125699",40.283,-8.266,2014-10-30 21:33:56,2014-10-30 23:02:07,54,362036,1671.881643,0.004618,1671.881643,1671.881643
"279",279,"PTN-Silver-eel-Mondego","A69-1601-19248","rel_mondego","none",40.295,-8.257,2014-10-26 17:00:00,2014-10-26 17:00:00,1,NA,NA,NA,0,0
"280",280,"PTN-Silver-eel-Mondego","A69-1601-19248","R1","VR2W-125699",40.283,-8.266,2014-10-27 09:15:52,2014-10-29 10:54:18,2633,58552,1671.881643,0.028554,1671.881643,1671.881643
"281",281,"PTN-Silver-eel-Mondego","A69-1601-19248","R1","VR2W-125699",40.283,-8.266,2014-10-29 21:18:08,2014-10-29 22:25:18,57,NA,NA,NA,1671.881643,1671.881643
"282",282,"PTN-Silver-eel-Mondego","A69-1601-19248","R1","VR2W-125699",40.283,-8.266,2014-10-30 09:17:00,2014-10-30 11:24:39,113,NA,NA,NA,1671.881643,1671.881643
"283",283,"PTN-Silver-eel-Mondego","A69-1601-19248","R1","VR2W-125699",40.283,-8.266,2014-10-30 21:13:19,2014-10-30 22:23:15,56,NA,NA,NA,1671.881643,1671.881643
"284",284,"PTN-Silver-eel-Mondego","A69-1601-19248","R1","VR2W-125699",40.283,-8.266,2014-10-31 10:20:26,2014-10-31 11:26:22,58,NA,NA,NA,1671.881643,1671.881643
"285",285,"PTN-Silver-eel-Mondego","A69-1601-19248","R1","VR2W-125699",40.283,-8.266,2014-10-31 20:13:40,2014-10-31 22:54:40,134,NA,NA,NA,1671.881643,1671.881643
"286",286,"PTN-Silver-eel-Mondego","A69-1601-19248","R1","VR2W-125699",40.283,-8.266,2014-11-01 10:19:50,2014-11-01 12:39:54,110,NA,NA,NA,1671.881643,1671.881643
"287",287,"PTN-Silver-eel-Mondego","A69-1601-19248","R1","VR2W-125699",40.283,-8.266,2014-11-01 21:08:18,2014-11-01 22:31:12,78,NA,NA,NA,1671.881643,1671.881643
"288",288,"PTN-Silver-eel-Mondego","A69-1601-19248","R1","VR2W-125699",40.283,-8.266,2014-11-02 10:17:14,2014-11-02 11:28:09,65,NA,NA,NA,1671.881643,1671.881643
"289",289,"PTN-Silver-eel-Mondego","A69-1601-19248","R1","VR2W-125699",40.283,-8.266,2014-11-02 18:56:55,2014-11-02 20:27:14,75,NA,NA,NA,1671.881643,1671.881643
"290",290,"PTN-Silver-eel-Mondego","A69-1601-19248","R1","VR2W-125699",40.283,-8.266,2014-11-03 09:21:50,2014-11-03 11:28:57,101,NA,NA,NA,1671.881643,1671.881643
"291",291,"PTN-Silver-eel-Mondego","A69-1601-19248","R1","VR2W-125699",40.283,-8.266,2014-11-04 09:13:13,2014-11-04 11:23:46,69,NA,NA,NA,1671.881643,1671.881643
"292",292,"PTN-Silver-eel-Mondego","A69-1601-19248","R1","VR2W-125699",40.283,-8.266,2014-11-04 20:16:40,2014-11-04 21:22:34,28,NA,NA,NA,1671.881643,1671.881643
"293",293,"PTN-Silver-eel-Mondego","A69-1601-19248","R1","VR2W-125699",40.283,-8.266,2014-11-05 09:11:03,2014-11-05 11:30:37,121,NA,NA,NA,1671.881643,1671.881643
"294",294,"PTN-Silver-eel-Mondego","A69-1601-19248","R1","VR2W-125699",40.283,-8.266,2014-11-05 20:11:08,2014-11-05 21:14:53,30,NA,NA,NA,1671.881643,1671.881643
"295",295,"PTN-Silver-eel-Mondego","A69-1601-19248","R1","VR2W-125699",40.283,-8.266,2014-11-06 09:14:50,2014-11-06 11:27:36,106,NA,NA,NA,1671.881643,1671.881643
"296",296,"PTN-Silver-eel-Mondego","A69-1601-19248","R1","VR2W-125699",40.283,-8.266,2014-11-06 20:03:00,2014-11-06 21:32:05,59,NA,NA,NA,1671.881643,1671.881643
"297",297,"PTN-Silver-eel-Mondego","A69-1601-19248","R1","VR2W-125699",40.283,-8.266,2014-11-07 10:16:19,2014-11-07 12:27:13,104,NA,NA,NA,1671.881643,1671.881643
"298",298,"PTN-Silver-eel-Mondego","A69-1601-19248","R1","VR2W-125699",40.283,-8.266,2014-11-07 16:13:09,2014-11-08 00:07:47,126,NA,NA,NA,1671.881643,1671.881643
"299",299,"PTN-Silver-eel-Mondego","A69-1601-19248","R1","VR2W-125699",40.283,-8.266,2014-11-08 10:07:58,2014-11-08 11:30:10,42,NA,NA,NA,1671.881643,1671.881643
"300",300,"PTN-Silver-eel-Mondego","A69-1601-19248","R1","VR2W-125699",40.283,-8.266,2014-11-08 19:03:19,2014-11-08 21:28:10,117,NA,NA,NA,1671.881643,1671.881643
"301",301,"PTN-Silver-eel-Mondego","A69-1601-19248","R1","VR2W-125699",40.283,-8.266,2014-11-09 10:07:15,2014-11-09 12:27:21,70,NA,NA,NA,1671.881643,1671.881643
"302",302,"PTN-Silver-eel-Mondego","A69-1601-19248","R1","VR2W-125699",40.283,-8.266,2014-11-09 20:09:14,2014-11-09 21:43:38,78,NA,NA,NA,1671.881643,1671.881643
"303",303,"PTN-Silver-eel-Mondego","A69-1601-19248","R1","VR2W-125699",40.283,-8.266,2014-11-10 09:18:41,2014-11-10 11:41:05,70,NA,NA,NA,1671.881643,1671.881643
"304",304,"PTN-Silver-eel-Mondego","A69-1601-19248","R1","VR2W-125699",40.283,-8.266,2014-11-10 15:01:18,2014-11-10 19:40:49,99,NA,NA,NA,1671.881643,1671.881643
"305",305,"PTN-Silver-eel-Mondego","A69-1601-19248","R1","VR2W-125699",40.283,-8.266,2014-11-10 22:06:15,2014-11-10 22:31:35,2,NA,NA,NA,1671.881643,1671.881643
"306",306,"PTN-Silver-eel-Mondego","A69-1601-19248","R1","VR2W-125699",40.283,-8.266,2014-11-11 07:29:20,2014-11-11 08:50:36,45,NA,NA,NA,1671.881643,1671.881643
"307",307,"PTN-Silver-eel-Mondego","A69-1601-19248","R1","VR2W-125699",40.283,-8.266,2014-11-11 09:55:35,2014-11-11 09:57:23,3,NA,NA,NA,1671.881643,1671.881643
"308",308,"PTN-Silver-eel-Mondego","A69-1601-19248","R1","VR2W-125699",40.283,-8.266,2014-11-11 12:03:10,2014-11-11 12:03:10,1,NA,NA,NA,1671.881643,1671.881643
"309",309,"PTN-Silver-eel-Mondego","A69-1601-19248","R1","VR2W-125699",40.283,-8.266,2014-11-11 13:51:07,2014-11-11 13:51:07,1,NA,NA,NA,1671.881643,1671.881643
"310",310,"PTN-Silver-eel-Mondego","A69-1601-19248","R1","VR2W-125699",40.283,-8.266,2014-11-11 15:02:45,2014-11-11 15:02:45,1,NA,NA,NA,1671.881643,1671.881643
"311",311,"PTN-Silver-eel-Mondego","A69-1601-19248","R1","VR2W-125699",40.283,-8.266,2014-11-11 16:05:34,2014-11-11 16:46:29,4,NA,NA,NA,1671.881643,1671.881643
"312",312,"PTN-Silver-eel-Mondego","A69-1601-19248","R1","VR2W-125699",40.283,-8.266,2014-11-11 18:21:38,2014-11-11 18:21:38,1,NA,NA,NA,1671.881643,1671.881643
"313",313,"PTN-Silver-eel-Mondego","A69-1601-19248","R1","VR2W-125699",40.283,-8.266,2014-11-11 21:35:03,2014-11-11 21:43:34,4,NA,NA,NA,1671.881643,1671.881643
"314",314,"PTN-Silver-eel-Mondego","A69-1601-19248","R1","VR2W-125699",40.283,-8.266,2014-11-12 07:01:28,2014-11-12 18:46:31,92,NA,NA,NA,1671.881643,1671.881643
"315",315,"PTN-Silver-eel-Mondego","A69-1601-19248","R1","VR2W-125699",40.283,-8.266,2014-11-12 21:06:48,2014-11-12 21:06:48,1,NA,NA,NA,1671.881643,1671.881643
"316",316,"PTN-Silver-eel-Mondego","A69-1601-19248","R1","VR2W-125699",40.283,-8.266,2014-11-12 22:08:37,2014-11-12 23:03:10,2,NA,NA,NA,1671.881643,1671.881643
"317",317,"PTN-Silver-eel-Mondego","A69-1601-19248","R1","VR2W-125699",40.283,-8.266,2014-11-13 06:14:16,2014-11-13 07:13:03,4,NA,NA,NA,1671.881643,1671.881643
"318",318,"PTN-Silver-eel-Mondego","A69-1601-19248","R1","VR2W-125699",40.283,-8.266,2014-11-13 10:50:34,2014-11-13 10:50:34,1,NA,NA,NA,1671.881643,1671.881643
"319",319,"PTN-Silver-eel-Mondego","A69-1601-19248","R1","VR2W-125699",40.283,-8.266,2014-11-13 14:15:14,2014-11-13 14:15:14,1,NA,NA,NA,1671.881643,1671.881643
"320",320,"PTN-Silver-eel-Mondego","A69-1601-19248","R1","VR2W-125699",40.283,-8.266,2014-11-13 15:33:27,2014-11-13 15:33:27,1,NA,NA,NA,1671.881643,1671.881643
"321",321,"PTN-Silver-eel-Mondego","A69-1601-19248","R1","VR2W-125699",40.283,-8.266,2014-11-13 23:41:32,2014-11-13 23:41:32,1,NA,NA,NA,1671.881643,1671.881643
"322",322,"PTN-Silver-eel-Mondego","A69-1601-19248","R1","VR2W-125699",40.283,-8.266,2014-11-14 09:04:32,2014-11-14 09:04:32,1,NA,NA,NA,1671.881643,1671.881643
"323",323,"PTN-Silver-eel-Mondego","A69-1601-19248","R1","VR2W-125699",40.283,-8.266,2014-11-28 23:26:19,2014-11-28 23:26:19,1,NA,NA,NA,1671.881643,1671.881643
"324",324,"PTN-Silver-eel-Mondego","A69-1601-19248","R1","VR2W-125699",40.283,-8.266,2014-12-05 17:10:44,2014-12-05 17:10:44,1,NA,NA,NA,1671.881643,1671.881643
"325",325,"PTN-Silver-eel-Mondego","A69-1601-19248","R1","VR2W-125699",40.283,-8.266,2014-12-10 19:39:38,2014-12-10 19:45:10,3,NA,NA,NA,1671.881643,1671.881643
"326",326,"PTN-Silver-eel-Mondego","A69-1601-19248","R1","VR2W-125699",40.283,-8.266,2014-12-10 21:54:09,2014-12-10 22:22:16,3,NA,NA,NA,1671.881643,1671.881643
"327",327,"PTN-Silver-eel-Mondego","A69-1601-19248","R1","VR2W-125699",40.283,-8.266,2014-12-11 12:41:42,2014-12-11 12:41:42,1,NA,NA,NA,1671.881643,1671.881643
"328",328,"PTN-Silver-eel-Mondego","A69-1601-19248","R1","VR2W-125699",40.283,-8.266,2014-12-12 16:32:24,2014-12-12 16:32:24,1,NA,NA,NA,1671.881643,1671.881643
"329",329,"PTN-Silver-eel-Mondego","A69-1601-19248","R1","VR2W-125699",40.283,-8.266,2014-12-15 08:16:52,2014-12-15 08:16:52,1,NA,NA,NA,1671.881643,1671.881643
"330",330,"PTN-Silver-eel-Mondego","A69-1601-19249","rel_mondego","none",40.295,-8.257,2014-10-26 17:00:00,2014-10-26 17:00:00,1,NA,NA,NA,0,0
"331",331,"PTN-Silver-eel-Mondego","A69-1601-19249","R1","VR2W-125699",40.283,-8.266,2015-04-25 20:57:00,2015-04-25 20:57:00,1,15652620,1671.881643,0.000107,1671.881643,1671.881643
"332",332,"PTN-Silver-eel-Mondego","A69-1601-19249","R1","VR2W-125699",40.283,-8.266,2015-04-26 20:52:00,2015-04-27 00:43:00,42,NA,NA,NA,1671.881643,1671.881643
"333",333,"PTN-Silver-eel-Mondego","A69-1601-19249","R1","VR2W-125699",40.283,-8.266,2015-04-28 21:24:00,2015-04-28 22:28:00,11,NA,NA,NA,1671.881643,1671.881643
"334",334,"PTN-Silver-eel-Mondego","A69-1601-19250","rel_mondego","none",40.295,-8.257,2014-10-26 17:00:00,2014-10-26 17:00:00,1,NA,NA,NA,0,0
"335",335,"PTN-Silver-eel-Mondego","A69-1601-19250","R1","VR2W-125699",40.283,-8.266,2014-10-28 01:35:05,2014-10-28 02:01:03,21,117305,1671.881643,0.014252,1671.881643,1671.881643
"336",336,"PTN-Silver-eel-Mondego","A69-1601-19251","rel_mondego","none",40.295,-8.257,2014-10-26 17:00:00,2014-10-26 17:00:00,1,NA,NA,NA,0,0
"337",337,"PTN-Silver-eel-Mondego","A69-1601-19251","R1","VR2W-125699",40.283,-8.266,2014-11-01 19:36:45,2014-11-01 19:45:00,6,527805,1671.881643,0.003168,1671.881643,1671.881643
"338",338,"PTN-Silver-eel-Mondego","A69-1601-19252","rel_mondego","none",40.295,-8.257,2014-10-26 17:00:00,2014-10-26 17:00:00,1,NA,NA,NA,0,0
"339",339,"PTN-Silver-eel-Mondego","A69-1601-19252","R1","VR2W-125699",40.283,-8.266,2014-11-05 03:41:32,2014-11-05 04:03:28,23,816092,1671.881643,0.002049,1671.881643,1671.881643
"340",340,"PTN-Silver-eel-Mondego","A69-1601-19252","R3","VR2W-125707",40.214,-8.438,2014-11-15 22:40:42,2014-11-15 23:09:45,15,931034,25676.063437,0.027578,27347.94508,27347.94508
"341",341,"PTN-Silver-eel-Mondego","A69-1601-19252","R5","VR2W-125701",40.145,-8.836,2014-12-26 20:31:18,2014-12-26 20:44:58,11,3532893,44096.377036,0.012482,71444.322116,71444.322117
"342",342,"PTN-Silver-eel-Mondego","A69-1601-19252","R8","VR2W-125704",40.145372,-8.873039,2014-12-26 21:23:34,2014-12-26 21:24:35,2,2316,3363.485949,1.452282,74807.808065,74807.808066
"343",343,"PTN-Silver-eel-Mondego","A69-1601-19254","rel_mondego","none",40.295,-8.257,2014-10-26 17:00:00,2014-10-26 17:00:00,1,NA,NA,NA,0,0
"344",344,"PTN-Silver-eel-Mondego","A69-1601-19254","R1","VR2W-125699",40.283,-8.266,2014-10-28 08:31:45,2014-10-28 13:59:17,231,142305,1671.881643,0.011749,1671.881643,1671.881643
"345",345,"PTN-Silver-eel-Mondego","A69-1601-19255","rel_mondego","none",40.295,-8.257,2014-10-26 17:00:00,2014-10-26 17:00:00,1,NA,NA,NA,0,0
"346",346,"PTN-Silver-eel-Mondego","A69-1601-19255","R1","VR2W-125699",40.283,-8.266,2014-10-28 23:52:55,2014-10-29 00:29:36,27,197575,1671.881643,0.008462,1671.881643,1671.881643
"347",347,"PTN-Silver-eel-Mondego","A69-1601-19255","R1","VR2W-125699",40.283,-8.266,2014-10-31 19:09:22,2014-10-31 21:54:24,21,NA,NA,NA,1671.881643,1671.881643
"348",348,"PTN-Silver-eel-Mondego","A69-1601-19255","R1","VR2W-125699",40.283,-8.266,2014-10-31 23:01:09,2014-11-01 06:58:07,278,NA,NA,NA,1671.881643,1671.881643
"349",349,"PTN-Silver-eel-Mondego","A69-1601-19255","R1","VR2W-125699",40.283,-8.266,2014-11-01 08:35:01,2014-11-01 18:54:58,553,NA,NA,NA,1671.881643,1671.881643
"350",350,"PTN-Silver-eel-Mondego","A69-1601-19255","R3","VR2W-125707",40.214,-8.438,2015-02-01 01:23:31,2015-02-01 01:41:24,7,7885713,25676.063437,0.003256,27347.94508,27347.94508
"351",351,"PTN-Silver-eel-Mondego","A69-1601-19255","R5","VR2W-125701",40.145,-8.836,2015-02-01 15:03:34,2015-02-01 15:20:34,10,48130,44096.377036,0.916193,71444.322116,71444.322117
"352",352,"PTN-Silver-eel-Mondego","A69-1601-19255","R8","VR2W-125704",40.145372,-8.873039,2015-02-01 16:10:46,2015-02-01 16:12:03,3,3012,3363.485949,1.116695,74807.808065,74807.808066
"353",353,"PTN-Silver-eel-Mondego","A69-1601-19256","rel_mondego","none",40.295,-8.257,2014-10-26 17:00:00,2014-10-26 17:00:00,1,NA,NA,NA,0,0
"354",354,"PTN-Silver-eel-Mondego","A69-1601-19256","R1","VR2W-125699",40.283,-8.266,2014-10-27 02:08:23,2014-10-27 02:46:57,33,32903,1671.881643,0.050812,1671.881643,1671.881643
"355",355,"PTN-Silver-eel-Mondego","A69-1601-19256","R1","VR2W-125699",40.283,-8.266,2014-10-28 00:18:37,2014-10-28 02:20:45,88,NA,NA,NA,1671.881643,1671.881643
"356",356,"PTN-Silver-eel-Mondego","A69-1601-19256","R1","VR2W-125699",40.283,-8.266,2014-10-28 04:03:59,2014-10-28 04:59:14,11,NA,NA,NA,1671.881643,1671.881643
"357",357,"PTN-Silver-eel-Mondego","A69-1601-19256","R1","VR2W-125699",40.283,-8.266,2014-10-28 15:35:27,2014-10-28 16:05:25,17,NA,NA,NA,1671.881643,1671.881643
"358",358,"PTN-Silver-eel-Mondego","A69-1601-19256","R1","VR2W-125699",40.283,-8.266,2014-10-28 18:35:50,2014-10-28 21:17:48,84,NA,NA,NA,1671.881643,1671.881643
"359",359,"PTN-Silver-eel-Mondego","A69-1601-19256","R1","VR2W-125699",40.283,-8.266,2014-10-28 23:14:43,2014-10-28 23:22:08,4,NA,NA,NA,1671.881643,1671.881643
"360",360,"PTN-Silver-eel-Mondego","A69-1601-19256","R1","VR2W-125699",40.283,-8.266,2014-10-29 02:19:30,2014-10-29 02:24:07,3,NA,NA,NA,1671.881643,1671.881643
"361",361,"PTN-Silver-eel-Mondego","A69-1601-19256","R1","VR2W-125699",40.283,-8.266,2014-10-29 09:12:09,2014-10-29 09:17:58,3,NA,NA,NA,1671.881643,1671.881643
"362",362,"PTN-Silver-eel-Mondego","A69-1601-19256","R1","VR2W-125699",40.283,-8.266,2014-10-30 15:40:50,2014-10-30 15:47:27,7,NA,NA,NA,1671.881643,1671.881643
"363",363,"PTN-Silver-eel-Mondego","A69-1601-19256","R1","VR2W-125699",40.283,-8.266,2014-10-30 20:34:07,2014-10-31 00:52:40,43,NA,NA,NA,1671.881643,1671.881643
"364",364,"PTN-Silver-eel-Mondego","A69-1601-19256","R1","VR2W-125699",40.283,-8.266,2014-10-31 02:56:18,2014-10-31 06:47:46,123,NA,NA,NA,1671.881643,1671.881643
"365",365,"PTN-Silver-eel-Mondego","A69-1601-19256","R1","VR2W-125699",40.283,-8.266,2014-10-31 21:07:37,2014-10-31 21:32:53,3,NA,NA,NA,1671.881643,1671.881643
"366",366,"PTN-Silver-eel-Mondego","A69-1601-19256","R1","VR2W-125699",40.283,-8.266,2014-10-31 22:51:01,2014-11-01 06:55:35,101,NA,NA,NA,1671.881643,1671.881643
"367",367,"PTN-Silver-eel-Mondego","A69-1601-19256","R1","VR2W-125699",40.283,-8.266,2014-11-01 18:00:48,2014-11-01 18:07:48,3,NA,NA,NA,1671.881643,1671.881643
"368",368,"PTN-Silver-eel-Mondego","A69-1601-19257","rel_mondego","none",40.295,-8.257,2014-10-26 17:00:00,2014-10-26 17:00:00,1,NA,NA,NA,0,0
"369",369,"PTN-Silver-eel-Mondego","A69-1601-19257","R1","VR2W-125699",40.283,-8.266,2014-10-27 00:09:06,2014-10-28 00:31:08,913,25746,1671.881643,0.064938,1671.881643,1671.881643
"370",370,"PTN-Silver-eel-Mondego","A69-1601-19257","R3","VR2W-125707",40.214,-8.438,2014-11-03 01:31:58,2014-11-03 06:15:34,127,522050,25676.063437,0.049183,27347.94508,27347.94508
"371",371,"PTN-Silver-eel-Mondego","A69-1601-19257","R3","VR2W-125707",40.214,-8.438,2014-11-03 19:32:11,2014-11-03 19:38:29,3,NA,NA,NA,27347.94508,27347.94508
"372",372,"PTN-Silver-eel-Mondego","A69-1601-19257","R3","VR2W-125707",40.214,-8.438,2014-11-05 05:14:59,2014-11-05 07:09:45,29,NA,NA,NA,27347.94508,27347.94508
"373",373,"PTN-Silver-eel-Mondego","A69-1601-19257","R3","VR2W-125707",40.214,-8.438,2014-11-06 04:50:13,2014-11-06 04:50:13,1,NA,NA,NA,27347.94508,27347.94508
"374",374,"PTN-Silver-eel-Mondego","A69-1601-19257","R3","VR2W-125707",40.214,-8.438,2014-11-12 19:23:19,2014-11-12 20:45:09,39,NA,NA,NA,27347.94508,27347.94508
"375",375,"PTN-Silver-eel-Mondego","A69-1601-19257","R6","VR2W-125702",40.146,-8.839,2014-11-15 13:07:00,2014-11-15 13:44:34,6,231711,44437.583839,0.19178,71785.528919,71785.528919
"376",376,"PTN-Silver-eel-Mondego","A69-1601-19257","R7","VR2W-125708",40.145,-8.842,2014-11-15 14:48:31,2014-11-15 18:26:14,167,3837,199.865874,0.052089,71985.394793,71985.394793
"377",377,"PTN-Silver-eel-Mondego","A69-1601-19257","R5","VR2W-125701",40.145,-8.836,2015-01-19 17:19:17,2015-01-19 17:40:06,15,5611983,541.072677,9.6e-05,72526.46747,71444.322117
