"","acoustic_tag_id","animal_project_code","station_name","receiver_id","deploy_latitude","deploy_longitude","arrival","departure","detections","swimtime_s","swimdistance_m","speed_m_s","totaldistance_m","distance_to_source_m"
"1","A69-1601-20817","2014_Frome","rel_frome","none",50.688068,-2.257873,2014-10-21 21:30:00,2014-10-21 21:30:00,1,NA,NA,NA,0,0
"2","A69-1601-20817","2014_Frome","F1","VR2W-103011",50.681696,-2.21012,2014-11-11 18:07:52,2014-11-11 18:10:13,2,1802272,3674.748244,0.002039,3674.748244,3674.748244
"3","A69-1601-20817","2014_Frome","F6","VR2W-105212",50.680533,-2.190656,2014-11-11 19:05:43,2014-11-11 19:05:43,1,3330,1525.155999,0.458005,5199.904243,5199.904243
"4","A69-1601-20817","2014_Frome","F7","VR2W-123747",50.683685,-2.108733,2014-11-12 00:09:27,2014-11-12 00:24:15,14,18224,6879.620392,0.377503,12079.524635,12079.524635
"5","A69-1601-20817","2014_Frome","F8","VR2W-123749",50.690398,-2.084783,2014-11-12 00:25:04,2014-11-12 00:25:04,1,49,2338.776258,47.730128,14418.300893,14418.300893
"6","A69-1601-20817","2014_Frome","F7","VR2W-123747",50.683685,-2.108733,2014-11-12 00:25:25,2014-11-12 00:25:58,2,21,2338.776258,111.370298,16757.077151,12079.524635
"7","A69-1601-20817","2014_Frome","F8","VR2W-123749",50.690398,-2.084783,2014-11-12 00:26:14,2014-11-12 00:31:07,8,16,2338.776258,146.173516,19095.853409,14418.300893
"8","A69-1601-20818","2014_Frome","rel_frome","none",50.688068,-2.257873,2014-10-29 20:10:00,2014-10-29 20:10:00,1,NA,NA,NA,0,0
"9","A69-1601-20818","2014_Frome","F1","VR2W-103011",50.681696,-2.21012,2014-11-11 18:32:45,2014-11-11 18:39:08,3,1117365,3674.748244,0.003289,3674.748244,3674.748244
"10","A69-1601-20818","2014_Frome","F6","VR2W-105212",50.680533,-2.190656,2014-11-11 19:24:32,2014-11-11 19:24:32,1,2724,1525.155999,0.559896,5199.904243,5199.904243
"11","A69-1601-20818","2014_Frome","F7","VR2W-123747",50.683685,-2.108733,2014-11-12 17:24:31,2014-11-12 17:36:02,13,79199,6879.620392,0.086865,12079.524635,12079.524635
"12","A69-1601-20818","2014_Frome","F8","VR2W-123749",50.690398,-2.084783,2014-11-12 17:36:16,2014-11-12 17:36:16,1,14,2338.776258,167.055447,14418.300893,14418.300893
"13","A69-1601-20818","2014_Frome","F7","VR2W-123747",50.683685,-2.108733,2014-11-12 17:36:47,2014-11-12 17:36:47,1,31,2338.776258,75.444395,16757.077151,12079.524635
"14","A69-1601-20818","2014_Frome","F8","VR2W-123749",50.690398,-2.084783,2014-11-12 17:36:51,2014-11-12 17:40:34,6,4,2338.776258,584.694065,19095.853409,14418.300893
"15","A69-1601-20819","2014_Frome","rel_frome","none",50.688068,-2.257873,2014-10-29 20:23:00,2014-10-29 20:23:00,1,NA,NA,NA,0,0
"16","A69-1601-20820","2014_Frome","rel_frome","none",50.688068,-2.257873,2014-10-29 21:33:00,2014-10-29 21:33:00,1,NA,NA,NA,0,0
"17","A69-1601-20820","2014_Frome","F1","VR2W-103011",50.681696,-2.21012,2014-11-08 03:22:56,2014-11-08 03:57:43,7,798596,3674.748244,0.004602,3674.748244,3674.748244
"18","A69-1601-20820","2014_Frome","F6","VR2W-105212",50.680533,-2.190656,2014-11-08 04:48:50,2014-11-08 04:48:50,1,3067,1525.155999,0.497279,5199.904243,5199.904243
"19","A69-1601-20820","2014_Frome","F7","VR2W-123747",50.683685,-2.108733,2014-11-08 23:08:49,2014-11-08 23:18:48,17,65999,6879.620392,0.104238,12079.524635,12079.524635
"20","A69-1601-20820","2014_Frome","F8","VR2W-123749",50.690398,-2.084783,2014-11-08 23:18:59,2014-11-08 23:18:59,1,11,2338.776258,212.616023,14418.300893,14418.300893
"21","A69-1601-20820","2014_Frome","F7","VR2W-123747",50.683685,-2.108733,2014-11-08 23:19:34,2014-11-08 23:19:34,1,35,2338.776258,66.822179,16757.077151,12079.524635
"22","A69-1601-20820","2014_Frome","F8","VR2W-123749",50.690398,-2.084783,2014-11-08 23:20:18,2014-11-08 23:20:18,1,44,2338.776258,53.154006,19095.853409,14418.300893
"23","A69-1601-20820","2014_Frome","F7","VR2W-123747",50.683685,-2.108733,2014-11-08 23:20:57,2014-11-08 23:20:57,1,39,2338.776258,59.968622,21434.629667,12079.524635
"24","A69-1601-20820","2014_Frome","F8","VR2W-123749",50.690398,-2.084783,2014-11-08 23:21:02,2014-11-08 23:24:23,7,5,2338.776258,467.755252,23773.405925,14418.300893
"25","A69-1601-20821","2014_Frome","rel_frome","none",50.688068,-2.257873,2014-11-03 18:07:00,2014-11-03 18:07:00,1,NA,NA,NA,0,0
"26","A69-1601-20822","2014_Frome","rel_frome","none",50.688068,-2.257873,2014-11-03 19:00:00,2014-11-03 19:00:00,1,NA,NA,NA,0,0
"27","A69-1601-20822","2014_Frome","F1","VR2W-103011",50.681696,-2.21012,2014-11-04 05:16:09,2014-11-04 05:33:15,9,36969,3674.748244,0.099401,3674.748244,3674.748244
"28","A69-1601-20822","2014_Frome","F6","VR2W-105212",50.680533,-2.190656,2014-11-04 06:37:08,2014-11-04 06:38:47,4,3833,1525.155999,0.397901,5199.904243,5199.904243
"29","A69-1601-20823","2014_Frome","rel_frome","none",50.688068,-2.257873,2014-11-07 18:35:00,2014-11-07 18:35:00,1,NA,NA,NA,0,0
"30","A69-1601-20823","2014_Frome","F6","VR2W-105212",50.680533,-2.190656,2014-11-08 01:15:37,2014-11-08 01:15:57,2,24037,5199.904243,0.216329,5199.904243,5199.904243
"31","A69-1601-20823","2014_Frome","F7","VR2W-123747",50.683685,-2.108733,2014-11-08 22:31:31,2014-11-08 22:46:39,27,76534,6879.620392,0.08989,12079.524635,12079.524635
"32","A69-1601-20823","2014_Frome","F8","VR2W-123749",50.690398,-2.084783,2014-11-08 22:46:54,2014-11-08 22:46:54,1,15,2338.776258,155.918417,14418.300893,14418.300893
"33","A69-1601-20823","2014_Frome","F7","VR2W-123747",50.683685,-2.108733,2014-11-08 22:47:17,2014-11-08 22:47:17,1,23,2338.776258,101.685924,16757.077151,12079.524635
"34","A69-1601-20823","2014_Frome","F8","VR2W-123749",50.690398,-2.084783,2014-11-08 22:47:22,2014-11-08 22:48:00,2,5,2338.776258,467.755252,19095.853409,14418.300893
"35","A69-1601-20823","2014_Frome","F7","VR2W-123747",50.683685,-2.108733,2014-11-08 22:48:20,2014-11-08 22:48:20,1,20,2338.776258,116.938813,21434.629667,12079.524635
"36","A69-1601-20823","2014_Frome","F8","VR2W-123749",50.690398,-2.084783,2014-11-08 22:48:28,2014-11-08 22:48:28,1,8,2338.776258,292.347032,23773.405925,14418.300893
"37","A69-1601-20823","2014_Frome","F7","VR2W-123747",50.683685,-2.108733,2014-11-08 22:48:44,2014-11-08 22:48:44,1,16,2338.776258,146.173516,26112.182183,12079.524635
"38","A69-1601-20823","2014_Frome","F8","VR2W-123749",50.690398,-2.084783,2014-11-08 22:49:04,2014-11-08 22:49:04,1,20,2338.776258,116.938813,28450.958441,14418.300893
"39","A69-1601-20823","2014_Frome","F7","VR2W-123747",50.683685,-2.108733,2014-11-08 22:49:12,2014-11-08 22:49:12,1,8,2338.776258,292.347032,30789.734699,12079.524635
"40","A69-1601-20823","2014_Frome","F8","VR2W-123749",50.690398,-2.084783,2014-11-08 22:49:28,2014-11-08 22:49:28,1,16,2338.776258,146.173516,33128.510957,14418.300893
"41","A69-1601-20823","2014_Frome","F7","VR2W-123747",50.683685,-2.108733,2014-11-08 22:49:49,2014-11-08 22:49:49,1,21,2338.776258,111.370298,35467.287215,12079.524635
"42","A69-1601-20823","2014_Frome","F8","VR2W-123749",50.690398,-2.084783,2014-11-08 22:49:56,2014-11-08 22:49:56,1,7,2338.776258,334.110894,37806.063473,14418.300893
"43","A69-1601-20823","2014_Frome","F7","VR2W-123747",50.683685,-2.108733,2014-11-08 22:50:14,2014-11-08 22:50:14,1,18,2338.776258,129.932014,40144.839731,12079.524635
"44","A69-1601-20823","2014_Frome","F8","VR2W-123749",50.690398,-2.084783,2014-11-08 22:50:33,2014-11-08 22:50:33,1,19,2338.776258,123.093487,42483.615989,14418.300893
"45","A69-1601-20823","2014_Frome","F7","VR2W-123747",50.683685,-2.108733,2014-11-08 22:50:45,2014-11-08 22:50:45,1,12,2338.776258,194.898022,44822.392247,12079.524635
"46","A69-1601-20823","2014_Frome","F8","VR2W-123749",50.690398,-2.084783,2014-11-08 22:50:58,2014-11-08 22:51:29,2,13,2338.776258,179.905866,47161.168505,14418.300893
"47","A69-1601-20823","2014_Frome","F7","VR2W-123747",50.683685,-2.108733,2014-11-08 22:52:36,2014-11-08 22:52:36,1,67,2338.776258,34.907108,49499.944763,12079.524635
"48","A69-1601-20823","2014_Frome","F8","VR2W-123749",50.690398,-2.084783,2014-11-08 22:52:51,2014-11-08 22:52:51,1,15,2338.776258,155.918417,51838.721021,14418.300893
"49","A69-1601-20823","2014_Frome","F7","VR2W-123747",50.683685,-2.108733,2014-11-08 22:53:40,2014-11-08 22:53:40,1,49,2338.776258,47.730128,54177.497279,12079.524635
"50","A69-1601-20823","2014_Frome","F8","VR2W-123749",50.690398,-2.084783,2014-11-08 22:54:23,2014-11-08 22:54:23,1,43,2338.776258,54.390146,56516.273537,14418.300893
"51","A69-1601-20823","2014_Frome","F7","VR2W-123747",50.683685,-2.108733,2014-11-08 22:55:50,2014-11-08 22:55:50,1,87,2338.776258,26.882486,58855.049795,12079.524635
"52","A69-1601-20823","2014_Frome","F8","VR2W-123749",50.690398,-2.084783,2014-11-08 22:56:34,2014-11-08 22:56:34,1,44,2338.776258,53.154006,61193.826053,14418.300893
"53","A69-1601-20823","2014_Frome","F7","VR2W-123747",50.683685,-2.108733,2014-11-08 22:56:38,2014-11-08 22:56:38,1,4,2338.776258,584.694065,63532.602311,12079.524635
"54","A69-1601-20823","2014_Frome","F8","VR2W-123749",50.690398,-2.084783,2014-11-08 22:57:22,2014-11-08 22:57:22,1,44,2338.776258,53.154006,65871.378569,14418.300893
"55","A69-1601-20823","2014_Frome","F7","VR2W-123747",50.683685,-2.108733,2014-11-08 22:57:24,2014-11-08 22:58:08,2,2,2338.776258,1169.388129,68210.154827,12079.524635
"56","A69-1601-20823","2014_Frome","F8","VR2W-123749",50.690398,-2.084783,2014-11-08 22:58:51,2014-11-08 23:03:48,11,43,2338.776258,54.390146,70548.931085,14418.300893
"57","A69-1601-20824","2014_Frome","rel_frome","none",50.688068,-2.257873,2014-11-07 20:25:00,2014-11-07 20:25:00,1,NA,NA,NA,0,0
"58","A69-1601-20824","2014_Frome","F6","VR2W-105212",50.680533,-2.190656,2014-11-11 19:15:44,2014-11-11 19:15:44,1,341444,5199.904243,0.015229,5199.904243,5199.904243
"59","A69-1601-20824","2014_Frome","F7","VR2W-123747",50.683685,-2.108733,2014-11-12 16:16:50,2014-11-12 16:16:50,1,75666,6879.620392,0.090921,12079.524635,12079.524635
"60","A69-1601-20824","2014_Frome","F7","VR2W-123747",50.683685,-2.108733,2014-11-12 17:19:27,2014-11-12 17:29:11,13,NA,NA,NA,12079.524635,12079.524635
"61","A69-1601-20824","2014_Frome","F8","VR2W-123749",50.690398,-2.084783,2014-11-12 17:30:01,2014-11-12 17:31:55,2,50,2338.776258,46.775525,14418.300893,14418.300893
"62","A69-1601-20824","2014_Frome","F7","VR2W-123747",50.683685,-2.108733,2014-11-12 17:32:12,2014-11-12 17:32:12,1,17,2338.776258,137.575074,16757.077151,12079.524635
"63","A69-1601-20824","2014_Frome","F8","VR2W-123749",50.690398,-2.084783,2014-11-12 17:32:33,2014-11-12 17:32:33,1,21,2338.776258,111.370298,19095.853409,14418.300893
"64","A69-1601-20824","2014_Frome","F7","VR2W-123747",50.683685,-2.108733,2014-11-12 17:32:50,2014-11-12 17:32:50,1,17,2338.776258,137.575074,21434.629667,12079.524635
"65","A69-1601-20824","2014_Frome","F8","VR2W-123749",50.690398,-2.084783,2014-11-12 17:33:02,2014-11-12 17:36:59,6,12,2338.776258,194.898022,23773.405925,14418.300893
"66","A69-1601-20825","2014_Frome","rel_frome","none",50.688068,-2.257873,2014-11-07 20:40:00,2014-11-07 20:40:00,1,NA,NA,NA,0,0
"67","A69-1601-20825","2014_Frome","F1","VR2W-103011",50.681696,-2.21012,2014-11-11 17:25:01,2014-11-11 17:27:14,3,333901,3674.748244,0.011006,3674.748244,3674.748244
"68","A69-1601-20825","2014_Frome","F7","VR2W-123747",50.683685,-2.108733,2014-11-12 00:10:20,2014-11-12 00:22:43,20,24186,8404.776391,0.347506,12079.524635,12079.524635
"69","A69-1601-20825","2014_Frome","F8","VR2W-123749",50.690398,-2.084783,2014-11-12 00:23:31,2014-11-12 00:23:31,1,48,2338.776258,48.724505,14418.300893,14418.300893
"70","A69-1601-20825","2014_Frome","F7","VR2W-123747",50.683685,-2.108733,2014-11-12 00:23:58,2014-11-12 00:23:58,1,27,2338.776258,86.621343,16757.077151,12079.524635
"71","A69-1601-20825","2014_Frome","F8","VR2W-123749",50.690398,-2.084783,2014-11-12 00:24:46,2014-11-12 00:27:24,6,48,2338.776258,48.724505,19095.853409,14418.300893
"72","A69-1601-20826","2014_Frome","rel_frome","none",50.688068,-2.257873,2014-11-07 20:40:00,2014-11-07 20:40:00,1,NA,NA,NA,0,0
"73","A69-1601-20826","2014_Frome","F6","VR2W-105212",50.680533,-2.190656,2014-11-08 00:45:39,2014-11-08 00:46:10,2,14739,5199.904243,0.352799,5199.904243,5199.904243
"74","A69-1601-20826","2014_Frome","F7","VR2W-123747",50.683685,-2.108733,2014-11-10 00:28:43,2014-11-10 01:07:43,42,171753,6879.620392,0.040055,12079.524635,12079.524635
"75","A69-1601-20826","2014_Frome","F8","VR2W-123749",50.690398,-2.084783,2014-11-10 01:09:51,2014-11-10 01:29:11,33,128,2338.776258,18.27169,14418.300893,14418.300893
"76","A69-1601-20827","2014_Frome","rel_frome","none",50.688068,-2.257873,2014-11-07 22:30:00,2014-11-07 22:30:00,1,NA,NA,NA,0,0
"77","A69-1601-20827","2014_Frome","F1","VR2W-103011",50.681696,-2.21012,2014-11-11 17:23:23,2014-11-11 17:29:50,2,327203,3674.748244,0.011231,3674.748244,3674.748244
"78","A69-1601-20827","2014_Frome","F6","VR2W-105212",50.680533,-2.190656,2014-11-11 18:16:46,2014-11-11 18:16:46,1,2816,1525.155999,0.541604,5199.904243,5199.904243
"79","A69-1601-20827","2014_Frome","F7","VR2W-123747",50.683685,-2.108733,2014-11-11 23:02:25,2014-11-11 23:15:13,19,17139,6879.620392,0.401402,12079.524635,12079.524635
"80","A69-1601-20827","2014_Frome","F8","VR2W-123749",50.690398,-2.084783,2014-11-11 23:16:01,2014-11-11 23:16:01,1,48,2338.776258,48.724505,14418.300893,14418.300893
"81","A69-1601-20827","2014_Frome","F7","VR2W-123747",50.683685,-2.108733,2014-11-11 23:16:33,2014-11-11 23:16:33,1,32,2338.776258,73.086758,16757.077151,12079.524635
"82","A69-1601-20827","2014_Frome","F8","VR2W-123749",50.690398,-2.084783,2014-11-11 23:17:21,2014-11-11 23:20:19,6,48,2338.776258,48.724505,19095.853409,14418.300893
"83","A69-1601-20828","2014_Frome","rel_frome","none",50.688068,-2.257873,2014-11-07 23:45:00,2014-11-07 23:45:00,1,NA,NA,NA,0,0
"84","A69-1601-20828","2014_Frome","F1","VR2W-103011",50.681696,-2.21012,2014-11-11 19:15:02,2014-11-11 19:22:24,4,329402,3674.748244,0.011156,3674.748244,3674.748244
"85","A69-1601-20828","2014_Frome","F6","VR2W-105212",50.680533,-2.190656,2014-11-11 20:13:17,2014-11-11 20:13:51,2,3053,1525.155999,0.49956,5199.904243,5199.904243
"86","A69-1601-20828","2014_Frome","F7","VR2W-123747",50.683685,-2.108733,2014-11-12 17:03:20,2014-11-12 17:12:05,14,74969,6879.620392,0.091766,12079.524635,12079.524635
"87","A69-1601-20828","2014_Frome","F8","VR2W-123749",50.690398,-2.084783,2014-11-12 17:14:23,2014-11-12 17:18:05,9,138,2338.776258,16.947654,14418.300893,14418.300893
"88","A69-1601-20829","2014_Frome","rel_frome","none",50.688068,-2.257873,2014-11-07 22:30:00,2014-11-07 22:30:00,1,NA,NA,NA,0,0
"89","A69-1601-20829","2014_Frome","F1","VR2W-103011",50.681696,-2.21012,2014-11-08 00:46:09,2014-11-08 00:56:50,6,8169,3674.748244,0.449841,3674.748244,3674.748244
"90","A69-1601-20829","2014_Frome","F6","VR2W-105212",50.680533,-2.190656,2014-11-08 01:51:07,2014-11-08 01:51:28,2,3257,1525.155999,0.46827,5199.904243,5199.904243
"91","A69-1601-20829","2014_Frome","F7","VR2W-123747",50.683685,-2.108733,2014-11-09 00:47:35,2014-11-09 00:57:17,19,82567,6879.620392,0.083322,12079.524635,12079.524635
"92","A69-1601-20829","2014_Frome","F8","VR2W-123749",50.690398,-2.084783,2014-11-09 00:58:31,2014-11-09 00:58:31,1,74,2338.776258,31.605085,14418.300893,14418.300893
"93","A69-1601-20829","2014_Frome","F7","VR2W-123747",50.683685,-2.108733,2014-11-09 00:59:04,2014-11-09 00:59:04,1,33,2338.776258,70.872008,16757.077151,12079.524635
"94","A69-1601-20829","2014_Frome","F8","VR2W-123749",50.690398,-2.084783,2014-11-09 00:59:13,2014-11-09 01:25:24,47,9,2338.776258,259.864029,19095.853409,14418.300893
"95","A69-1601-20830","2014_Frome","rel_frome","none",50.688068,-2.257873,2014-11-07 22:30:00,2014-11-07 22:30:00,1,NA,NA,NA,0,0
"96","A69-1601-20830","2014_Frome","F6","VR2W-105212",50.680533,-2.190656,2014-11-11 19:48:47,2014-11-11 19:49:10,2,335927,5199.904243,0.015479,5199.904243,5199.904243
"97","A69-1601-20830","2014_Frome","F7","VR2W-123747",50.683685,-2.108733,2014-11-12 17:41:24,2014-11-12 17:52:20,8,78734,6879.620392,0.087378,12079.524635,12079.524635
"98","A69-1601-20830","2014_Frome","F8","VR2W-123749",50.690398,-2.084783,2014-11-12 17:53:40,2014-11-12 17:56:32,5,80,2338.776258,29.234703,14418.300893,14418.300893
"99","A69-1601-20831","2014_Frome","rel_frome","none",50.688068,-2.257873,2014-11-07 22:30:00,2014-11-07 22:30:00,1,NA,NA,NA,0,0
"100","A69-1601-20831","2014_Frome","F1","VR2W-103011",50.681696,-2.21012,2014-11-08 01:48:15,2014-11-08 02:00:08,6,11895,3674.748244,0.308932,3674.748244,3674.748244
"101","A69-1601-20831","2014_Frome","F6","VR2W-105212",50.680533,-2.190656,2014-11-08 02:57:11,2014-11-08 02:57:11,1,3423,1525.155999,0.445561,5199.904243,5199.904243
"102","A69-1601-20831","2014_Frome","F7","VR2W-123747",50.683685,-2.108733,2014-11-08 21:56:15,2014-11-08 22:12:24,34,68344,6879.620392,0.100662,12079.524635,12079.524635
"103","A69-1601-20831","2014_Frome","F8","VR2W-123749",50.690398,-2.084783,2014-11-08 22:13:08,2014-11-08 22:13:08,1,44,2338.776258,53.154006,14418.300893,14418.300893
"104","A69-1601-20831","2014_Frome","F7","VR2W-123747",50.683685,-2.108733,2014-11-08 22:14:12,2014-11-08 22:14:33,2,64,2338.776258,36.543379,16757.077151,12079.524635
"105","A69-1601-20831","2014_Frome","F8","VR2W-123749",50.690398,-2.084783,2014-11-08 22:14:55,2014-11-08 22:14:55,1,22,2338.776258,106.308012,19095.853409,14418.300893
"106","A69-1601-20831","2014_Frome","F7","VR2W-123747",50.683685,-2.108733,2014-11-08 22:14:57,2014-11-08 22:15:25,2,2,2338.776258,1169.388129,21434.629667,12079.524635
"107","A69-1601-20831","2014_Frome","F8","VR2W-123749",50.690398,-2.084783,2014-11-08 22:15:40,2014-11-08 22:15:40,1,15,2338.776258,155.918417,23773.405925,14418.300893
"108","A69-1601-20831","2014_Frome","F7","VR2W-123747",50.683685,-2.108733,2014-11-08 22:16:03,2014-11-08 22:16:03,1,23,2338.776258,101.685924,26112.182183,12079.524635
"109","A69-1601-20831","2014_Frome","F8","VR2W-123749",50.690398,-2.084783,2014-11-08 22:16:09,2014-11-08 22:16:09,1,6,2338.776258,389.796043,28450.958441,14418.300893
"110","A69-1601-20831","2014_Frome","F7","VR2W-123747",50.683685,-2.108733,2014-11-08 22:16:30,2014-11-08 22:16:30,1,21,2338.776258,111.370298,30789.734699,12079.524635
"111","A69-1601-20831","2014_Frome","F8","VR2W-123749",50.690398,-2.084783,2014-11-08 22:16:47,2014-11-08 22:21:38,10,17,2338.776258,137.575074,33128.510957,14418.300893
"112","A69-1601-20832","2014_Frome","rel_frome","none",50.688068,-2.257873,2014-11-07 23:45:00,2014-11-07 23:45:00,1,NA,NA,NA,0,0
"113","A69-1601-20832","2014_Frome","F1","VR2W-103011",50.681696,-2.21012,2014-11-08 01:52:09,2014-11-08 02:01:12,9,7629,3674.748244,0.481682,3674.748244,3674.748244
"114","A69-1601-20832","2014_Frome","F6","VR2W-105212",50.680533,-2.190656,2014-11-08 02:57:31,2014-11-08 02:57:31,1,3379,1525.155999,0.451363,5199.904243,5199.904243
"115","A69-1601-20832","2014_Frome","F7","VR2W-123747",50.683685,-2.108733,2014-11-08 18:01:38,2014-11-08 18:05:47,7,54247,6879.620392,0.12682,12079.524635,12079.524635
"116","A69-1601-20832","2014_Frome","F8","VR2W-123749",50.690398,-2.084783,2014-11-08 18:08:25,2014-11-08 18:10:47,5,158,2338.776258,14.802381,14418.300893,14418.300893
"117","A69-1601-20833","2014_Frome","rel_frome","none",50.688068,-2.257873,2014-11-07 23:10:00,2014-11-07 23:10:00,1,NA,NA,NA,0,0
"118","A69-1601-20833","2014_Frome","F1","VR2W-103011",50.681696,-2.21012,2014-11-11 17:00:08,2014-11-11 17:06:58,3,323408,3674.748244,0.011363,3674.748244,3674.748244
"119","A69-1601-20833","2014_Frome","F6","VR2W-105212",50.680533,-2.190656,2014-11-11 17:55:35,2014-11-11 17:55:35,1,2917,1525.155999,0.522851,5199.904243,5199.904243
"120","A69-1601-20833","2014_Frome","F7","VR2W-123747",50.683685,-2.108733,2014-11-11 23:10:44,2014-11-11 23:22:30,17,18909,6879.620392,0.363828,12079.524635,12079.524635
"121","A69-1601-20833","2014_Frome","F8","VR2W-123749",50.690398,-2.084783,2014-11-11 23:22:49,2014-11-11 23:22:49,1,19,2338.776258,123.093487,14418.300893,14418.300893
"122","A69-1601-20833","2014_Frome","F7","VR2W-123747",50.683685,-2.108733,2014-11-11 23:23:10,2014-11-11 23:23:43,2,21,2338.776258,111.370298,16757.077151,12079.524635
"123","A69-1601-20833","2014_Frome","F8","VR2W-123749",50.690398,-2.084783,2014-11-11 23:23:59,2014-11-11 23:23:59,1,16,2338.776258,146.173516,19095.853409,14418.300893
"124","A69-1601-20833","2014_Frome","F7","VR2W-123747",50.683685,-2.108733,2014-11-11 23:24:29,2014-11-11 23:24:29,1,30,2338.776258,77.959209,21434.629667,12079.524635
"125","A69-1601-20833","2014_Frome","F8","VR2W-123749",50.690398,-2.084783,2014-11-11 23:24:31,2014-11-11 23:24:31,1,2,2338.776258,1169.388129,23773.405925,14418.300893
"126","A69-1601-20833","2014_Frome","F7","VR2W-123747",50.683685,-2.108733,2014-11-11 23:25:13,2014-11-11 23:25:13,1,42,2338.776258,55.685149,26112.182183,12079.524635
"127","A69-1601-20833","2014_Frome","F8","VR2W-123749",50.690398,-2.084783,2014-11-11 23:25:17,2014-11-11 23:25:17,1,4,2338.776258,584.694065,28450.958441,14418.300893
"128","A69-1601-20833","2014_Frome","F7","VR2W-123747",50.683685,-2.108733,2014-11-11 23:25:52,2014-11-11 23:25:52,1,35,2338.776258,66.822179,30789.734699,12079.524635
"129","A69-1601-20833","2014_Frome","F8","VR2W-123749",50.690398,-2.084783,2014-11-11 23:26:01,2014-11-11 23:26:01,1,9,2338.776258,259.864029,33128.510957,14418.300893
"130","A69-1601-20833","2014_Frome","F7","VR2W-123747",50.683685,-2.108733,2014-11-11 23:26:21,2014-11-11 23:26:21,1,20,2338.776258,116.938813,35467.287215,12079.524635
"131","A69-1601-20833","2014_Frome","F8","VR2W-123749",50.690398,-2.084783,2014-11-11 23:26:40,2014-11-11 23:29:50,6,19,2338.776258,123.093487,37806.063473,14418.300893
"132","A69-1601-20834","2014_Frome","rel_frome","none",50.688068,-2.257873,2014-11-07 23:10:00,2014-11-07 23:10:00,1,NA,NA,NA,0,0
"133","A69-1601-20834","2014_Frome","F1","VR2W-103011",50.681696,-2.21012,2014-12-28 01:31:49,2014-12-28 01:42:51,5,4328509,3674.748244,0.000849,3674.748244,3674.748244
"134","A69-1601-20834","2014_Frome","F6","VR2W-105212",50.680533,-2.190656,2015-01-09 07:20:05,2015-01-09 07:20:05,1,1057034,1525.155999,0.001443,5199.904243,5199.904243
"135","A69-1601-20834","2014_Frome","F7","VR2W-123747",50.683685,-2.108733,2015-01-09 21:53:59,2015-01-09 22:08:09,21,52434,6879.620392,0.131205,12079.524635,12079.524635
"136","A69-1601-20834","2014_Frome","F8","VR2W-123749",50.690398,-2.084783,2015-01-09 22:08:50,2015-01-09 22:09:19,2,41,2338.776258,57.043323,14418.300893,14418.300893
"137","A69-1601-20834","2014_Frome","F7","VR2W-123747",50.683685,-2.108733,2015-01-09 22:09:35,2015-01-09 22:09:35,1,16,2338.776258,146.173516,16757.077151,12079.524635
"138","A69-1601-20834","2014_Frome","F8","VR2W-123749",50.690398,-2.084783,2015-01-09 22:10:00,2015-01-09 22:10:00,1,25,2338.776258,93.55105,19095.853409,14418.300893
"139","A69-1601-20834","2014_Frome","F7","VR2W-123747",50.683685,-2.108733,2015-01-09 22:10:09,2015-01-09 22:10:29,2,9,2338.776258,259.864029,21434.629667,12079.524635
"140","A69-1601-20834","2014_Frome","F8","VR2W-123749",50.690398,-2.084783,2015-01-09 22:10:31,2015-01-09 22:20:33,19,2,2338.776258,1169.388129,23773.405925,14418.300893
"141","A69-1601-20835","2014_Frome","rel_frome","none",50.688068,-2.257873,2014-11-07 23:10:00,2014-11-07 23:10:00,1,NA,NA,NA,0,0
"142","A69-1601-20835","2014_Frome","F1","VR2W-103011",50.681696,-2.21012,2014-11-08 02:57:27,2014-11-08 02:58:51,3,13647,3674.748244,0.269272,3674.748244,3674.748244
"143","A69-1601-20835","2014_Frome","F3","VR2W-103020",50.681611,-2.208389,2014-11-10 00:35:03,2014-11-10 08:06:30,192,164172,141.425433,0.000861,3816.173677,3816.173677
"144","A69-1601-20835","2014_Frome","F3","VR2W-103020",50.681611,-2.208389,2014-11-10 19:38:40,2014-11-11 05:12:06,326,NA,NA,NA,3816.173677,3816.173677
"145","A69-1601-20835","2014_Frome","F3","VR2W-103020",50.681611,-2.208389,2014-11-11 07:57:41,2014-11-11 10:33:40,142,NA,NA,NA,3816.173677,3816.173677
"146","A69-1601-20835","2014_Frome","F3","VR2W-103020",50.681611,-2.208389,2014-11-11 14:19:39,2014-11-11 15:49:06,13,NA,NA,NA,3816.173677,3816.173677
"147","A69-1601-20835","2014_Frome","F3","VR2W-103020",50.681611,-2.208389,2014-11-11 17:00:55,2014-11-11 22:57:06,313,NA,NA,NA,3816.173677,3816.173677
"148","A69-1601-20835","2014_Frome","F6","VR2W-105212",50.680533,-2.190656,2014-11-12 20:16:15,2014-11-12 20:16:15,1,76749,1383.730566,0.018029,5199.904243,5199.904243
"149","A69-1601-20835","2014_Frome","F7","VR2W-123747",50.683685,-2.108733,2014-11-23 21:24:08,2014-11-23 21:44:02,34,954473,6879.620392,0.007208,12079.524635,12079.524635
"150","A69-1601-20835","2014_Frome","F8","VR2W-123749",50.690398,-2.084783,2014-11-23 21:44:17,2014-11-23 21:44:17,1,15,2338.776258,155.918417,14418.300893,14418.300893
"151","A69-1601-20835","2014_Frome","F7","VR2W-123747",50.683685,-2.108733,2014-11-23 21:44:22,2014-11-23 21:45:02,3,5,2338.776258,467.755252,16757.077151,12079.524635
"152","A69-1601-20835","2014_Frome","F8","VR2W-123749",50.690398,-2.084783,2014-11-23 21:45:10,2014-11-23 21:45:10,1,8,2338.776258,292.347032,19095.853409,14418.300893
"153","A69-1601-20835","2014_Frome","F7","VR2W-123747",50.683685,-2.108733,2014-11-23 21:45:24,2014-11-23 21:45:24,1,14,2338.776258,167.055447,21434.629667,12079.524635
"154","A69-1601-20835","2014_Frome","F8","VR2W-123749",50.690398,-2.084783,2014-11-23 21:45:29,2014-11-23 21:45:29,1,5,2338.776258,467.755252,23773.405925,14418.300893
"155","A69-1601-20835","2014_Frome","F7","VR2W-123747",50.683685,-2.108733,2014-11-23 21:45:49,2014-11-23 21:45:49,1,20,2338.776258,116.938813,26112.182183,12079.524635
"156","A69-1601-20835","2014_Frome","F8","VR2W-123749",50.690398,-2.084783,2014-11-23 21:46:09,2014-11-23 21:46:09,1,20,2338.776258,116.938813,28450.958441,14418.300893
"157","A69-1601-20835","2014_Frome","F7","VR2W-123747",50.683685,-2.108733,2014-11-23 21:46:21,2014-11-23 21:46:21,1,12,2338.776258,194.898022,30789.734699,12079.524635
"158","A69-1601-20835","2014_Frome","F8","VR2W-123749",50.690398,-2.084783,2014-11-23 21:46:32,2014-11-23 21:46:57,2,11,2338.776258,212.616023,33128.510957,14418.300893
"159","A69-1601-20835","2014_Frome","F7","VR2W-123747",50.683685,-2.108733,2014-11-23 21:47:05,2014-11-23 21:47:05,1,8,2338.776258,292.347032,35467.287215,12079.524635
"160","A69-1601-20835","2014_Frome","F8","VR2W-123749",50.690398,-2.084783,2014-11-23 21:47:28,2014-11-23 21:54:03,13,23,2338.776258,101.685924,37806.063473,14418.300893
"161","A69-1601-20836","2014_Frome","rel_frome","none",50.688068,-2.257873,2014-11-07 23:10:00,2014-11-07 23:10:00,1,NA,NA,NA,0,0
"162","A69-1601-20836","2014_Frome","F1","VR2W-103011",50.681696,-2.21012,2014-11-08 19:42:32,2014-11-08 19:52:07,7,73952,3674.748244,0.049691,3674.748244,3674.748244
"163","A69-1601-20836","2014_Frome","F6","VR2W-105212",50.680533,-2.190656,2014-11-11 17:49:07,2014-11-11 17:49:07,1,251820,1525.155999,0.006057,5199.904243,5199.904243
"164","A69-1601-20836","2014_Frome","F7","VR2W-123747",50.683685,-2.108733,2014-11-11 22:49:37,2014-11-11 23:02:39,23,18030,6879.620392,0.381565,12079.524635,12079.524635
"165","A69-1601-20836","2014_Frome","F8","VR2W-123749",50.690398,-2.084783,2014-11-11 23:02:49,2014-11-11 23:02:49,1,10,2338.776258,233.877626,14418.300893,14418.300893
"166","A69-1601-20836","2014_Frome","F7","VR2W-123747",50.683685,-2.108733,2014-11-11 23:03:07,2014-11-11 23:03:45,2,18,2338.776258,129.932014,16757.077151,12079.524635
"167","A69-1601-20836","2014_Frome","F8","VR2W-123749",50.690398,-2.084783,2014-11-11 23:03:56,2014-11-11 23:03:56,1,11,2338.776258,212.616023,19095.853409,14418.300893
"168","A69-1601-20836","2014_Frome","F7","VR2W-123747",50.683685,-2.108733,2014-11-11 23:04:12,2014-11-11 23:04:48,2,16,2338.776258,146.173516,21434.629667,12079.524635
"169","A69-1601-20836","2014_Frome","F8","VR2W-123749",50.690398,-2.084783,2014-11-11 23:05:01,2014-11-11 23:05:01,1,13,2338.776258,179.905866,23773.405925,14418.300893
"170","A69-1601-20836","2014_Frome","F7","VR2W-123747",50.683685,-2.108733,2014-11-11 23:05:10,2014-11-11 23:05:10,1,9,2338.776258,259.864029,26112.182183,12079.524635
"171","A69-1601-20836","2014_Frome","F8","VR2W-123749",50.690398,-2.084783,2014-11-11 23:05:36,2014-11-11 23:08:56,7,26,2338.776258,89.952933,28450.958441,14418.300893
"172","A69-1601-20837","2014_Frome","rel_frome","none",50.688068,-2.257873,2014-11-07 23:45:00,2014-11-07 23:45:00,1,NA,NA,NA,0,0
"173","A69-1601-20837","2014_Frome","F1","VR2W-103011",50.681696,-2.21012,2014-11-11 18:45:19,2014-11-11 18:47:56,3,327619,3674.748244,0.011217,3674.748244,3674.748244
"174","A69-1601-20837","2014_Frome","F6","VR2W-105212",50.680533,-2.190656,2014-11-11 19:41:13,2014-11-11 19:41:13,1,3197,1525.155999,0.477058,5199.904243,5199.904243
"175","A69-1601-20837","2014_Frome","F7","VR2W-123747",50.683685,-2.108733,2014-11-12 01:13:20,2014-11-12 01:22:39,18,19927,6879.620392,0.345241,12079.524635,12079.524635
"176","A69-1601-20837","2014_Frome","F8","VR2W-123749",50.690398,-2.084783,2014-11-12 01:22:56,2014-11-12 01:22:56,1,17,2338.776258,137.575074,14418.300893,14418.300893
"177","A69-1601-20837","2014_Frome","F7","VR2W-123747",50.683685,-2.108733,2014-11-12 01:24:26,2014-11-12 01:24:26,1,90,2338.776258,25.986403,16757.077151,12079.524635
"178","A69-1601-20837","2014_Frome","F8","VR2W-123749",50.690398,-2.084783,2014-11-12 01:25:49,2014-11-12 01:28:32,7,83,2338.776258,28.178027,19095.853409,14418.300893
"179","A69-1601-20838","2014_Frome","rel_frome","none",50.688068,-2.257873,2014-11-08 00:00:00,2014-11-08 00:00:00,1,NA,NA,NA,0,0
"180","A69-1601-20838","2014_Frome","F1","VR2W-103011",50.681696,-2.21012,2014-11-11 19:50:33,2014-11-11 19:53:15,3,330633,3674.748244,0.011114,3674.748244,3674.748244
"181","A69-1601-20838","2014_Frome","F6","VR2W-105212",50.680533,-2.190656,2014-11-11 20:45:39,2014-11-11 20:45:39,1,3144,1525.155999,0.485101,5199.904243,5199.904243
"182","A69-1601-20838","2014_Frome","F7","VR2W-123747",50.683685,-2.108733,2014-11-12 17:37:16,2014-11-12 17:47:30,10,75097,6879.620392,0.09161,12079.524635,12079.524635
"183","A69-1601-20838","2014_Frome","F8","VR2W-123749",50.690398,-2.084783,2014-11-12 17:52:38,2014-11-12 17:53:54,3,308,2338.776258,7.593429,14418.300893,14418.300893
"184","A69-1601-20839","2014_Frome","rel_frome","none",50.688068,-2.257873,2014-11-08 00:00:00,2014-11-08 00:00:00,1,NA,NA,NA,0,0
"185","A69-1601-20839","2014_Frome","F1","VR2W-103011",50.681696,-2.21012,2014-11-11 18:20:55,2014-11-11 18:23:07,2,325255,3674.748244,0.011298,3674.748244,3674.748244
"186","A69-1601-20839","2014_Frome","F6","VR2W-105212",50.680533,-2.190656,2014-11-11 19:15:26,2014-11-11 19:15:26,1,3139,1525.155999,0.485873,5199.904243,5199.904243
"187","A69-1601-20839","2014_Frome","F7","VR2W-123747",50.683685,-2.108733,2014-11-12 00:20:14,2014-11-12 00:37:16,29,18288,6879.620392,0.376182,12079.524635,12079.524635
"188","A69-1601-20839","2014_Frome","F8","VR2W-123749",50.690398,-2.084783,2014-11-12 00:37:41,2014-11-12 00:38:05,2,25,2338.776258,93.55105,14418.300893,14418.300893
"189","A69-1601-20839","2014_Frome","F7","VR2W-123747",50.683685,-2.108733,2014-11-12 00:38:29,2014-11-12 00:38:29,1,24,2338.776258,97.449011,16757.077151,12079.524635
"190","A69-1601-20839","2014_Frome","F8","VR2W-123749",50.690398,-2.084783,2014-11-12 00:38:35,2014-11-12 00:43:33,9,6,2338.776258,389.796043,19095.853409,14418.300893
"191","A69-1601-20840","2014_Frome","rel_frome","none",50.688068,-2.257873,2014-11-08 00:00:00,2014-11-08 00:00:00,1,NA,NA,NA,0,0
"192","A69-1601-20840","2014_Frome","F1","VR2W-103011",50.681696,-2.21012,2014-11-08 03:18:37,2014-11-08 03:33:11,10,11917,3674.748244,0.308362,3674.748244,3674.748244
"193","A69-1601-20840","2014_Frome","F6","VR2W-105212",50.680533,-2.190656,2014-11-11 17:11:19,2014-11-11 17:11:19,1,308288,1525.155999,0.004947,5199.904243,5199.904243
"194","A69-1601-20840","2014_Frome","F7","VR2W-123747",50.683685,-2.108733,2014-11-11 22:52:57,2014-11-11 23:17:03,28,20498,6879.620392,0.335624,12079.524635,12079.524635
"195","A69-1601-20840","2014_Frome","F8","VR2W-123749",50.690398,-2.084783,2014-11-11 23:17:05,2014-11-11 23:17:05,1,2,2338.776258,1169.388129,14418.300893,14418.300893
"196","A69-1601-20840","2014_Frome","F7","VR2W-123747",50.683685,-2.108733,2014-11-11 23:17:47,2014-11-11 23:17:47,1,42,2338.776258,55.685149,16757.077151,12079.524635
"197","A69-1601-20840","2014_Frome","F8","VR2W-123749",50.690398,-2.084783,2014-11-11 23:17:52,2014-11-11 23:17:52,1,5,2338.776258,467.755252,19095.853409,14418.300893
"198","A69-1601-20840","2014_Frome","F7","VR2W-123747",50.683685,-2.108733,2014-11-11 23:18:26,2014-11-11 23:18:26,1,34,2338.776258,68.787537,21434.629667,12079.524635
"199","A69-1601-20840","2014_Frome","F8","VR2W-123749",50.690398,-2.084783,2014-11-11 23:18:35,2014-11-11 23:22:07,7,9,2338.776258,259.864029,23773.405925,14418.300893
"200","A69-1601-20841","2014_Frome","rel_frome","none",50.688068,-2.257873,2014-11-08 00:40:00,2014-11-08 00:40:00,1,NA,NA,NA,0,0
"201","A69-1601-20841","2014_Frome","F1","VR2W-103011",50.681696,-2.21012,2014-11-08 03:28:14,2014-11-08 03:45:58,9,10094,3674.748244,0.364053,3674.748244,3674.748244
"202","A69-1601-20841","2014_Frome","F6","VR2W-105212",50.680533,-2.190656,2014-11-08 04:45:20,2014-11-08 04:45:20,1,3562,1525.155999,0.428174,5199.904243,5199.904243
"203","A69-1601-20841","2014_Frome","F7","VR2W-123747",50.683685,-2.108733,2014-11-11 19:02:00,2014-11-11 19:05:07,6,310600,6879.620392,0.022149,12079.524635,12079.524635
"204","A69-1601-20841","2014_Frome","F8","VR2W-123749",50.690398,-2.084783,2014-11-11 19:09:58,2014-11-11 19:10:27,2,291,2338.776258,8.037032,14418.300893,14418.300893
"205","A69-1601-20842","2014_Frome","rel_frome","none",50.688068,-2.257873,2014-11-08 00:40:00,2014-11-08 00:40:00,1,NA,NA,NA,0,0
"206","A69-1601-20842","2014_Frome","F1","VR2W-103011",50.681696,-2.21012,2014-11-11 18:28:45,2014-11-11 18:34:33,2,323325,3674.748244,0.011365,3674.748244,3674.748244
"207","A69-1601-20842","2014_Frome","F6","VR2W-105212",50.680533,-2.190656,2014-11-11 19:23:01,2014-11-11 19:23:01,1,2908,1525.155999,0.524469,5199.904243,5199.904243
"208","A69-1601-20842","2014_Frome","F7","VR2W-123747",50.683685,-2.108733,2014-11-12 17:23:08,2014-11-12 17:30:50,12,79207,6879.620392,0.086856,12079.524635,12079.524635
"209","A69-1601-20842","2014_Frome","F8","VR2W-123749",50.690398,-2.084783,2014-11-12 17:32:09,2014-11-12 17:35:10,4,79,2338.776258,29.604763,14418.300893,14418.300893
"210","A69-1601-20843","2014_Frome","rel_frome","none",50.688068,-2.257873,2014-11-08 00:40:00,2014-11-08 00:40:00,1,NA,NA,NA,0,0
"211","A69-1601-20843","2014_Frome","F1","VR2W-103011",50.681696,-2.21012,2014-11-11 18:15:18,2014-11-11 18:17:18,2,322518,3674.748244,0.011394,3674.748244,3674.748244
"212","A69-1601-20843","2014_Frome","F6","VR2W-105212",50.680533,-2.190656,2014-11-11 19:09:37,2014-11-11 19:09:37,1,3139,1525.155999,0.485873,5199.904243,5199.904243
"213","A69-1601-20843","2014_Frome","F7","VR2W-123747",50.683685,-2.108733,2014-11-12 17:48:49,2014-11-12 17:54:24,6,81552,6879.620392,0.084359,12079.524635,12079.524635
"214","A69-1601-20843","2014_Frome","F8","VR2W-123749",50.690398,-2.084783,2014-11-12 17:56:27,2014-11-12 17:58:03,4,123,2338.776258,19.014441,14418.300893,14418.300893
"215","A69-1601-20844","2014_Frome","rel_frome","none",50.688068,-2.257873,2014-11-08 00:40:00,2014-11-08 00:40:00,1,NA,NA,NA,0,0
"216","A69-1601-20844","2014_Frome","F6","VR2W-105212",50.680533,-2.190656,2014-11-08 03:57:54,2014-11-08 03:57:54,1,11874,5199.904243,0.437924,5199.904243,5199.904243
"217","A69-1601-20844","2014_Frome","F7","VR2W-123747",50.683685,-2.108733,2014-11-08 16:02:07,2014-11-08 16:07:02,8,43453,6879.620392,0.158323,12079.524635,12079.524635
"218","A69-1601-20844","2014_Frome","F8","VR2W-123749",50.690398,-2.084783,2014-11-08 16:10:45,2014-11-08 16:11:18,2,223,2338.776258,10.487786,14418.300893,14418.300893
"219","A69-1601-20845","2014_Frome","rel_frome","none",50.688068,-2.257873,2014-11-08 00:40:00,2014-11-08 00:40:00,1,NA,NA,NA,0,0
"220","A69-1601-20845","2014_Frome","F1","VR2W-103011",50.681696,-2.21012,2014-11-11 20:46:44,2014-11-11 20:47:06,2,331604,3674.748244,0.011082,3674.748244,3674.748244
"221","A69-1601-20845","2014_Frome","F6","VR2W-105212",50.680533,-2.190656,2014-11-11 21:50:37,2014-11-11 21:50:37,1,3811,1525.155999,0.400198,5199.904243,5199.904243
"222","A69-1601-20845","2014_Frome","F7","VR2W-123747",50.683685,-2.108733,2014-11-12 17:38:44,2014-11-12 17:44:58,9,71287,6879.620392,0.096506,12079.524635,12079.524635
"223","A69-1601-20845","2014_Frome","F8","VR2W-123749",50.690398,-2.084783,2014-11-12 17:46:32,2014-11-12 17:49:51,5,94,2338.776258,24.880598,14418.300893,14418.300893
"224","A69-1601-20846","2014_Frome","rel_frome","none",50.688068,-2.257873,2014-11-08 00:40:00,2014-11-08 00:40:00,1,NA,NA,NA,0,0
"225","A69-1601-20846","2014_Frome","F7","VR2W-123747",50.683685,-2.108733,2014-11-12 02:55:42,2014-11-12 03:05:24,12,353742,12079.524635,0.034148,12079.524635,12079.524635
"226","A69-1601-20846","2014_Frome","F8","VR2W-123749",50.690398,-2.084783,2014-11-12 03:07:23,2014-11-12 03:07:23,1,119,2338.776258,19.653582,14418.300893,14418.300893
"227","A69-1601-20846","2014_Frome","F7","VR2W-123747",50.683685,-2.108733,2014-11-12 03:07:54,2014-11-12 03:07:54,1,31,2338.776258,75.444395,16757.077151,12079.524635
"228","A69-1601-20846","2014_Frome","F8","VR2W-123749",50.690398,-2.084783,2014-11-12 03:08:06,2014-11-12 03:08:06,1,12,2338.776258,194.898022,19095.853409,14418.300893
"229","A69-1601-20846","2014_Frome","F7","VR2W-123747",50.683685,-2.108733,2014-11-12 03:08:20,2014-11-12 03:08:20,1,14,2338.776258,167.055447,21434.629667,12079.524635
"230","A69-1601-20846","2014_Frome","F8","VR2W-123749",50.690398,-2.084783,2014-11-12 03:08:43,2014-11-12 03:12:53,7,23,2338.776258,101.685924,23773.405925,14418.300893
"231","A69-1601-20847","2014_Frome","rel_frome","none",50.688068,-2.257873,2014-11-08 00:40:00,2014-11-08 00:40:00,1,NA,NA,NA,0,0
"232","A69-1601-20848","2014_Frome","rel_frome","none",50.688068,-2.257873,2014-11-08 01:00:00,2014-11-08 01:00:00,1,NA,NA,NA,0,0
"233","A69-1601-20848","2014_Frome","F6","VR2W-105212",50.680533,-2.190656,2014-11-11 18:32:16,2014-11-11 18:32:38,2,322336,5199.904243,0.016132,5199.904243,5199.904243
"234","A69-1601-20848","2014_Frome","F7","VR2W-123747",50.683685,-2.108733,2014-11-12 02:11:41,2014-11-12 03:35:26,22,27543,6879.620392,0.249777,12079.524635,12079.524635
"235","A69-1601-20848","2014_Frome","F7","VR2W-123747",50.683685,-2.108733,2014-11-12 06:30:46,2014-11-12 06:35:52,8,NA,NA,NA,12079.524635,12079.524635
"236","A69-1601-20848","2014_Frome","F8","VR2W-123749",50.690398,-2.084783,2014-11-12 06:39:45,2014-11-12 06:39:45,1,233,2338.776258,10.037666,14418.300893,14418.300893
"237","A69-1601-20849","2014_Frome","rel_frome","none",50.688068,-2.257873,2014-11-08 01:30:00,2014-11-08 01:30:00,1,NA,NA,NA,0,0
"238","A69-1601-20849","2014_Frome","F6","VR2W-105212",50.680533,-2.190656,2014-11-11 19:27:15,2014-11-11 19:27:15,1,323835,5199.904243,0.016057,5199.904243,5199.904243
"239","A69-1601-20849","2014_Frome","F7","VR2W-123747",50.683685,-2.108733,2014-11-12 00:55:14,2014-11-12 01:18:13,36,19679,6879.620392,0.349592,12079.524635,12079.524635
"240","A69-1601-20849","2014_Frome","F8","VR2W-123749",50.690398,-2.084783,2014-11-12 01:18:20,2014-11-12 01:18:20,1,7,2338.776258,334.110894,14418.300893,14418.300893
"241","A69-1601-20849","2014_Frome","F7","VR2W-123747",50.683685,-2.108733,2014-11-12 01:18:36,2014-11-12 01:18:36,1,16,2338.776258,146.173516,16757.077151,12079.524635
"242","A69-1601-20849","2014_Frome","F8","VR2W-123749",50.690398,-2.084783,2014-11-12 01:19:02,2014-11-12 01:19:02,1,26,2338.776258,89.952933,19095.853409,14418.300893
"243","A69-1601-20849","2014_Frome","F7","VR2W-123747",50.683685,-2.108733,2014-11-12 01:19:04,2014-11-12 01:19:04,1,2,2338.776258,1169.388129,21434.629667,12079.524635
"244","A69-1601-20849","2014_Frome","F8","VR2W-123749",50.690398,-2.084783,2014-11-12 01:19:25,2014-11-12 01:19:25,1,21,2338.776258,111.370298,23773.405925,14418.300893
"245","A69-1601-20849","2014_Frome","F7","VR2W-123747",50.683685,-2.108733,2014-11-12 01:19:40,2014-11-12 01:19:40,1,15,2338.776258,155.918417,26112.182183,12079.524635
"246","A69-1601-20849","2014_Frome","F8","VR2W-123749",50.690398,-2.084783,2014-11-12 01:19:53,2014-11-12 01:19:53,1,13,2338.776258,179.905866,28450.958441,14418.300893
"247","A69-1601-20849","2014_Frome","F7","VR2W-123747",50.683685,-2.108733,2014-11-12 01:20:03,2014-11-12 01:20:03,1,10,2338.776258,233.877626,30789.734699,12079.524635
"248","A69-1601-20849","2014_Frome","F8","VR2W-123749",50.690398,-2.084783,2014-11-12 01:20:29,2014-11-12 01:20:52,2,26,2338.776258,89.952933,33128.510957,14418.300893
"249","A69-1601-20849","2014_Frome","F7","VR2W-123747",50.683685,-2.108733,2014-11-12 01:21:05,2014-11-12 01:21:05,1,13,2338.776258,179.905866,35467.287215,12079.524635
"250","A69-1601-20849","2014_Frome","F8","VR2W-123749",50.690398,-2.084783,2014-11-12 01:21:19,2014-11-12 01:21:19,1,14,2338.776258,167.055447,37806.063473,14418.300893
"251","A69-1601-20849","2014_Frome","F7","VR2W-123747",50.683685,-2.108733,2014-11-12 01:21:48,2014-11-12 01:21:48,1,29,2338.776258,80.647457,40144.839731,12079.524635
"252","A69-1601-20849","2014_Frome","F8","VR2W-123749",50.690398,-2.084783,2014-11-12 01:21:54,2014-11-12 01:21:54,1,6,2338.776258,389.796043,42483.615989,14418.300893
"253","A69-1601-20849","2014_Frome","F7","VR2W-123747",50.683685,-2.108733,2014-11-12 01:22:13,2014-11-12 01:22:13,1,19,2338.776258,123.093487,44822.392247,12079.524635
"254","A69-1601-20849","2014_Frome","F8","VR2W-123749",50.690398,-2.084783,2014-11-12 01:22:36,2014-11-12 01:22:36,1,23,2338.776258,101.685924,47161.168505,14418.300893
"255","A69-1601-20849","2014_Frome","F7","VR2W-123747",50.683685,-2.108733,2014-11-12 01:22:43,2014-11-12 01:22:43,1,7,2338.776258,334.110894,49499.944763,12079.524635
"256","A69-1601-20849","2014_Frome","F8","VR2W-123749",50.690398,-2.084783,2014-11-12 01:23:01,2014-11-12 01:27:11,5,18,2338.776258,129.932014,51838.721021,14418.300893
"257","A69-1601-20850","2014_Frome","rel_frome","none",50.688068,-2.257873,2014-11-11 17:40:00,2014-11-11 17:40:00,1,NA,NA,NA,0,0
"258","A69-1601-20850","2014_Frome","F1","VR2W-103011",50.681696,-2.21012,2014-11-11 19:54:26,2014-11-11 20:01:11,3,8066,3674.748244,0.455585,3674.748244,3674.748244
"259","A69-1601-20850","2014_Frome","F6","VR2W-105212",50.680533,-2.190656,2014-11-11 20:51:30,2014-11-11 20:51:30,1,3019,1525.155999,0.505186,5199.904243,5199.904243
"260","A69-1601-20850","2014_Frome","F7","VR2W-123747",50.683685,-2.108733,2014-11-12 02:03:39,2014-11-12 02:23:18,28,18729,6879.620392,0.367324,12079.524635,12079.524635
"261","A69-1601-20850","2014_Frome","F8","VR2W-123749",50.690398,-2.084783,2014-11-12 02:24:34,2014-11-12 02:28:52,8,76,2338.776258,30.773372,14418.300893,14418.300893
"262","A69-1601-20851","2014_Frome","rel_frome","none",50.688068,-2.257873,2014-11-11 17:40:00,2014-11-11 17:40:00,1,NA,NA,NA,0,0
"263","A69-1601-20851","2014_Frome","F1","VR2W-103011",50.681696,-2.21012,2014-11-11 19:35:39,2014-11-11 19:37:12,4,6939,3674.748244,0.529579,3674.748244,3674.748244
"264","A69-1601-20851","2014_Frome","F6","VR2W-105212",50.680533,-2.190656,2014-11-11 20:37:48,2014-11-11 20:37:48,1,3636,1525.155999,0.41946,5199.904243,5199.904243
"265","A69-1601-20851","2014_Frome","F7","VR2W-123747",50.683685,-2.108733,2014-11-12 01:49:09,2014-11-12 01:59:29,21,18681,6879.620392,0.368268,12079.524635,12079.524635
"266","A69-1601-20851","2014_Frome","F8","VR2W-123749",50.690398,-2.084783,2014-11-12 01:59:37,2014-11-12 01:59:37,1,8,2338.776258,292.347032,14418.300893,14418.300893
"267","A69-1601-20851","2014_Frome","F7","VR2W-123747",50.683685,-2.108733,2014-11-12 01:59:51,2014-11-12 01:59:51,1,14,2338.776258,167.055447,16757.077151,12079.524635
"268","A69-1601-20851","2014_Frome","F8","VR2W-123749",50.690398,-2.084783,2014-11-12 01:59:57,2014-11-12 02:00:40,3,6,2338.776258,389.796043,19095.853409,14418.300893
"269","A69-1601-20851","2014_Frome","F7","VR2W-123747",50.683685,-2.108733,2014-11-12 02:01:13,2014-11-12 02:01:35,2,33,2338.776258,70.872008,21434.629667,12079.524635
"270","A69-1601-20851","2014_Frome","F8","VR2W-123749",50.690398,-2.084783,2014-11-12 02:01:41,2014-11-12 02:02:24,3,6,2338.776258,389.796043,23773.405925,14418.300893
"271","A69-1601-20851","2014_Frome","F7","VR2W-123747",50.683685,-2.108733,2014-11-12 02:02:31,2014-11-12 02:02:31,1,7,2338.776258,334.110894,26112.182183,12079.524635
"272","A69-1601-20851","2014_Frome","F8","VR2W-123749",50.690398,-2.084783,2014-11-12 02:02:48,2014-11-12 02:06:16,7,17,2338.776258,137.575074,28450.958441,14418.300893
"273","A69-1601-20852","2014_Frome","rel_frome","none",50.688068,-2.257873,2014-11-11 18:05:00,2014-11-11 18:05:00,1,NA,NA,NA,0,0
"274","A69-1601-20852","2014_Frome","F1","VR2W-103011",50.681696,-2.21012,2014-11-11 21:35:27,2014-11-11 21:35:27,1,12627,3674.748244,0.291023,3674.748244,3674.748244
"275","A69-1601-20852","2014_Frome","F7","VR2W-123747",50.683685,-2.108733,2014-11-12 17:10:17,2014-11-12 17:16:52,7,70490,8404.776391,0.119234,12079.524635,12079.524635
"276","A69-1601-20852","2014_Frome","F8","VR2W-123749",50.690398,-2.084783,2014-11-12 17:17:42,2014-11-12 17:17:42,1,50,2338.776258,46.775525,14418.300893,14418.300893
"277","A69-1601-20852","2014_Frome","F7","VR2W-123747",50.683685,-2.108733,2014-11-12 17:18:53,2014-11-12 17:18:53,1,71,2338.776258,32.940511,16757.077151,12079.524635
"278","A69-1601-20852","2014_Frome","F8","VR2W-123749",50.690398,-2.084783,2014-11-12 17:19:20,2014-11-12 17:23:39,10,27,2338.776258,86.621343,19095.853409,14418.300893
"279","A69-1601-20853","2014_Frome","rel_frome","none",50.688068,-2.257873,2014-11-11 18:05:00,2014-11-11 18:05:00,1,NA,NA,NA,0,0
"280","A69-1601-20853","2014_Frome","F1","VR2W-103011",50.681696,-2.21012,2014-11-11 19:50:00,2014-11-11 19:56:09,4,6300,3674.748244,0.583293,3674.748244,3674.748244
"281","A69-1601-20853","2014_Frome","F6","VR2W-105212",50.680533,-2.190656,2014-11-11 20:44:30,2014-11-11 20:44:30,1,2901,1525.155999,0.525735,5199.904243,5199.904243
"282","A69-1601-20853","2014_Frome","F7","VR2W-123747",50.683685,-2.108733,2014-11-12 17:20:02,2014-11-12 17:31:12,9,74132,6879.620392,0.092802,12079.524635,12079.524635
"283","A69-1601-20853","2014_Frome","F8","VR2W-123749",50.690398,-2.084783,2014-11-12 17:31:35,2014-11-12 17:31:35,1,23,2338.776258,101.685924,14418.300893,14418.300893
"284","A69-1601-20853","2014_Frome","F7","VR2W-123747",50.683685,-2.108733,2014-11-12 17:32:32,2014-11-12 17:32:32,1,57,2338.776258,41.031162,16757.077151,12079.524635
"285","A69-1601-20853","2014_Frome","F8","VR2W-123749",50.690398,-2.084783,2014-11-12 17:32:58,2014-11-12 17:33:21,2,26,2338.776258,89.952933,19095.853409,14418.300893
"286","A69-1601-20853","2014_Frome","F7","VR2W-123747",50.683685,-2.108733,2014-11-12 17:34:07,2014-11-12 17:34:07,1,46,2338.776258,50.842962,21434.629667,12079.524635
"287","A69-1601-20853","2014_Frome","F8","VR2W-123749",50.690398,-2.084783,2014-11-12 17:34:56,2014-11-12 17:37:21,4,49,2338.776258,47.730128,23773.405925,14418.300893
"288","A69-1601-20854","2014_Frome","rel_frome","none",50.688068,-2.257873,2014-11-11 18:05:00,2014-11-11 18:05:00,1,NA,NA,NA,0,0
"289","A69-1601-20854","2014_Frome","F6","VR2W-105212",50.680533,-2.190656,2014-11-12 23:58:47,2014-11-12 23:58:47,1,107627,5199.904243,0.048314,5199.904243,5199.904243
"290","A69-1601-20854","2014_Frome","F7","VR2W-123747",50.683685,-2.108733,2014-11-23 21:07:02,2014-11-23 21:27:05,28,940095,6879.620392,0.007318,12079.524635,12079.524635
"291","A69-1601-20854","2014_Frome","F8","VR2W-123749",50.690398,-2.084783,2014-11-23 21:27:48,2014-11-23 21:28:13,2,43,2338.776258,54.390146,14418.300893,14418.300893
"292","A69-1601-20854","2014_Frome","F7","VR2W-123747",50.683685,-2.108733,2014-11-23 21:28:16,2014-11-23 21:28:16,1,3,2338.776258,779.592086,16757.077151,12079.524635
"293","A69-1601-20854","2014_Frome","F8","VR2W-123749",50.690398,-2.084783,2014-11-23 21:28:43,2014-11-23 21:29:23,2,27,2338.776258,86.621343,19095.853409,14418.300893
"294","A69-1601-20854","2014_Frome","F7","VR2W-123747",50.683685,-2.108733,2014-11-23 21:29:34,2014-11-23 21:29:34,1,11,2338.776258,212.616023,21434.629667,12079.524635
"295","A69-1601-20854","2014_Frome","F8","VR2W-123749",50.690398,-2.084783,2014-11-23 21:29:56,2014-11-23 21:29:56,1,22,2338.776258,106.308012,23773.405925,14418.300893
"296","A69-1601-20854","2014_Frome","F7","VR2W-123747",50.683685,-2.108733,2014-11-23 21:30:17,2014-11-23 21:30:17,1,21,2338.776258,111.370298,26112.182183,12079.524635
"297","A69-1601-20854","2014_Frome","F8","VR2W-123749",50.690398,-2.084783,2014-11-23 21:30:42,2014-11-23 21:36:06,10,25,2338.776258,93.55105,28450.958441,14418.300893
"298","A69-1601-20855","2014_Frome","rel_frome","none",50.688068,-2.257873,2014-11-11 18:05:00,2014-11-11 18:05:00,1,NA,NA,NA,0,0
"299","A69-1601-20855","2014_Frome","F1","VR2W-103011",50.681696,-2.21012,2014-11-11 21:02:56,2014-11-11 21:09:18,4,10676,3674.748244,0.344206,3674.748244,3674.748244
"300","A69-1601-20855","2014_Frome","F6","VR2W-105212",50.680533,-2.190656,2014-11-11 21:57:59,2014-11-11 21:57:59,1,2921,1525.155999,0.522135,5199.904243,5199.904243
"301","A69-1601-20855","2014_Frome","F7","VR2W-123747",50.683685,-2.108733,2014-11-12 06:20:20,2014-11-12 16:52:34,888,30141,6879.620392,0.228248,12079.524635,12079.524635
"302","A69-1601-20855","2014_Frome","F8","VR2W-123749",50.690398,-2.084783,2014-11-12 16:59:23,2014-11-12 17:09:05,19,409,2338.776258,5.718279,14418.300893,14418.300893
"303","A69-1601-20856","2014_Frome","rel_frome","none",50.688068,-2.257873,2014-11-11 18:20:00,2014-11-11 18:20:00,1,NA,NA,NA,0,0
"304","A69-1601-20856","2014_Frome","F6","VR2W-105212",50.680533,-2.190656,2014-11-11 21:30:59,2014-11-11 21:30:59,1,11459,5199.904243,0.453783,5199.904243,5199.904243
"305","A69-1601-20856","2014_Frome","F7","VR2W-123747",50.683685,-2.108733,2014-11-12 02:16:59,2014-11-12 02:27:31,13,17160,6879.620392,0.40091,12079.524635,12079.524635
"306","A69-1601-20856","2014_Frome","F8","VR2W-123749",50.690398,-2.084783,2014-11-12 02:27:42,2014-11-12 02:27:42,1,11,2338.776258,212.616023,14418.300893,14418.300893
"307","A69-1601-20856","2014_Frome","F7","VR2W-123747",50.683685,-2.108733,2014-11-12 02:27:58,2014-11-12 02:27:58,1,16,2338.776258,146.173516,16757.077151,12079.524635
"308","A69-1601-20856","2014_Frome","F8","VR2W-123749",50.690398,-2.084783,2014-11-12 02:28:20,2014-11-12 02:28:20,1,22,2338.776258,106.308012,19095.853409,14418.300893
"309","A69-1601-20856","2014_Frome","F7","VR2W-123747",50.683685,-2.108733,2014-11-12 02:28:34,2014-11-12 02:28:34,1,14,2338.776258,167.055447,21434.629667,12079.524635
"310","A69-1601-20856","2014_Frome","F8","VR2W-123749",50.690398,-2.084783,2014-11-12 02:28:47,2014-11-12 02:28:47,1,13,2338.776258,179.905866,23773.405925,14418.300893
"311","A69-1601-20856","2014_Frome","F7","VR2W-123747",50.683685,-2.108733,2014-11-12 02:29:22,2014-11-12 02:29:22,1,35,2338.776258,66.822179,26112.182183,12079.524635
"312","A69-1601-20856","2014_Frome","F8","VR2W-123749",50.690398,-2.084783,2014-11-12 02:29:23,2014-11-12 02:29:45,2,1,2338.776258,2338.776258,28450.958441,14418.300893
"313","A69-1601-20856","2014_Frome","F7","VR2W-123747",50.683685,-2.108733,2014-11-12 02:29:54,2014-11-12 02:29:54,1,9,2338.776258,259.864029,30789.734699,12079.524635
"314","A69-1601-20856","2014_Frome","F8","VR2W-123749",50.690398,-2.084783,2014-11-12 02:30:11,2014-11-12 02:34:49,8,17,2338.776258,137.575074,33128.510957,14418.300893
"315","A69-1601-20857","2014_Frome","rel_frome","none",50.688068,-2.257873,2014-11-11 18:40:00,2014-11-11 18:40:00,1,NA,NA,NA,0,0
"316","A69-1601-20857","2014_Frome","F1","VR2W-103011",50.681696,-2.21012,2015-01-03 18:23:24,2015-01-03 18:26:11,2,4578204,3674.748244,0.000803,3674.748244,3674.748244
"317","A69-1601-20857","2014_Frome","F6","VR2W-105212",50.680533,-2.190656,2015-01-03 19:41:33,2015-01-03 19:41:33,1,4522,1525.155999,0.337275,5199.904243,5199.904243
"318","A69-1601-20857","2014_Frome","F7","VR2W-123747",50.683685,-2.108733,2015-01-04 01:40:25,2015-01-04 01:49:06,12,21532,6879.620392,0.319507,12079.524635,12079.524635
"319","A69-1601-20857","2014_Frome","F8","VR2W-123749",50.690398,-2.084783,2015-01-04 01:52:01,2015-01-04 01:55:11,8,175,2338.776258,13.364436,14418.300893,14418.300893
"320","A69-1601-20858","2014_Frome","rel_frome","none",50.688068,-2.257873,2014-11-11 18:20:00,2014-11-11 18:20:00,1,NA,NA,NA,0,0
"321","A69-1601-20858","2014_Frome","F6","VR2W-105212",50.680533,-2.190656,2014-11-11 21:05:56,2014-11-11 21:05:56,1,9956,5199.904243,0.522288,5199.904243,5199.904243
"322","A69-1601-20858","2014_Frome","F7","VR2W-123747",50.683685,-2.108733,2014-11-12 02:27:26,2014-11-12 02:44:58,21,19290,6879.620392,0.356642,12079.524635,12079.524635
"323","A69-1601-20858","2014_Frome","F8","VR2W-123749",50.690398,-2.084783,2014-11-12 02:45:20,2014-11-12 02:45:20,1,22,2338.776258,106.308012,14418.300893,14418.300893
"324","A69-1601-20858","2014_Frome","F7","VR2W-123747",50.683685,-2.108733,2014-11-12 02:45:34,2014-11-12 02:45:34,1,14,2338.776258,167.055447,16757.077151,12079.524635
"325","A69-1601-20858","2014_Frome","F8","VR2W-123749",50.690398,-2.084783,2014-11-12 02:45:47,2014-11-12 02:48:33,6,13,2338.776258,179.905866,19095.853409,14418.300893
"326","A69-1601-20858","2014_Frome","F7","VR2W-123747",50.683685,-2.108733,2014-11-12 02:49:15,2014-11-12 02:49:15,1,42,2338.776258,55.685149,21434.629667,12079.524635
"327","A69-1601-20858","2014_Frome","F8","VR2W-123749",50.690398,-2.084783,2014-11-12 02:49:19,2014-11-12 02:50:43,3,4,2338.776258,584.694065,23773.405925,14418.300893
"328","A69-1601-20858","2014_Frome","F7","VR2W-123747",50.683685,-2.108733,2014-11-12 02:51:05,2014-11-12 02:51:05,1,22,2338.776258,106.308012,26112.182183,12079.524635
"329","A69-1601-20858","2014_Frome","F8","VR2W-123749",50.690398,-2.084783,2014-11-12 02:51:13,2014-11-12 03:03:08,21,8,2338.776258,292.347032,28450.958441,14418.300893
"330","A69-1601-20859","2014_Frome","rel_frome","none",50.688068,-2.257873,2014-11-11 18:40:00,2014-11-11 18:40:00,1,NA,NA,NA,0,0
"331","A69-1601-20859","2014_Frome","F1","VR2W-103011",50.681696,-2.21012,2014-11-11 20:22:18,2014-11-11 20:27:40,2,6138,3674.748244,0.598688,3674.748244,3674.748244
"332","A69-1601-20859","2014_Frome","F6","VR2W-105212",50.680533,-2.190656,2014-11-11 21:14:42,2014-11-11 21:14:42,1,2822,1525.155999,0.540452,5199.904243,5199.904243
"333","A69-1601-20859","2014_Frome","F7","VR2W-123747",50.683685,-2.108733,2014-11-12 01:57:46,2014-11-12 03:28:42,70,16984,6879.620392,0.405065,12079.524635,12079.524635
"334","A69-1601-20859","2014_Frome","F7","VR2W-123747",50.683685,-2.108733,2014-11-12 04:44:39,2014-11-12 04:58:03,15,NA,NA,NA,12079.524635,12079.524635
"335","A69-1601-20859","2014_Frome","F8","VR2W-123749",50.690398,-2.084783,2014-11-12 04:58:52,2014-11-12 04:58:52,1,49,2338.776258,47.730128,14418.300893,14418.300893
"336","A69-1601-20859","2014_Frome","F7","VR2W-123747",50.683685,-2.108733,2014-11-12 04:59:22,2014-11-12 04:59:22,1,30,2338.776258,77.959209,16757.077151,12079.524635
"337","A69-1601-20859","2014_Frome","F8","VR2W-123749",50.690398,-2.084783,2014-11-12 04:59:34,2014-11-12 05:06:04,11,12,2338.776258,194.898022,19095.853409,14418.300893
"338","A69-1601-20859","2014_Frome","F8","VR2W-123749",50.690398,-2.084783,2014-11-13 03:50:22,2014-11-13 03:54:39,8,NA,NA,NA,19095.853409,14418.300893
"339","A69-1601-20859","2014_Frome","F7","VR2W-123747",50.683685,-2.108733,2014-11-13 03:55:22,2014-11-13 03:55:22,1,43,2338.776258,54.390146,21434.629667,12079.524635
"340","A69-1601-20859","2014_Frome","F8","VR2W-123749",50.690398,-2.084783,2014-11-13 03:55:27,2014-11-13 03:56:56,3,5,2338.776258,467.755252,23773.405925,14418.300893
"341","A69-1601-20859","2014_Frome","F7","VR2W-123747",50.683685,-2.108733,2014-11-13 03:57:15,2014-11-13 03:57:15,1,19,2338.776258,123.093487,26112.182183,12079.524635
"342","A69-1601-20859","2014_Frome","F8","VR2W-123749",50.690398,-2.084783,2014-11-13 03:57:36,2014-11-13 03:57:36,1,21,2338.776258,111.370298,28450.958441,14418.300893
"343","A69-1601-20859","2014_Frome","F7","VR2W-123747",50.683685,-2.108733,2014-11-13 03:57:55,2014-11-13 03:57:55,1,19,2338.776258,123.093487,30789.734699,12079.524635
"344","A69-1601-20859","2014_Frome","F8","VR2W-123749",50.690398,-2.084783,2014-11-13 03:58:05,2014-11-13 03:58:05,1,10,2338.776258,233.877626,33128.510957,14418.300893
"345","A69-1601-20859","2014_Frome","F7","VR2W-123747",50.683685,-2.108733,2014-11-13 03:58:28,2014-11-13 03:58:28,1,23,2338.776258,101.685924,35467.287215,12079.524635
"346","A69-1601-20859","2014_Frome","F8","VR2W-123749",50.690398,-2.084783,2014-11-13 03:58:46,2014-11-13 03:58:46,1,18,2338.776258,129.932014,37806.063473,14418.300893
"347","A69-1601-20859","2014_Frome","F7","VR2W-123747",50.683685,-2.108733,2014-11-13 03:59:15,2014-11-13 03:59:15,1,29,2338.776258,80.647457,40144.839731,12079.524635
"348","A69-1601-20859","2014_Frome","F8","VR2W-123749",50.690398,-2.084783,2014-11-13 03:59:19,2014-11-13 03:59:19,1,4,2338.776258,584.694065,42483.615989,14418.300893
"349","A69-1601-20859","2014_Frome","F7","VR2W-123747",50.683685,-2.108733,2014-11-13 04:00:01,2014-11-13 04:00:01,1,42,2338.776258,55.685149,44822.392247,12079.524635
"350","A69-1601-20859","2014_Frome","F8","VR2W-123749",50.690398,-2.084783,2014-11-13 04:00:06,2014-11-13 04:00:06,1,5,2338.776258,467.755252,47161.168505,14418.300893
"351","A69-1601-20859","2014_Frome","F7","VR2W-123747",50.683685,-2.108733,2014-11-13 04:00:43,2014-11-13 04:00:43,1,37,2338.776258,63.210169,49499.944763,12079.524635
"352","A69-1601-20859","2014_Frome","F8","VR2W-123749",50.690398,-2.084783,2014-11-13 04:00:51,2014-11-13 04:00:51,1,8,2338.776258,292.347032,51838.721021,14418.300893
"353","A69-1601-20859","2014_Frome","F7","VR2W-123747",50.683685,-2.108733,2014-11-13 04:01:20,2014-11-13 04:01:20,1,29,2338.776258,80.647457,54177.497279,12079.524635
"354","A69-1601-20859","2014_Frome","F8","VR2W-123749",50.690398,-2.084783,2014-11-13 04:01:34,2014-11-13 04:01:34,1,14,2338.776258,167.055447,56516.273537,14418.300893
"355","A69-1601-20859","2014_Frome","F7","VR2W-123747",50.683685,-2.108733,2014-11-13 04:01:45,2014-11-13 04:01:45,1,11,2338.776258,212.616023,58855.049795,12079.524635
"356","A69-1601-20859","2014_Frome","F8","VR2W-123749",50.690398,-2.084783,2014-11-13 04:02:11,2014-11-13 04:02:11,1,26,2338.776258,89.952933,61193.826053,14418.300893
"357","A69-1601-20859","2014_Frome","F7","VR2W-123747",50.683685,-2.108733,2014-11-13 04:02:16,2014-11-13 04:02:16,1,5,2338.776258,467.755252,63532.602311,12079.524635
"358","A69-1601-20859","2014_Frome","F8","VR2W-123749",50.690398,-2.084783,2014-11-13 04:02:36,2014-11-13 04:02:36,1,20,2338.776258,116.938813,65871.378569,14418.300893
"359","A69-1601-20859","2014_Frome","F7","VR2W-123747",50.683685,-2.108733,2014-11-13 04:03:01,2014-11-13 04:06:54,7,25,2338.776258,93.55105,68210.154827,12079.524635
"360","A69-1601-20859","2014_Frome","F8","VR2W-123749",50.690398,-2.084783,2014-11-13 04:06:59,2014-11-13 04:06:59,1,5,2338.776258,467.755252,70548.931085,14418.300893
"361","A69-1601-20859","2014_Frome","F7","VR2W-123747",50.683685,-2.108733,2014-11-13 04:07:37,2014-11-13 04:08:38,3,38,2338.776258,61.546744,72887.707343,12079.524635
"362","A69-1601-20859","2014_Frome","F8","VR2W-123749",50.690398,-2.084783,2014-11-13 04:09:04,2014-11-13 04:09:04,1,26,2338.776258,89.952933,75226.483601,14418.300893
"363","A69-1601-20859","2014_Frome","F7","VR2W-123747",50.683685,-2.108733,2014-11-13 04:09:09,2014-11-13 04:09:52,2,5,2338.776258,467.755252,77565.259859,12079.524635
"364","A69-1601-20859","2014_Frome","F8","VR2W-123749",50.690398,-2.084783,2014-11-13 04:10:00,2014-11-13 04:10:00,1,8,2338.776258,292.347032,79904.036117,14418.300893
"365","A69-1601-20859","2014_Frome","F7","VR2W-123747",50.683685,-2.108733,2014-11-13 04:10:30,2014-11-13 04:11:30,3,30,2338.776258,77.959209,82242.812375,12079.524635
"366","A69-1601-20859","2014_Frome","F8","VR2W-123749",50.690398,-2.084783,2014-11-13 04:11:46,2014-11-13 04:11:46,1,16,2338.776258,146.173516,84581.588633,14418.300893
"367","A69-1601-20859","2014_Frome","F7","VR2W-123747",50.683685,-2.108733,2014-11-13 04:11:50,2014-11-13 04:12:10,2,4,2338.776258,584.694065,86920.364891,12079.524635
"368","A69-1601-20859","2014_Frome","F8","VR2W-123749",50.690398,-2.084783,2014-11-13 04:12:20,2014-11-13 04:12:20,1,10,2338.776258,233.877626,89259.141149,14418.300893
"369","A69-1601-20859","2014_Frome","F7","VR2W-123747",50.683685,-2.108733,2014-11-13 04:12:33,2014-11-13 04:12:33,1,13,2338.776258,179.905866,91597.917407,12079.524635
"370","A69-1601-20859","2014_Frome","F8","VR2W-123749",50.690398,-2.084783,2014-11-13 04:12:40,2014-11-13 04:12:40,1,7,2338.776258,334.110894,93936.693665,14418.300893
"371","A69-1601-20859","2014_Frome","F7","VR2W-123747",50.683685,-2.108733,2014-11-13 04:13:00,2014-11-13 04:13:00,1,20,2338.776258,116.938813,96275.469923,12079.524635
"372","A69-1601-20859","2014_Frome","F8","VR2W-123749",50.690398,-2.084783,2014-11-13 04:13:01,2014-11-13 04:31:00,32,1,2338.776258,2338.776258,98614.246181,14418.300893
"373","A69-1601-20860","2014_Frome","rel_frome","none",50.688068,-2.257873,2014-11-11 18:40:00,2014-11-11 18:40:00,1,NA,NA,NA,0,0
"374","A69-1601-20860","2014_Frome","F1","VR2W-103011",50.681696,-2.21012,2014-11-11 20:55:49,2014-11-11 21:01:14,2,8149,3674.748244,0.450945,3674.748244,3674.748244
"375","A69-1601-20860","2014_Frome","F7","VR2W-123747",50.683685,-2.108733,2014-11-12 02:49:04,2014-11-12 05:49:47,70,20870,8404.776391,0.40272,12079.524635,12079.524635
"376","A69-1601-20860","2014_Frome","F7","VR2W-123747",50.683685,-2.108733,2014-11-12 07:32:51,2014-11-12 17:47:36,277,NA,NA,NA,12079.524635,12079.524635
"377","A69-1601-20860","2014_Frome","F8","VR2W-123749",50.690398,-2.084783,2014-11-12 17:50:00,2014-11-12 17:52:42,3,144,2338.776258,16.241502,14418.300893,14418.300893
"378","A69-1601-20861","2014_Frome","rel_frome","none",50.688068,-2.257873,2014-11-11 19:10:00,2014-11-11 19:10:00,1,NA,NA,NA,0,0
"379","A69-1601-20861","2014_Frome","F1","VR2W-103011",50.681696,-2.21012,2014-11-11 21:03:44,2014-11-11 21:10:17,3,6824,3674.748244,0.538504,3674.748244,3674.748244
"380","A69-1601-20861","2014_Frome","F7","VR2W-123747",50.683685,-2.108733,2014-11-12 05:41:05,2014-11-12 05:52:56,21,30648,8404.776391,0.274236,12079.524635,12079.524635
"381","A69-1601-20861","2014_Frome","F8","VR2W-123749",50.690398,-2.084783,2014-11-12 05:57:53,2014-11-12 06:01:19,7,297,2338.776258,7.874668,14418.300893,14418.300893
"382","A69-1601-20862","2014_Frome","rel_frome","none",50.688068,-2.257873,2014-11-11 19:10:00,2014-11-11 19:10:00,1,NA,NA,NA,0,0
"383","A69-1601-20862","2014_Frome","F1","VR2W-103011",50.681696,-2.21012,2014-11-11 20:40:25,2014-11-11 20:42:33,2,5425,3674.748244,0.677373,3674.748244,3674.748244
"384","A69-1601-20862","2014_Frome","F7","VR2W-123747",50.683685,-2.108733,2014-11-12 02:20:13,2014-11-12 02:31:08,15,20260,8404.776391,0.414846,12079.524635,12079.524635
"385","A69-1601-20862","2014_Frome","F8","VR2W-123749",50.690398,-2.084783,2014-11-12 02:31:56,2014-11-12 02:32:20,2,48,2338.776258,48.724505,14418.300893,14418.300893
"386","A69-1601-20862","2014_Frome","F7","VR2W-123747",50.683685,-2.108733,2014-11-12 02:32:35,2014-11-12 02:32:35,1,15,2338.776258,155.918417,16757.077151,12079.524635
"387","A69-1601-20862","2014_Frome","F8","VR2W-123749",50.690398,-2.084783,2014-11-12 02:32:47,2014-11-12 02:38:19,10,12,2338.776258,194.898022,19095.853409,14418.300893
"388","A69-1601-20863","2014_Frome","rel_frome","none",50.688068,-2.257873,2014-11-11 19:10:00,2014-11-11 19:10:00,1,NA,NA,NA,0,0
"389","A69-1601-20863","2014_Frome","F1","VR2W-103011",50.681696,-2.21012,2014-11-11 22:58:30,2014-11-11 23:07:11,4,13710,3674.748244,0.268034,3674.748244,3674.748244
"390","A69-1601-20863","2014_Frome","F7","VR2W-123747",50.683685,-2.108733,2014-11-12 17:30:03,2014-11-12 17:38:55,4,66172,8404.776391,0.127014,12079.524635,12079.524635
"391","A69-1601-20863","2014_Frome","F8","VR2W-123749",50.690398,-2.084783,2014-11-12 17:39:44,2014-11-12 17:39:44,1,49,2338.776258,47.730128,14418.300893,14418.300893
"392","A69-1601-20863","2014_Frome","F7","VR2W-123747",50.683685,-2.108733,2014-11-12 17:40:12,2014-11-12 17:40:53,2,28,2338.776258,83.527724,16757.077151,12079.524635
"393","A69-1601-20863","2014_Frome","F8","VR2W-123749",50.690398,-2.084783,2014-11-12 17:41:01,2014-11-12 17:43:54,5,8,2338.776258,292.347032,19095.853409,14418.300893
"394","A69-1601-20864","2014_Frome","rel_frome","none",50.688068,-2.257873,2014-11-11 19:10:00,2014-11-11 19:10:00,1,NA,NA,NA,0,0
"395","A69-1601-20864","2014_Frome","F1","VR2W-103011",50.681696,-2.21012,2014-11-11 21:13:35,2014-11-11 21:14:34,3,7415,3674.748244,0.495583,3674.748244,3674.748244
"396","A69-1601-20864","2014_Frome","F6","VR2W-105212",50.680533,-2.190656,2014-11-11 22:14:27,2014-11-11 22:14:27,1,3593,1525.155999,0.42448,5199.904243,5199.904243
"397","A69-1601-20864","2014_Frome","F7","VR2W-123747",50.683685,-2.108733,2014-11-12 18:01:10,2014-11-12 18:09:31,14,71203,6879.620392,0.09662,12079.524635,12079.524635
"398","A69-1601-20864","2014_Frome","F8","VR2W-123749",50.690398,-2.084783,2014-11-12 18:09:46,2014-11-12 18:09:46,1,15,2338.776258,155.918417,14418.300893,14418.300893
"399","A69-1601-20864","2014_Frome","F7","VR2W-123747",50.683685,-2.108733,2014-11-12 18:09:51,2014-11-12 18:10:13,2,5,2338.776258,467.755252,16757.077151,12079.524635
"400","A69-1601-20864","2014_Frome","F8","VR2W-123749",50.690398,-2.084783,2014-11-12 18:10:21,2014-11-12 18:13:17,6,8,2338.776258,292.347032,19095.853409,14418.300893
"401","A69-1601-20865","2014_Frome","rel_frome","none",50.688068,-2.257873,2014-11-11 19:10:00,2014-11-11 19:10:00,1,NA,NA,NA,0,0
"402","A69-1601-20865","2014_Frome","F2","VR2W-105197",50.681468,-2.208596,2014-11-11 23:41:15,2014-11-11 23:41:15,1,16275,3816.173677,0.234481,3816.173677,3816.173677
"403","A69-1601-20865","2014_Frome","F6","VR2W-105212",50.680533,-2.190656,2014-11-12 00:29:39,2014-11-12 00:29:39,1,2904,1383.730566,0.476491,5199.904243,5199.904243
"404","A69-1601-20865","2014_Frome","F7","VR2W-123747",50.683685,-2.108733,2014-11-12 05:45:53,2014-11-12 05:53:45,14,18974,6879.620392,0.362581,12079.524635,12079.524635
"405","A69-1601-20865","2014_Frome","F8","VR2W-123749",50.690398,-2.084783,2014-11-12 06:00:59,2014-11-12 06:02:32,3,434,2338.776258,5.388885,14418.300893,14418.300893
"406","A69-1601-20866","2014_Frome","rel_frome","none",50.688068,-2.257873,2014-11-11 19:10:00,2014-11-11 19:10:00,1,NA,NA,NA,0,0
"407","A69-1601-20866","2014_Frome","F1","VR2W-103011",50.681696,-2.21012,2014-11-11 21:27:25,2014-11-11 21:29:49,4,8245,3674.748244,0.445694,3674.748244,3674.748244
"408","A69-1601-20866","2014_Frome","F6","VR2W-105212",50.680533,-2.190656,2014-11-11 22:18:38,2014-11-11 22:18:38,1,2929,1525.155999,0.520709,5199.904243,5199.904243
"409","A69-1601-20866","2014_Frome","F7","VR2W-123747",50.683685,-2.108733,2014-11-12 17:46:37,2014-11-12 17:52:27,7,70079,6879.620392,0.09817,12079.524635,12079.524635
"410","A69-1601-20866","2014_Frome","F8","VR2W-123749",50.690398,-2.084783,2014-11-12 17:55:17,2014-11-12 17:56:14,3,170,2338.776258,13.757507,14418.300893,14418.300893
