"","animal_project_code","tag_id","station_name","receiver_id","deploy_latitude","deploy_longitude","arrival","departure","detections","swimtime_s","swimdistance_m","speed_m_s","totaldistance_m","distance_to_source_m"
"1","2004_Gudena","A69-1008-101","rel_gudena","none",56.364919,9.900337,2004-05-10 12:00:00,2004-05-10 12:00:00,1,NA,NA,NA,0,0
"2","2004_Gudena","A69-1008-101","GUD2","VR2-1908",56.38312088,9.901577397,2004-05-10 19:34:31,2004-05-10 19:34:31,1,27271,2697.647099,0.09892,2697.647099,2697.647099
"3","2004_Gudena","A69-1008-101","RAN1","VR2-3538",56.45735379,10.01770257,2004-05-11 04:48:57,2004-05-11 05:01:12,14,33266,14448.010732,0.434318,17145.657831,17145.657831
"4","2004_Gudena","A69-1008-101","RAN2","VR2-1909",56.45552792,10.03316608,2004-05-11 05:15:43,2004-05-11 05:20:53,8,871,1021.252793,1.172506,18166.910624,18166.910624
"5","2004_Gudena","A69-1008-101","UGEL1","VR2-3536",56.48324094,10.2181103,2004-05-11 23:47:11,2004-05-12 03:43:47,186,66378,13826.881613,0.208305,31993.792237,31993.792236
"6","2004_Gudena","A69-1008-101","UGEL2","VR2-3539",56.47968471,10.21517113,2004-05-12 23:31:00,2004-05-13 00:56:34,74,71233,456.607505,0.00641,32450.399742,31537.184731
"7","2004_Gudena","A69-1008-101","UGEL2","VR2-3539",56.47968471,10.21517113,2004-05-13 04:02:19,2004-05-13 05:50:21,55,NA,NA,NA,32450.399742,31537.184731
"8","2004_Gudena","A69-1008-101","RAN2","VR2-1909",56.45552792,10.03316608,2004-05-14 21:31:20,2004-05-14 22:45:00,19,142859,13370.274107,0.093591,45820.673849,18166.910624
"9","2004_Gudena","A69-1008-101","RAN2","VR2-1909",56.45552792,10.03316608,2004-05-24 14:38:06,2004-05-24 16:16:16,57,NA,NA,NA,45820.673849,18166.910624
"10","2004_Gudena","A69-1008-101","RAN2","VR2-1909",56.45552792,10.03316608,2004-05-25 02:28:48,2004-05-25 02:41:48,14,NA,NA,NA,45820.673849,18166.910624
"11","2004_Gudena","A69-1008-101","UGEL2","VR2-3539",56.47968471,10.21517113,2004-09-09 00:08:34,2004-09-09 00:59:26,21,9235606,13370.274107,0.001448,59190.947956,31537.184731
"12","2004_Gudena","A69-1008-101","UGEL1","VR2-3536",56.48324094,10.2181103,2004-09-09 05:10:36,2004-09-09 05:10:36,1,15070,456.607505,0.030299,59647.555461,31993.792236
"13","2004_Gudena","A69-1008-101","UGEL2","VR2-3539",56.47968471,10.21517113,2004-09-09 11:16:17,2004-09-09 12:06:41,53,21941,456.607505,0.020811,60104.162966,31537.184731
"14","2004_Gudena","A69-1008-101","UGEL2","VR2-3539",56.47968471,10.21517113,2004-09-11 10:28:08,2004-09-11 11:46:20,44,NA,NA,NA,60104.162966,31537.184731
"15","2004_Gudena","A69-1008-101","UGEL2","VR2-3539",56.47968471,10.21517113,2004-09-13 11:03:17,2004-09-13 11:58:48,70,NA,NA,NA,60104.162966,31537.184731
"16","2004_Gudena","A69-1008-101","UGEL2","VR2-3539",56.47968471,10.21517113,2004-09-15 10:39:47,2004-09-15 11:57:14,65,NA,NA,NA,60104.162966,31537.184731
"17","2004_Gudena","A69-1008-101","UGEL2","VR2-3539",56.47968471,10.21517113,2004-09-17 10:18:21,2004-09-17 11:04:32,57,NA,NA,NA,60104.162966,31537.184731
"18","2004_Gudena","A69-1008-101","UGEL2","VR2-3539",56.47968471,10.21517113,2004-09-19 09:53:26,2004-09-19 09:58:02,4,NA,NA,NA,60104.162966,31537.184731
"19","2004_Gudena","A69-1008-101","UGEL2","VR2-3539",56.47968471,10.21517113,2004-09-19 11:24:36,2004-09-19 12:07:17,42,NA,NA,NA,60104.162966,31537.184731
"20","2004_Gudena","A69-1008-101","GUD2","VR2-1908",56.38312088,9.901577397,2004-12-10 15:13:17,2004-12-10 15:13:17,1,7095960,28839.537632,0.004064,88943.700598,2697.647099
"21","2004_Gudena","A69-1008-102","rel_gudena","none",56.364919,9.900337,2004-05-10 12:00:00,2004-05-10 12:00:00,1,NA,NA,NA,0,0
"22","2004_Gudena","A69-1008-102","GUD2","VR2-1908",56.38312088,9.901577397,2004-05-10 20:50:12,2004-05-10 20:50:43,2,31812,2697.647099,0.0848,2697.647099,2697.647099
"23","2004_Gudena","A69-1008-102","RAN1","VR2-3538",56.45735379,10.01770257,2004-05-11 05:48:05,2004-05-11 05:56:26,10,32242,14448.010732,0.448111,17145.657831,17145.657831
"24","2004_Gudena","A69-1008-102","RAN2","VR2-1909",56.45552792,10.03316608,2004-05-11 06:15:51,2004-05-11 06:28:12,9,1165,1021.252793,0.876612,18166.910624,18166.910624
"25","2004_Gudena","A69-1008-102","UGEL2","VR2-3539",56.47968471,10.21517113,2004-06-02 20:31:25,2004-06-02 21:57:49,68,1951393,13370.274107,0.006852,31537.184731,31537.184731
"26","2004_Gudena","A69-1008-103","rel_gudena","none",56.364919,9.900337,2004-05-18 12:00:00,2004-05-18 12:00:00,1,NA,NA,NA,0,0
"27","2004_Gudena","A69-1008-103","GUD2","VR2-1908",56.38312088,9.901577397,2004-05-18 23:03:40,2004-05-18 23:05:17,3,39820,2697.647099,0.067746,2697.647099,2697.647099
"28","2004_Gudena","A69-1008-103","RAN1","VR2-3538",56.45735379,10.01770257,2004-05-19 02:59:29,2004-05-19 03:02:51,5,14052,14448.010732,1.028182,17145.657831,17145.657831
"29","2004_Gudena","A69-1008-103","RAN2","VR2-1909",56.45552792,10.03316608,2004-05-19 03:17:40,2004-05-19 03:22:04,5,889,1021.252793,1.148766,18166.910624,18166.910624
"30","2004_Gudena","A69-1008-104","rel_gudena","none",56.364919,9.900337,2004-05-18 12:00:00,2004-05-18 12:00:00,1,NA,NA,NA,0,0
"31","2004_Gudena","A69-1008-104","GUD1","VR20-2029",56.38230254,9.897962798,2004-05-18 20:58:24,2004-05-18 21:21:07,5,32304,2436.253722,0.075416,2436.253722,2436.253722
"32","2004_Gudena","A69-1008-104","RAN1","VR2-3538",56.45735379,10.01770257,2004-05-19 23:50:35,2004-05-19 23:57:34,10,95368,14709.404108,0.154238,17145.65783,17145.657831
"33","2004_Gudena","A69-1008-104","RAN2","VR2-1909",56.45552792,10.03316608,2004-05-20 00:25:55,2004-05-20 00:45:08,16,1701,1021.252793,0.600384,18166.910623,18166.910624
"34","2004_Gudena","A69-1008-104","UGEL2","VR2-3539",56.47968471,10.21517113,2004-09-16 21:17:24,2004-09-16 22:36:04,86,10355536,13370.274107,0.001291,31537.18473,31537.184731
"35","2004_Gudena","A69-1008-104","UGEL2","VR2-3539",56.47968471,10.21517113,2004-09-30 18:07:31,2004-09-30 18:22:59,7,NA,NA,NA,31537.18473,31537.184731
"36","2004_Gudena","A69-1008-104","UDBY2","VR2-3530",56.60980547,10.30384199,2004-10-03 06:30:58,2004-10-03 06:40:12,6,216479,17359.407916,0.08019,48896.592646,48896.592647
"37","2004_Gudena","A69-1008-104","UDBY1","VR20-2027",56.60799107,10.29949461,2004-10-03 11:10:32,2004-10-03 11:10:32,1,16220,366.239022,0.022579,49262.831668,48530.353625
"38","2004_Gudena","A69-1008-104","UDBY2","VR2-3530",56.60980547,10.30384199,2004-10-03 17:23:31,2004-10-03 17:23:31,1,22379,366.239022,0.016365,49629.07069,48896.592647
"39","2004_Gudena","A69-1008-104","UDBY1","VR20-2027",56.60799107,10.29949461,2004-10-03 18:55:36,2004-10-03 18:55:36,1,5525,366.239022,0.066288,49995.309712,48530.353625
"40","2004_Gudena","A69-1008-105","rel_gudena","none",56.364919,9.900337,2004-05-18 12:00:00,2004-05-18 12:00:00,1,NA,NA,NA,0,0
"41","2004_Gudena","A69-1008-105","GUD2","VR2-1908",56.38312088,9.901577397,2004-05-18 21:27:42,2004-05-18 21:34:55,7,34062,2697.647099,0.079198,2697.647099,2697.647099
"42","2004_Gudena","A69-1008-105","RAN1","VR2-3538",56.45735379,10.01770257,2004-05-19 01:51:32,2004-05-19 01:57:23,7,15397,14448.010732,0.938365,17145.657831,17145.657831
"43","2004_Gudena","A69-1008-105","RAN2","VR2-1909",56.45552792,10.03316608,2004-05-19 02:10:37,2004-05-19 02:22:26,15,794,1021.252793,1.286213,18166.910624,18166.910624
"44","2004_Gudena","A69-1008-105","UGEL1","VR2-3536",56.48324094,10.2181103,2004-05-31 23:51:27,2004-06-01 00:56:06,71,1114141,13826.881613,0.01241,31993.792237,31993.792236
"45","2004_Gudena","A69-1008-105","UGEL1","VR2-3536",56.48324094,10.2181103,2004-06-01 03:35:26,2004-06-01 04:00:44,27,NA,NA,NA,31993.792237,31993.792236
"46","2004_Gudena","A69-1008-105","UGEL1","VR2-3536",56.48324094,10.2181103,2004-06-03 00:51:22,2004-06-03 02:19:03,67,NA,NA,NA,31993.792237,31993.792236
"47","2004_Gudena","A69-1008-105","UGEL1","VR2-3536",56.48324094,10.2181103,2004-06-04 22:49:34,2004-06-04 22:49:34,1,NA,NA,NA,31993.792237,31993.792236
"48","2004_Gudena","A69-1008-105","UDBY1","VR20-2027",56.60799107,10.29949461,2004-06-15 23:58:41,2004-06-16 00:04:20,6,954547,16536.561389,0.017324,48530.353626,48530.353625
"49","2004_Gudena","A69-1008-106","rel_gudena","none",56.364919,9.900337,2004-05-18 12:00:00,2004-05-18 12:00:00,1,NA,NA,NA,0,0
"50","2004_Gudena","A69-1008-106","GUD2","VR2-1908",56.38312088,9.901577397,2004-05-31 00:26:49,2004-05-31 00:28:42,3,1081609,2697.647099,0.002494,2697.647099,2697.647099
"51","2004_Gudena","A69-1008-106","RAN1","VR2-3538",56.45735379,10.01770257,2004-06-01 23:49:29,2004-06-02 00:06:37,15,170447,14448.010732,0.084765,17145.657831,17145.657831
"52","2004_Gudena","A69-1008-106","RAN2","VR2-1909",56.45552792,10.03316608,2004-06-02 00:33:57,2004-06-02 00:40:55,11,1640,1021.252793,0.622715,18166.910624,18166.910624
"53","2004_Gudena","A69-1008-106","RAN2","VR2-1909",56.45552792,10.03316608,2004-06-03 22:21:15,2004-06-03 22:21:15,1,NA,NA,NA,18166.910624,18166.910624
"54","2004_Gudena","A69-1008-106","RAN2","VR2-1909",56.45552792,10.03316608,2004-06-03 23:45:37,2004-06-04 00:01:19,23,NA,NA,NA,18166.910624,18166.910624
"55","2004_Gudena","A69-1008-106","RAN2","VR2-1909",56.45552792,10.03316608,2004-10-11 19:59:27,2004-10-11 20:03:59,6,NA,NA,NA,18166.910624,18166.910624
"56","2004_Gudena","A69-1008-106","UGEL2","VR2-3539",56.47968471,10.21517113,2004-10-13 00:11:44,2004-10-13 00:13:11,3,101265,13370.274107,0.132033,31537.184731,31537.184731
"57","2004_Gudena","A69-1008-107","rel_gudena","none",56.364919,9.900337,2004-05-18 12:00:00,2004-05-18 12:00:00,1,NA,NA,NA,0,0
"58","2004_Gudena","A69-1008-107","GUD1","VR20-2029",56.38230254,9.897962798,2004-05-18 23:32:40,2004-05-18 23:55:21,8,41560,2436.253722,0.05862,2436.253722,2436.253722
"59","2004_Gudena","A69-1008-107","RAN1","VR2-3538",56.45735379,10.01770257,2004-05-20 22:51:53,2004-05-20 23:04:24,17,168992,14709.404108,0.087042,17145.65783,17145.657831
"60","2004_Gudena","A69-1008-107","RAN2","VR2-1909",56.45552792,10.03316608,2004-05-20 23:26:30,2004-05-20 23:51:19,16,1326,1021.252793,0.770176,18166.910623,18166.910624
"61","2004_Gudena","A69-1008-107","UGEL2","VR2-3539",56.47968471,10.21517113,2004-06-29 01:14:07,2004-06-29 01:15:08,3,3374568,13370.274107,0.003962,31537.18473,31537.184731
"62","2004_Gudena","A69-1008-107","UGEL2","VR2-3539",56.47968471,10.21517113,2004-06-29 17:46:00,2004-06-29 17:46:00,1,NA,NA,NA,31537.18473,31537.184731
"63","2004_Gudena","A69-1008-107","UGEL2","VR2-3539",56.47968471,10.21517113,2004-06-29 22:04:53,2004-06-29 23:09:12,48,NA,NA,NA,31537.18473,31537.184731
"64","2004_Gudena","A69-1008-107","UGEL1","VR2-3536",56.48324094,10.2181103,2004-07-04 02:54:00,2004-07-04 03:46:57,37,359088,456.607505,0.001272,31993.792235,31993.792236
"65","2004_Gudena","A69-1008-107","UGEL1","VR2-3536",56.48324094,10.2181103,2004-07-07 00:57:08,2004-07-07 02:57:32,81,NA,NA,NA,31993.792235,31993.792236
"66","2004_Gudena","A69-1008-107","UGEL1","VR2-3536",56.48324094,10.2181103,2004-07-07 05:08:24,2004-07-07 05:16:17,3,NA,NA,NA,31993.792235,31993.792236
"67","2004_Gudena","A69-1008-107","UGEL2","VR2-3539",56.47968471,10.21517113,2004-07-07 08:53:34,2004-07-07 09:09:10,7,13037,456.607505,0.035024,32450.39974,31537.184731
"68","2004_Gudena","A69-1008-107","UGEL1","VR2-3536",56.48324094,10.2181103,2004-07-14 02:02:40,2004-07-14 02:41:34,26,579210,456.607505,0.000788,32907.007245,31993.792236
"69","2004_Gudena","A69-1008-107","UGEL2","VR2-3539",56.47968471,10.21517113,2004-07-14 23:35:31,2004-07-15 00:37:37,76,75237,456.607505,0.006069,33363.61475,31537.184731
"70","2004_Gudena","A69-1008-107","UGEL1","VR2-3536",56.48324094,10.2181103,2004-07-23 00:00:04,2004-07-23 03:09:38,106,688947,456.607505,0.000663,33820.222255,31993.792236
"71","2004_Gudena","A69-1008-107","UGEL1","VR2-3536",56.48324094,10.2181103,2004-07-23 05:00:14,2004-07-23 05:32:13,2,NA,NA,NA,33820.222255,31993.792236
"72","2004_Gudena","A69-1008-107","UGEL1","VR2-3536",56.48324094,10.2181103,2004-07-23 09:05:02,2004-07-23 09:05:02,1,NA,NA,NA,33820.222255,31993.792236
"73","2004_Gudena","A69-1008-107","UGEL1","VR2-3536",56.48324094,10.2181103,2004-07-23 23:41:38,2004-07-24 01:51:19,12,NA,NA,NA,33820.222255,31993.792236
"74","2004_Gudena","A69-1008-107","UGEL1","VR2-3536",56.48324094,10.2181103,2004-07-24 10:22:36,2004-07-24 11:00:26,3,NA,NA,NA,33820.222255,31993.792236
"75","2004_Gudena","A69-1008-107","UGEL1","VR2-3536",56.48324094,10.2181103,2004-07-24 13:01:38,2004-07-24 13:33:15,28,NA,NA,NA,33820.222255,31993.792236
"76","2004_Gudena","A69-1008-108","rel_gudena","none",56.364919,9.900337,2004-05-18 12:00:00,2004-05-18 12:00:00,1,NA,NA,NA,0,0
"77","2004_Gudena","A69-1008-108","GUD2","VR2-1908",56.38312088,9.901577397,2004-05-19 02:51:01,2004-05-19 03:28:49,13,53461,2697.647099,0.05046,2697.647099,2697.647099
"78","2004_Gudena","A69-1008-108","GUD2","VR2-1908",56.38312088,9.901577397,2004-05-29 00:14:37,2004-05-29 00:14:37,1,NA,NA,NA,2697.647099,2697.647099
"79","2004_Gudena","A69-1008-108","GUD2","VR2-1908",56.38312088,9.901577397,2004-05-30 20:24:10,2004-05-30 20:24:39,2,NA,NA,NA,2697.647099,2697.647099
"80","2004_Gudena","A69-1008-108","GUD2","VR2-1908",56.38312088,9.901577397,2004-05-30 21:27:10,2004-05-30 22:41:19,22,NA,NA,NA,2697.647099,2697.647099
"81","2004_Gudena","A69-1008-108","RAN1","VR2-3538",56.45735379,10.01770257,2004-05-31 22:54:30,2004-05-31 22:58:05,6,87191,14448.010732,0.165705,17145.657831,17145.657831
"82","2004_Gudena","A69-1008-108","RAN2","VR2-1909",56.45552792,10.03316608,2004-05-31 23:17:32,2004-05-31 23:23:13,8,1167,1021.252793,0.87511,18166.910624,18166.910624
"83","2004_Gudena","A69-1008-108","UGEL2","VR2-3539",56.47968471,10.21517113,2004-06-09 02:25:05,2004-06-09 03:24:42,52,702112,13370.274107,0.019043,31537.184731,31537.184731
"84","2004_Gudena","A69-1008-108","UGEL2","VR2-3539",56.47968471,10.21517113,2004-06-09 17:55:17,2004-06-09 18:33:28,51,NA,NA,NA,31537.184731,31537.184731
"85","2004_Gudena","A69-1008-108","UDBY2","VR2-3533",56.60980547,10.30384199,2004-06-28 23:57:10,2004-06-29 00:13:52,10,1661022,17359.407916,0.010451,48896.592647,48896.592647
"86","2004_Gudena","A69-1008-108","UDBY2","VR2-3533",56.60980547,10.30384199,2004-06-29 02:08:24,2004-06-29 02:24:13,19,NA,NA,NA,48896.592647,48896.592647
"87","2004_Gudena","A69-1008-109","rel_gudena","none",56.364919,9.900337,2004-05-18 12:00:00,2004-05-18 12:00:00,1,NA,NA,NA,0,0
"88","2004_Gudena","A69-1008-109","GUD1","VR20-2029",56.38230254,9.897962798,2004-06-11 01:39:33,2004-06-11 01:39:33,1,2036373,2436.253722,0.001196,2436.253722,2436.253722
"89","2004_Gudena","A69-1008-109","GUD2","VR2-1908",56.38312088,9.901577397,2004-06-11 22:05:33,2004-06-11 22:07:58,4,73560,261.393377,0.003553,2697.647099,2697.647099
"90","2004_Gudena","A69-1008-109","RAN1","VR2-3538",56.45735379,10.01770257,2004-06-12 22:02:47,2004-06-12 22:11:04,5,86089,14448.010732,0.167826,17145.657831,17145.657831
"91","2004_Gudena","A69-1008-109","RAN2","VR2-1909",56.45552792,10.03316608,2004-06-12 22:29:07,2004-06-12 22:35:26,7,1083,1021.252793,0.942985,18166.910624,18166.910624
"92","2004_Gudena","A69-1008-109","UGEL2","VR2-2718",56.47968471,10.21517113,2005-04-21 04:54:18,2005-04-21 04:54:18,1,26979532,13370.274107,0.000496,31537.184731,31537.184731
"93","2004_Gudena","A69-1008-110","rel_gudena","none",56.364919,9.900337,2004-05-18 12:00:00,2004-05-18 12:00:00,1,NA,NA,NA,0,0
"94","2004_Gudena","A69-1008-110","GUD2","VR2-1908",56.38312088,9.901577397,2004-05-18 23:06:48,2004-05-18 23:09:43,6,40008,2697.647099,0.067428,2697.647099,2697.647099
"95","2004_Gudena","A69-1008-110","RAN1","VR2-3538",56.45735379,10.01770257,2004-05-20 20:58:45,2004-05-20 21:13:38,20,164942,14448.010732,0.087594,17145.657831,17145.657831
"96","2004_Gudena","A69-1008-110","RAN2","VR2-1909",56.45552792,10.03316608,2004-05-20 21:36:00,2004-05-20 21:40:16,8,1342,1021.252793,0.760993,18166.910624,18166.910624
"97","2004_Gudena","A69-1008-110","UGEL2","VR2-3539",56.47968471,10.21517113,2004-05-21 05:21:26,2004-05-21 05:42:24,18,27670,13370.274107,0.483205,31537.184731,31537.184731
"98","2004_Gudena","A69-1008-110","UGEL2","VR2-3539",56.47968471,10.21517113,2004-05-21 21:30:25,2004-05-21 23:46:39,110,NA,NA,NA,31537.184731,31537.184731
"99","2004_Gudena","A69-1008-180","rel_gudena","none",56.364919,9.900337,2005-09-08 14:00:00,2005-09-08 14:00:00,1,NA,NA,NA,0,0
"100","2004_Gudena","A69-1008-180","GUD1","VR2-3536",56.38230254,9.897962798,2005-09-10 03:25:40,2005-09-10 03:34:15,11,134740,2436.253722,0.018081,2436.253722,2436.253722
"101","2004_Gudena","A69-1008-180","RAN1","VR2-3538",56.45735379,10.01770257,2005-09-11 00:53:46,2005-09-11 01:06:23,16,76771,14709.404108,0.191601,17145.65783,17145.657831
"102","2004_Gudena","A69-1008-180","RAN2","VR2-1909",56.45552792,10.03316608,2005-09-11 01:42:29,2005-09-11 01:42:29,1,2166,1021.252793,0.471493,18166.910623,18166.910624
"103","2004_Gudena","A69-1008-180","RAN1","VR2-3538",56.45735379,10.01770257,2005-09-11 01:46:11,2005-09-11 03:04:03,39,222,1021.252793,4.600238,19188.163416,17145.657831
"104","2004_Gudena","A69-1008-180","RAN1","VR2-3538",56.45735379,10.01770257,2005-09-11 20:54:58,2005-09-11 21:16:51,19,NA,NA,NA,19188.163416,17145.657831
"105","2004_Gudena","A69-1008-180","RAN2","VR2-1909",56.45552792,10.03316608,2005-09-11 21:35:32,2005-09-12 00:49:08,141,1121,1021.252793,0.911019,20209.416209,18166.910624
"106","2004_Gudena","A69-1008-180","RAN1","VR2-3538",56.45735379,10.01770257,2005-09-12 02:15:49,2005-09-12 02:23:42,9,5201,1021.252793,0.196357,21230.669002,17145.657831
"107","2004_Gudena","A69-1008-180","RAN1","VR2-3538",56.45735379,10.01770257,2005-09-12 21:20:55,2005-09-12 21:46:02,20,NA,NA,NA,21230.669002,17145.657831
"108","2004_Gudena","A69-1008-180","RAN2","VR2-1909",56.45552792,10.03316608,2005-09-12 21:54:50,2005-09-12 23:37:48,122,528,1021.252793,1.934191,22251.921795,18166.910624
"109","2004_Gudena","A69-1008-180","RAN1","VR2-3538",56.45735379,10.01770257,2005-09-13 01:52:47,2005-09-13 02:12:31,21,8099,1021.252793,0.126096,23273.174588,17145.657831
"110","2004_Gudena","A69-1008-180","RAN1","VR2-3538",56.45735379,10.01770257,2005-09-27 19:31:34,2005-09-27 19:40:34,13,NA,NA,NA,23273.174588,17145.657831
"111","2004_Gudena","A69-1008-180","RAN2","VR2-1909",56.45552792,10.03316608,2005-09-27 20:11:11,2005-09-27 23:10:19,154,1837,1021.252793,0.555935,24294.427381,18166.910624
"112","2004_Gudena","A69-1008-180","RAN1","VR2-3538",56.45735379,10.01770257,2005-09-28 00:02:54,2005-09-28 00:31:29,38,3155,1021.252793,0.323693,25315.680174,17145.657831
"113","2004_Gudena","A69-1008-180","RAN1","VR2-3538",56.45735379,10.01770257,2005-09-28 19:40:51,2005-09-28 20:06:23,25,NA,NA,NA,25315.680174,17145.657831
"114","2004_Gudena","A69-1008-180","RAN2","VR2-1909",56.45552792,10.03316608,2005-09-28 20:21:06,2005-09-28 20:56:53,45,883,1021.252793,1.156572,26336.932967,18166.910624
"115","2004_Gudena","A69-1008-180","RAN1","VR2-3538",56.45735379,10.01770257,2005-09-28 21:41:01,2005-09-28 22:09:24,13,2648,1021.252793,0.385669,27358.18576,17145.657831
"116","2004_Gudena","A69-1008-180","RAN2","VR2-1909",56.45552792,10.03316608,2005-09-28 22:23:36,2005-09-28 23:21:58,61,852,1021.252793,1.198654,28379.438553,18166.910624
"117","2004_Gudena","A69-1008-180","RAN1","VR2-3538",56.45735379,10.01770257,2005-09-28 23:58:32,2005-09-29 00:48:33,47,2194,1021.252793,0.465475,29400.691346,17145.657831
"118","2004_Gudena","A69-1008-180","RAN1","VR2-3538",56.45735379,10.01770257,2005-09-29 21:43:07,2005-09-29 21:46:18,6,NA,NA,NA,29400.691346,17145.657831
"119","2004_Gudena","A69-1008-180","RAN1","VR2-3538",56.45735379,10.01770257,2005-09-30 20:05:12,2005-09-30 20:11:40,10,NA,NA,NA,29400.691346,17145.657831
"120","2004_Gudena","A69-1008-180","RAN2","VR2-1909",56.45552792,10.03316608,2005-09-30 20:58:46,2005-09-30 21:50:43,44,2826,1021.252793,0.361377,30421.944139,18166.910624
"121","2004_Gudena","A69-1008-180","UGEL2","VR2-2718",56.47968471,10.21517113,2005-10-01 04:14:51,2005-10-01 04:28:03,13,23048,13370.274107,0.580106,43792.218246,31537.184731
"122","2004_Gudena","A69-1008-180","UGEL1","VR2-3080",56.48324094,10.2181103,2005-10-01 15:19:21,2005-10-01 15:34:55,10,39078,456.607505,0.011685,44248.825751,31993.792236
"123","2004_Gudena","A69-1008-181","rel_gudena","none",56.364919,9.900337,2005-09-08 14:00:00,2005-09-08 14:00:00,1,NA,NA,NA,0,0
"124","2004_Gudena","A69-1008-181","GUD1","VR2-3536",56.38230254,9.897962798,2005-09-09 21:44:59,2005-09-09 21:52:30,11,114299,2436.253722,0.021315,2436.253722,2436.253722
"125","2004_Gudena","A69-1008-181","RAN1","VR2-3538",56.45735379,10.01770257,2005-09-10 04:11:10,2005-09-10 04:26:55,14,22720,14709.404108,0.647421,17145.65783,17145.657831
"126","2004_Gudena","A69-1008-181","RAN2","VR2-1909",56.45552792,10.03316608,2005-09-10 04:41:05,2005-09-10 11:04:37,127,850,1021.252793,1.201474,18166.910623,18166.910624
"127","2004_Gudena","A69-1008-181","RAN2","VR2-1909",56.45552792,10.03316608,2005-09-10 12:36:27,2005-09-10 13:06:25,8,NA,NA,NA,18166.910623,18166.910624
"128","2004_Gudena","A69-1008-181","RAN2","VR2-1909",56.45552792,10.03316608,2005-09-10 14:17:21,2005-09-12 02:57:35,971,NA,NA,NA,18166.910623,18166.910624
"129","2004_Gudena","A69-1008-181","RAN2","VR2-1909",56.45552792,10.03316608,2005-09-15 00:15:29,2005-09-15 00:20:51,9,NA,NA,NA,18166.910623,18166.910624
"130","2004_Gudena","A69-1008-181","RAN2","VR2-1909",56.45552792,10.03316608,2005-10-23 17:54:54,2005-10-23 18:25:31,31,NA,NA,NA,18166.910623,18166.910624
"131","2004_Gudena","A69-1008-181","UGEL2","VR2-2718",56.47968471,10.21517113,2005-10-24 19:11:56,2005-10-24 19:26:37,17,89185,13370.274107,0.149916,31537.18473,31537.184731
"132","2004_Gudena","A69-1008-182","rel_gudena","none",56.364919,9.900337,2005-09-08 14:00:00,2005-09-08 14:00:00,1,NA,NA,NA,0,0
"133","2004_Gudena","A69-1008-182","GUD1","VR2-3536",56.38230254,9.897962798,2005-09-10 02:32:10,2005-09-10 02:44:01,8,131530,2436.253722,0.018522,2436.253722,2436.253722
"134","2004_Gudena","A69-1008-182","RAN1","VR2-3538",56.45735379,10.01770257,2005-09-28 21:16:11,2005-09-28 21:34:44,15,1621930,14709.404108,0.009069,17145.65783,17145.657831
"135","2004_Gudena","A69-1008-182","RAN2","VR2-1909",56.45552792,10.03316608,2005-09-28 23:06:56,2005-09-28 23:50:14,34,5532,1021.252793,0.184608,18166.910623,18166.910624
"136","2004_Gudena","A69-1008-182","RAN1","VR2-3538",56.45735379,10.01770257,2005-09-29 00:26:10,2005-09-29 02:52:09,186,2156,1021.252793,0.473679,19188.163416,17145.657831
"137","2004_Gudena","A69-1008-182","RAN1","VR2-3538",56.45735379,10.01770257,2005-10-23 21:23:33,2005-10-23 21:23:33,1,NA,NA,NA,19188.163416,17145.657831
"138","2004_Gudena","A69-1008-182","RAN1","VR2-3538",56.45735379,10.01770257,2005-10-23 23:55:54,2005-10-24 04:36:43,34,NA,NA,NA,19188.163416,17145.657831
"139","2004_Gudena","A69-1008-182","RAN1","VR2-3538",56.45735379,10.01770257,2005-10-24 11:05:54,2005-10-24 13:10:25,14,NA,NA,NA,19188.163416,17145.657831
"140","2004_Gudena","A69-1008-182","RAN1","VR2-3538",56.45735379,10.01770257,2005-10-24 14:54:58,2005-10-24 15:11:56,12,NA,NA,NA,19188.163416,17145.657831
"141","2004_Gudena","A69-1008-182","RAN1","VR2-3538",56.45735379,10.01770257,2005-10-24 18:50:56,2005-10-24 19:15:46,30,NA,NA,NA,19188.163416,17145.657831
"142","2004_Gudena","A69-1008-182","RAN2","VR2-1909",56.45552792,10.03316608,2005-10-24 19:59:51,2005-10-24 20:18:44,15,2645,1021.252793,0.386107,20209.416209,18166.910624
"143","2004_Gudena","A69-1008-182","UGEL2","VR2-2718",56.47968471,10.21517113,2005-10-26 01:39:57,2005-10-26 02:24:27,49,105673,13370.274107,0.126525,33579.690316,31537.184731
"144","2004_Gudena","A69-1008-183","rel_gudena","none",56.364919,9.900337,2005-09-08 14:00:00,2005-09-08 14:00:00,1,NA,NA,NA,0,0
"145","2004_Gudena","A69-1008-183","GUD1","VR2-3536",56.38230254,9.897962798,2005-09-09 21:18:00,2005-09-09 21:29:16,12,112680,2436.253722,0.021621,2436.253722,2436.253722
"146","2004_Gudena","A69-1008-183","RAN1","VR2-3538",56.45735379,10.01770257,2005-09-10 02:50:11,2005-09-10 04:14:52,90,19255,14709.404108,0.763926,17145.65783,17145.657831
"147","2004_Gudena","A69-1008-183","RAN2","VR2-1909",56.45552792,10.03316608,2005-09-10 04:35:50,2005-09-10 04:49:22,19,1258,1021.252793,0.811807,18166.910623,18166.910624
"148","2004_Gudena","A69-1008-183","RAN2","VR2-1909",56.45552792,10.03316608,2005-09-15 02:20:54,2005-09-15 02:20:54,1,NA,NA,NA,18166.910623,18166.910624
"149","2004_Gudena","A69-1008-183","UGEL2","VR2-2718",56.47968471,10.21517113,2005-09-30 22:22:54,2005-09-30 22:50:04,38,1368120,13370.274107,0.009773,31537.18473,31537.184731
"150","2004_Gudena","A69-1008-183","UGEL2","VR2-2718",56.47968471,10.21517113,2005-10-01 15:10:16,2005-10-01 15:35:35,24,NA,NA,NA,31537.18473,31537.184731
"151","2004_Gudena","A69-1008-184","rel_gudena","none",56.364919,9.900337,2005-09-08 14:00:00,2005-09-08 14:00:00,1,NA,NA,NA,0,0
"152","2004_Gudena","A69-1008-184","GUD1","VR2-3536",56.38230254,9.897962798,2005-09-09 21:27:22,2005-09-09 21:43:59,14,113242,2436.253722,0.021514,2436.253722,2436.253722
"153","2004_Gudena","A69-1008-184","RAN1","VR2-3538",56.45735379,10.01770257,2005-09-12 20:26:42,2005-09-12 21:06:27,22,254563,14709.404108,0.057783,17145.65783,17145.657831
"154","2004_Gudena","A69-1008-184","RAN2","VR2-1909",56.45552792,10.03316608,2005-09-12 22:32:34,2005-09-12 22:53:51,18,5167,1021.252793,0.197649,18166.910623,18166.910624
"155","2004_Gudena","A69-1008-184","RAN1","VR2-3538",56.45735379,10.01770257,2005-09-12 22:54:13,2005-09-12 22:54:13,1,22,1021.252793,46.420581,19188.163416,17145.657831
"156","2004_Gudena","A69-1008-184","RAN2","VR2-1909",56.45552792,10.03316608,2005-09-12 22:54:29,2005-09-12 23:27:47,15,16,1021.252793,63.8283,20209.416209,18166.910624
"157","2004_Gudena","A69-1008-184","RAN1","VR2-3538",56.45735379,10.01770257,2005-09-12 23:51:55,2005-09-13 01:10:13,80,1448,1021.252793,0.705285,21230.669002,17145.657831
"158","2004_Gudena","A69-1008-184","RAN1","VR2-3538",56.45735379,10.01770257,2005-09-24 03:52:45,2005-09-24 04:09:49,13,NA,NA,NA,21230.669002,17145.657831
"159","2004_Gudena","A69-1008-184","RAN1","VR2-3538",56.45735379,10.01770257,2005-10-02 03:11:48,2005-10-02 03:11:48,1,NA,NA,NA,21230.669002,17145.657831
"160","2004_Gudena","A69-1008-184","RAN1","VR2-3538",56.45735379,10.01770257,2005-10-08 23:42:12,2005-10-09 00:35:43,16,NA,NA,NA,21230.669002,17145.657831
"161","2004_Gudena","A69-1008-184","RAN1","VR2-3538",56.45735379,10.01770257,2005-10-09 01:41:15,2005-10-09 01:47:59,5,NA,NA,NA,21230.669002,17145.657831
"162","2004_Gudena","A69-1008-184","RAN1","VR2-3538",56.45735379,10.01770257,2005-10-11 03:44:24,2005-10-11 03:57:02,2,NA,NA,NA,21230.669002,17145.657831
"163","2004_Gudena","A69-1008-184","RAN1","VR2-3538",56.45735379,10.01770257,2005-10-11 18:20:55,2005-10-11 18:23:50,2,NA,NA,NA,21230.669002,17145.657831
"164","2004_Gudena","A69-1008-184","RAN1","VR2-3538",56.45735379,10.01770257,2005-10-12 03:09:04,2005-10-12 03:09:04,1,NA,NA,NA,21230.669002,17145.657831
"165","2004_Gudena","A69-1008-184","RAN1","VR2-3538",56.45735379,10.01770257,2005-10-12 04:28:17,2005-10-12 04:28:17,1,NA,NA,NA,21230.669002,17145.657831
"166","2004_Gudena","A69-1008-185","rel_gudena","none",56.364919,9.900337,2005-09-08 14:00:00,2005-09-08 14:00:00,1,NA,NA,NA,0,0
"167","2004_Gudena","A69-1008-185","GUD1","VR2-3536",56.38230254,9.897962798,2005-09-09 20:04:35,2005-09-09 20:09:13,8,108275,2436.253722,0.022501,2436.253722,2436.253722
"168","2004_Gudena","A69-1008-185","RAN1","VR2-3538",56.45735379,10.01770257,2005-09-10 20:54:18,2005-09-10 21:09:03,14,89105,14709.404108,0.165079,17145.65783,17145.657831
"169","2004_Gudena","A69-1008-185","RAN2","VR2-1909",56.45552792,10.03316608,2005-09-10 21:24:47,2005-09-10 21:38:02,10,944,1021.252793,1.081836,18166.910623,18166.910624
"170","2004_Gudena","A69-1008-185","UGEL2","VR2-2718",56.47968471,10.21517113,2005-10-23 19:21:49,2005-10-23 19:44:11,21,3707027,13370.274107,0.003607,31537.18473,31537.184731
"171","2004_Gudena","A69-1008-185","GUD1","VR2-3536",56.38230254,9.897962798,2006-03-10 05:04:56,2006-03-10 05:04:56,1,11870445,29100.931009,0.002452,60638.115739,2436.253722
"172","2004_Gudena","A69-1008-186","rel_gudena","none",56.364919,9.900337,2005-09-08 14:00:00,2005-09-08 14:00:00,1,NA,NA,NA,0,0
"173","2004_Gudena","A69-1008-186","GUD1","VR2-3536",56.38230254,9.897962798,2005-09-11 20:15:20,2005-09-11 20:27:08,12,281720,2436.253722,0.008648,2436.253722,2436.253722
"174","2004_Gudena","A69-1008-186","RAN1","VR2-3538",56.45735379,10.01770257,2005-09-12 20:52:47,2005-09-12 21:07:09,16,87939,14709.404108,0.167268,17145.65783,17145.657831
"175","2004_Gudena","A69-1008-186","RAN2","VR2-1909",56.45552792,10.03316608,2005-09-12 21:36:06,2005-09-12 21:48:37,17,1737,1021.252793,0.587941,18166.910623,18166.910624
"176","2004_Gudena","A69-1008-186","UGEL2","VR2-2718",56.47968471,10.21517113,2005-10-19 03:42:16,2005-10-19 05:45:15,76,3131619,13370.274107,0.004269,31537.18473,31537.184731
"177","2004_Gudena","A69-1008-186","UGEL2","VR2-2718",56.47968471,10.21517113,2005-10-23 19:57:55,2005-10-23 20:22:41,15,NA,NA,NA,31537.18473,31537.184731
"178","2004_Gudena","A69-1008-187","rel_gudena","none",56.364919,9.900337,2005-09-08 14:00:00,2005-09-08 14:00:00,1,NA,NA,NA,0,0
"179","2004_Gudena","A69-1008-187","GUD1","VR2-3536",56.38230254,9.897962798,2005-09-09 22:49:28,2005-09-09 22:54:53,7,118168,2436.253722,0.020617,2436.253722,2436.253722
"180","2004_Gudena","A69-1008-187","RAN1","VR2-3538",56.45735379,10.01770257,2005-09-28 19:52:41,2005-09-28 20:24:35,30,1630668,14709.404108,0.00902,17145.65783,17145.657831
"181","2004_Gudena","A69-1008-187","RAN2","VR2-1909",56.45552792,10.03316608,2005-09-28 20:43:50,2005-09-29 21:41:09,1470,1155,1021.252793,0.884202,18166.910623,18166.910624
"182","2004_Gudena","A69-1008-187","UGEL1","VR2-3080",56.48324094,10.2181103,2005-10-03 00:09:49,2005-10-03 04:56:30,348,268120,13826.881613,0.05157,31993.792236,31993.792236
"183","2004_Gudena","A69-1008-187","UGEL1","VR2-3080",56.48324094,10.2181103,2005-10-03 07:56:48,2005-10-03 07:56:48,1,NA,NA,NA,31993.792236,31993.792236
"184","2004_Gudena","A69-1008-187","UGEL1","VR2-3080",56.48324094,10.2181103,2005-10-03 19:59:57,2005-10-03 19:59:57,1,NA,NA,NA,31993.792236,31993.792236
"185","2004_Gudena","A69-1008-187","UGEL1","VR2-3080",56.48324094,10.2181103,2005-10-03 22:25:01,2005-10-03 23:22:27,33,NA,NA,NA,31993.792236,31993.792236
"186","2004_Gudena","A69-1008-187","UGEL1","VR2-3080",56.48324094,10.2181103,2005-10-04 03:53:30,2005-10-04 06:02:44,96,NA,NA,NA,31993.792236,31993.792236
"187","2004_Gudena","A69-1008-187","UGEL1","VR2-3080",56.48324094,10.2181103,2005-10-04 21:30:13,2005-10-04 21:30:13,1,NA,NA,NA,31993.792236,31993.792236
"188","2004_Gudena","A69-1008-187","UDBY1","VR2-3530",56.60799107,10.29949461,2005-10-20 21:46:54,2005-10-20 21:46:54,1,1383401,16536.561389,0.011954,48530.353625,48530.353625
"189","2004_Gudena","A69-1008-187","UDBY1","VR2-3530",56.60799107,10.29949461,2005-10-21 20:23:14,2005-10-21 23:26:58,144,NA,NA,NA,48530.353625,48530.353625
"190","2004_Gudena","A69-1008-187","KATNORD","VR2-2566",56.61897787,10.35937256,2005-10-22 21:21:44,2005-10-22 21:36:12,17,78886,4139.958215,0.05248,52670.31184,52670.31184
"191","2004_Gudena","A69-1008-188","rel_gudena","none",56.364919,9.900337,2005-09-08 14:00:00,2005-09-08 14:00:00,1,NA,NA,NA,0,0
"192","2004_Gudena","A69-1008-188","GUD1","VR2-3536",56.38230254,9.897962798,2005-10-25 02:16:26,2005-10-25 03:12:34,43,4018586,2436.253722,0.000606,2436.253722,2436.253722
"193","2004_Gudena","A69-1008-188","GUD2","VR2-1908",56.38312088,9.901577397,2005-10-25 17:47:23,2005-10-25 17:48:13,2,52489,261.393377,0.00498,2697.647099,2697.647099
"194","2004_Gudena","A69-1008-188","RAN1","VR2-3538",56.45735379,10.01770257,2005-10-25 22:01:32,2005-10-25 22:06:33,9,15199,14448.010732,0.95059,17145.657831,17145.657831
"195","2004_Gudena","A69-1008-188","RAN2","VR2-1909",56.45552792,10.03316608,2005-10-25 22:30:18,2005-10-25 22:39:59,16,1425,1021.252793,0.716669,18166.910624,18166.910624
"196","2004_Gudena","A69-1008-188","UGEL2","VR2-2718",56.47968471,10.21517113,2005-10-26 12:25:29,2005-10-26 12:59:35,31,49530,13370.274107,0.269943,31537.184731,31537.184731
"197","2004_Gudena","A69-1008-189","rel_gudena","none",56.364919,9.900337,2005-09-08 14:00:00,2005-09-08 14:00:00,1,NA,NA,NA,0,0
"198","2004_Gudena","A69-1008-189","GUD1","VR2-3536",56.38230254,9.897962798,2005-09-09 21:16:19,2005-09-09 21:22:33,10,112579,2436.253722,0.02164,2436.253722,2436.253722
"199","2004_Gudena","A69-1008-189","RAN1","VR2-3538",56.45735379,10.01770257,2005-09-10 03:24:51,2005-09-10 03:34:42,11,21738,14709.404108,0.676668,17145.65783,17145.657831
"200","2004_Gudena","A69-1008-189","RAN2","VR2-1909",56.45552792,10.03316608,2005-09-10 04:00:20,2005-09-10 04:38:01,15,1538,1021.252793,0.664014,18166.910623,18166.910624
"201","2004_Gudena","A69-1008-189","RAN1","VR2-3538",56.45735379,10.01770257,2005-09-10 19:55:04,2005-09-10 20:06:31,15,55023,1021.252793,0.01856,19188.163416,17145.657831
"202","2004_Gudena","A69-1008-189","RAN2","VR2-1909",56.45552792,10.03316608,2005-09-22 04:44:20,2005-09-22 05:00:15,17,981469,1021.252793,0.001041,20209.416209,18166.910624
"203","2004_Gudena","A69-1008-189","RAN1","VR2-3538",56.45735379,10.01770257,2005-10-20 18:20:51,2005-10-20 18:20:51,1,2467236,1021.252793,0.000414,21230.669002,17145.657831
"204","2004_Gudena","A69-1008-189","RAN2","VR2-1909",56.45552792,10.03316608,2005-10-20 18:29:43,2005-10-20 18:51:48,24,532,1021.252793,1.919648,22251.921795,18166.910624
"205","2004_Gudena","A69-1008-189","UGEL2","VR2-2718",56.47968471,10.21517113,2005-10-25 00:14:36,2005-10-25 00:27:06,6,364968,13370.274107,0.036634,35622.195902,31537.184731
"206","2004_Gudena","A69-1008-189","UGEL2","VR2-2718",56.47968471,10.21517113,2005-10-25 02:02:49,2005-10-25 02:36:36,30,NA,NA,NA,35622.195902,31537.184731
"207","2004_Gudena","A69-1008-190","rel_gudena","none",56.364919,9.900337,2005-09-08 14:00:00,2005-09-08 14:00:00,1,NA,NA,NA,0,0
"208","2004_Gudena","A69-1008-190","GUD1","VR2-3536",56.38230254,9.897962798,2005-10-25 20:30:44,2005-10-25 20:50:56,10,4084244,2436.253722,0.000597,2436.253722,2436.253722
"209","2004_Gudena","A69-1008-190","RAN1","VR2-3538",56.45735379,10.01770257,2005-10-26 20:31:38,2005-10-26 20:33:14,4,85242,14709.404108,0.172561,17145.65783,17145.657831
"210","2004_Gudena","A69-1008-190","RAN2","VR2-1909",56.45552792,10.03316608,2005-10-26 20:59:38,2005-10-26 21:11:11,16,1584,1021.252793,0.64473,18166.910623,18166.910624
"211","2004_Gudena","A69-1008-190","UGEL1","VR2-3080",56.48324094,10.2181103,2005-10-27 21:24:52,2005-10-27 21:46:20,24,87221,13826.881613,0.158527,31993.792236,31993.792236
"212","2004_Gudena","A69-1008-192","rel_gudena","none",56.364919,9.900337,2005-09-08 14:00:00,2005-09-08 14:00:00,1,NA,NA,NA,0,0
"213","2004_Gudena","A69-1008-192","GUD1","VR2-3536",56.38230254,9.897962798,2005-09-26 21:51:05,2005-09-26 21:56:49,7,1583465,2436.253722,0.001539,2436.253722,2436.253722
"214","2004_Gudena","A69-1008-192","GUD2","VR2-1908",56.38312088,9.901577397,2005-09-27 12:39:33,2005-09-27 12:46:58,2,52964,261.393377,0.004935,2697.647099,2697.647099
"215","2004_Gudena","A69-1008-192","GUD2","VR2-1908",56.38312088,9.901577397,2005-09-28 11:42:27,2005-09-28 11:42:27,1,NA,NA,NA,2697.647099,2697.647099
"216","2004_Gudena","A69-1008-192","GUD1","VR2-3536",56.38230254,9.897962798,2005-09-28 17:45:38,2005-09-28 17:45:38,1,21791,261.393377,0.011995,2959.040476,2436.253722
"217","2004_Gudena","A69-1008-192","GUD1","VR2-3536",56.38230254,9.897962798,2005-09-28 18:49:41,2005-09-28 19:34:02,10,NA,NA,NA,2959.040476,2436.253722
"218","2004_Gudena","A69-1008-192","GUD1","VR2-3536",56.38230254,9.897962798,2005-09-30 11:06:00,2005-09-30 11:06:00,1,NA,NA,NA,2959.040476,2436.253722
"219","2004_Gudena","A69-1008-192","GUD2","VR2-1908",56.38312088,9.901577397,2005-10-03 14:25:17,2005-10-03 14:25:17,1,271157,261.393377,0.000964,3220.433853,2697.647099
"220","2004_Gudena","A69-1008-192","GUD2","VR2-1908",56.38312088,9.901577397,2005-10-04 10:35:04,2005-10-04 10:35:04,1,NA,NA,NA,3220.433853,2697.647099
"221","2004_Gudena","A69-1008-192","GUD2","VR2-1908",56.38312088,9.901577397,2005-10-04 19:19:16,2005-10-04 19:19:16,1,NA,NA,NA,3220.433853,2697.647099
"222","2004_Gudena","A69-1008-192","GUD1","VR2-3536",56.38230254,9.897962798,2005-10-06 03:52:26,2005-10-06 03:52:26,1,117190,261.393377,0.002231,3481.82723,2436.253722
"223","2004_Gudena","A69-1008-192","GUD2","VR2-1908",56.38312088,9.901577397,2005-10-25 01:17:50,2005-10-25 01:28:34,16,1632324,261.393377,0.00016,3743.220607,2697.647099
"224","2004_Gudena","A69-1008-192","GUD2","VR2-1908",56.38312088,9.901577397,2005-10-25 07:03:33,2005-10-25 07:21:12,17,NA,NA,NA,3743.220607,2697.647099
"225","2004_Gudena","A69-1008-192","GUD2","VR2-1908",56.38312088,9.901577397,2005-10-25 17:43:10,2005-10-25 17:46:31,6,NA,NA,NA,3743.220607,2697.647099
"226","2004_Gudena","A69-1008-192","RAN1","VR2-3538",56.45735379,10.01770257,2005-10-25 22:26:48,2005-10-25 22:29:09,4,16817,14448.010732,0.859131,18191.231339,17145.657831
"227","2004_Gudena","A69-1008-192","RAN2","VR2-1909",56.45552792,10.03316608,2005-10-25 22:57:43,2005-10-25 23:01:51,6,1714,1021.252793,0.59583,19212.484132,18166.910624
"228","2004_Gudena","A69-1008-192","UGEL1","VR2-3080",56.48324094,10.2181103,2005-10-26 18:58:17,2005-10-26 19:42:04,18,71786,13826.881613,0.192613,33039.365745,31993.792236
"229","2004_Gudena","A69-1008-192","UDBY1","VR2-3530",56.60799107,10.29949461,2005-10-27 00:57:58,2005-10-27 01:05:00,9,18954,16536.561389,0.872458,49575.927134,48530.353625
"230","2004_Gudena","A69-1008-192","UDBY2","VR2-2567",56.60980547,10.30384199,2005-10-27 02:08:19,2005-10-27 02:14:21,2,3799,366.239022,0.096404,49942.166156,48896.592647
"231","2004_Gudena","A69-1008-192","UDBY1","VR2-3530",56.60799107,10.29949461,2005-10-27 03:53:19,2005-10-27 07:34:01,93,5938,366.239022,0.061677,50308.405178,48530.353625
"232","2004_Gudena","A69-1008-192","UDBY1","VR2-3530",56.60799107,10.29949461,2005-10-27 10:19:59,2005-10-27 10:44:18,6,NA,NA,NA,50308.405178,48530.353625
"233","2004_Gudena","A69-1008-192","UDBY1","VR2-3530",56.60799107,10.29949461,2005-10-27 15:31:18,2005-10-27 19:19:07,219,NA,NA,NA,50308.405178,48530.353625
"234","2004_Gudena","A69-1008-193","rel_gudena","none",56.364919,9.900337,2005-09-08 14:00:00,2005-09-08 14:00:00,1,NA,NA,NA,0,0
"235","2004_Gudena","A69-1008-193","GUD1","VR2-3536",56.38230254,9.897962798,2005-09-10 01:22:56,2005-09-10 01:28:28,7,127376,2436.253722,0.019126,2436.253722,2436.253722
"236","2004_Gudena","A69-1008-193","RAN1","VR2-3538",56.45735379,10.01770257,2005-09-10 22:09:06,2005-09-10 22:23:26,18,74438,14709.404108,0.197606,17145.65783,17145.657831
"237","2004_Gudena","A69-1008-193","RAN2","VR2-1909",56.45552792,10.03316608,2005-09-10 22:50:42,2005-09-10 23:51:07,49,1636,1021.252793,0.624238,18166.910623,18166.910624
"238","2004_Gudena","A69-1008-193","RAN2","VR2-1909",56.45552792,10.03316608,2005-09-11 02:10:48,2005-09-11 02:16:42,7,NA,NA,NA,18166.910623,18166.910624
"239","2004_Gudena","A69-1008-193","RAN1","VR2-3538",56.45735379,10.01770257,2005-09-11 02:22:29,2005-09-11 03:39:54,32,347,1021.252793,2.943092,19188.163416,17145.657831
"240","2004_Gudena","A69-1008-193","RAN1","VR2-3538",56.45735379,10.01770257,2005-09-11 22:03:06,2005-09-11 23:37:47,38,NA,NA,NA,19188.163416,17145.657831
"241","2004_Gudena","A69-1008-193","RAN1","VR2-3538",56.45735379,10.01770257,2005-09-12 00:47:39,2005-09-12 01:23:08,14,NA,NA,NA,19188.163416,17145.657831
"242","2004_Gudena","A69-1008-193","RAN1","VR2-3538",56.45735379,10.01770257,2005-09-12 02:31:45,2005-09-12 03:34:24,48,NA,NA,NA,19188.163416,17145.657831
"243","2004_Gudena","A69-1008-193","RAN1","VR2-3538",56.45735379,10.01770257,2005-09-12 19:53:06,2005-09-12 19:53:06,1,NA,NA,NA,19188.163416,17145.657831
"244","2004_Gudena","A69-1008-193","RAN1","VR2-3538",56.45735379,10.01770257,2005-09-12 21:08:52,2005-09-12 23:07:11,16,NA,NA,NA,19188.163416,17145.657831
"245","2004_Gudena","A69-1008-193","RAN1","VR2-3538",56.45735379,10.01770257,2005-09-13 03:57:45,2005-09-13 06:39:46,39,NA,NA,NA,19188.163416,17145.657831
"246","2004_Gudena","A69-1008-193","RAN1","VR2-3538",56.45735379,10.01770257,2005-09-18 19:18:19,2005-09-18 19:45:22,35,NA,NA,NA,19188.163416,17145.657831
"247","2004_Gudena","A69-1008-193","RAN1","VR2-3538",56.45735379,10.01770257,2005-09-27 20:41:38,2005-09-27 20:51:27,13,NA,NA,NA,19188.163416,17145.657831
"248","2004_Gudena","A69-1008-193","RAN2","VR2-1909",56.45552792,10.03316608,2005-09-27 21:15:46,2005-09-27 21:50:57,12,1459,1021.252793,0.699968,20209.416209,18166.910624
"249","2004_Gudena","A69-1008-193","UGEL1","VR2-3080",56.48324094,10.2181103,2005-09-29 02:09:01,2005-09-29 03:18:10,51,101884,13826.881613,0.135712,34036.297822,31993.792236
"250","2004_Gudena","A69-1008-193","UGEL1","VR2-3080",56.48324094,10.2181103,2005-09-29 21:10:21,2005-09-29 21:50:25,10,NA,NA,NA,34036.297822,31993.792236
"251","2004_Gudena","A69-1008-193","UDBY1","VR2-3530",56.60799107,10.29949461,2005-09-30 20:00:17,2005-09-30 20:03:01,4,79792,16536.561389,0.207246,50572.859211,48530.353625
"252","2004_Gudena","A69-1008-193","UDBY2","VR2-2567",56.60980547,10.30384199,2005-09-30 21:10:48,2005-09-30 21:21:43,8,4067,366.239022,0.090051,50939.098233,48896.592647
"253","2004_Gudena","A69-1008-194","rel_gudena","none",56.364919,9.900337,2005-09-08 14:00:00,2005-09-08 14:00:00,1,NA,NA,NA,0,0
"254","2004_Gudena","A69-1008-194","GUD1","VR2-3536",56.38230254,9.897962798,2005-10-22 19:03:53,2005-10-22 19:06:43,5,3819833,2436.253722,0.000638,2436.253722,2436.253722
"255","2004_Gudena","A69-1008-194","RAN1","VR2-3538",56.45735379,10.01770257,2005-10-23 00:18:46,2005-10-23 02:04:48,50,18723,14709.404108,0.785633,17145.65783,17145.657831
"256","2004_Gudena","A69-1008-194","RAN1","VR2-3538",56.45735379,10.01770257,2005-10-23 03:41:58,2005-10-23 05:06:50,19,NA,NA,NA,17145.65783,17145.657831
"257","2004_Gudena","A69-1008-194","RAN2","VR2-1909",56.45552792,10.03316608,2005-10-23 05:43:32,2005-10-23 05:57:55,11,2202,1021.252793,0.463784,18166.910623,18166.910624
"258","2004_Gudena","A69-1008-194","UGEL2","VR2-2718",56.47968471,10.21517113,2005-10-24 01:46:01,2005-10-24 01:49:00,4,71286,13370.274107,0.187558,31537.18473,31537.184731
"259","2004_Gudena","A69-1008-194","UGEL2","VR2-2718",56.47968471,10.21517113,2005-10-24 21:06:56,2005-10-24 21:22:32,18,NA,NA,NA,31537.18473,31537.184731
"260","2004_Gudena","A69-1008-195","rel_gudena","none",56.364919,9.900337,2005-09-08 14:00:00,2005-09-08 14:00:00,1,NA,NA,NA,0,0
"261","2004_Gudena","A69-1008-195","GUD1","VR2-3536",56.38230254,9.897962798,2005-09-30 21:07:37,2005-09-30 21:21:40,19,1926457,2436.253722,0.001265,2436.253722,2436.253722
"262","2004_Gudena","A69-1008-195","RAN1","VR2-3538",56.45735379,10.01770257,2005-10-01 02:25:11,2005-10-01 02:43:57,14,18211,14709.404108,0.807721,17145.65783,17145.657831
"263","2004_Gudena","A69-1008-195","RAN2","VR2-1909",56.45552792,10.03316608,2005-10-01 03:11:00,2005-10-01 03:42:28,31,1623,1021.252793,0.629238,18166.910623,18166.910624
"264","2004_Gudena","A69-1008-195","RAN2","VR2-1909",56.45552792,10.03316608,2005-10-02 05:36:03,2005-10-02 05:54:52,4,NA,NA,NA,18166.910623,18166.910624
"265","2004_Gudena","A69-1008-195","RAN2","VR2-1909",56.45552792,10.03316608,2005-10-02 19:41:55,2005-10-02 19:41:55,1,NA,NA,NA,18166.910623,18166.910624
"266","2004_Gudena","A69-1008-195","RAN2","VR2-1909",56.45552792,10.03316608,2005-10-02 22:57:54,2005-10-02 23:18:15,2,NA,NA,NA,18166.910623,18166.910624
"267","2004_Gudena","A69-1008-195","UGEL2","VR2-2718",56.47968471,10.21517113,2005-10-04 21:48:27,2005-10-04 22:31:33,39,167412,13370.274107,0.079864,31537.18473,31537.184731
"268","2004_Gudena","A69-1008-195","UDBY1","VR2-3530",56.60799107,10.29949461,2005-10-05 23:04:53,2005-10-06 00:52:52,41,88400,16993.168894,0.19223,48530.353624,48530.353625
"269","2004_Gudena","A69-1008-196","rel_gudena","none",56.364919,9.900337,2005-09-08 14:00:00,2005-09-08 14:00:00,1,NA,NA,NA,0,0
"270","2004_Gudena","A69-1008-196","GUD1","VR2-3536",56.38230254,9.897962798,2005-09-10 20:51:14,2005-09-10 21:56:29,15,197474,2436.253722,0.012337,2436.253722,2436.253722
"271","2004_Gudena","A69-1008-196","RAN1","VR2-3538",56.45735379,10.01770257,2005-09-12 22:47:29,2005-09-12 23:06:28,14,175860,14709.404108,0.083643,17145.65783,17145.657831
"272","2004_Gudena","A69-1008-196","RAN2","VR2-1909",56.45552792,10.03316608,2005-09-12 23:27:14,2005-09-12 23:47:09,9,1246,1021.252793,0.819625,18166.910623,18166.910624
"273","2004_Gudena","A69-1008-196","UGEL2","VR2-2718",56.47968471,10.21517113,2005-10-21 02:23:37,2005-10-21 02:37:32,16,3292588,13370.274107,0.004061,31537.18473,31537.184731
"274","2004_Gudena","A69-1008-196","UDBY1","VR2-3530",56.60799107,10.29949461,2005-10-23 23:15:50,2005-10-23 23:22:45,6,247098,16993.168894,0.068771,48530.353624,48530.353625
"275","2004_Gudena","A69-1008-196","UDBY2","VR2-2567",56.60980547,10.30384199,2005-10-24 00:32:58,2005-10-24 18:39:21,616,4213,366.239022,0.086931,48896.592646,48896.592647
"276","2004_Gudena","A69-1008-197","rel_gudena","none",56.364919,9.900337,2005-09-08 14:00:00,2005-09-08 14:00:00,1,NA,NA,NA,0,0
"277","2004_Gudena","A69-1008-197","GUD1","VR2-3536",56.38230254,9.897962798,2005-09-09 22:07:16,2005-09-09 22:08:48,3,115636,2436.253722,0.021068,2436.253722,2436.253722
"278","2004_Gudena","A69-1008-198","rel_gudena","none",56.364919,9.900337,2005-09-08 14:00:00,2005-09-08 14:00:00,1,NA,NA,NA,0,0
"279","2004_Gudena","A69-1008-198","GUD1","VR2-3536",56.38230254,9.897962798,2005-09-09 22:11:22,2005-09-09 23:02:47,47,115882,2436.253722,0.021024,2436.253722,2436.253722
"280","2004_Gudena","A69-1008-198","RAN1","VR2-3538",56.45735379,10.01770257,2005-09-28 21:32:07,2005-09-28 21:42:27,16,1636160,14709.404108,0.00899,17145.65783,17145.657831
"281","2004_Gudena","A69-1008-198","RAN2","VR2-1909",56.45552792,10.03316608,2005-09-28 22:07:15,2005-09-28 22:21:16,17,1488,1021.252793,0.686326,18166.910623,18166.910624
"282","2004_Gudena","A69-1008-198","UGEL1","VR2-3080",56.48324094,10.2181103,2005-10-21 23:07:27,2005-10-21 23:37:35,24,1989971,13826.881613,0.006948,31993.792236,31993.792236
"283","2004_Gudena","A69-1008-198","UDBY1","VR2-3530",56.60799107,10.29949461,2005-10-25 19:08:01,2005-10-25 19:09:44,3,329426,16536.561389,0.050198,48530.353625,48530.353625
"284","2004_Gudena","A69-1008-198","UDBY2","VR2-2567",56.60980547,10.30384199,2005-10-25 20:26:17,2005-10-25 20:30:17,8,4593,366.239022,0.079739,48896.592647,48896.592647
"285","2004_Gudena","A69-1008-199","rel_gudena","none",56.364919,9.900337,2005-09-08 14:00:00,2005-09-08 14:00:00,1,NA,NA,NA,0,0
"286","2004_Gudena","A69-1008-199","GUD1","VR2-3536",56.38230254,9.897962798,2005-09-15 19:51:59,2005-09-15 20:21:35,21,625919,2436.253722,0.003892,2436.253722,2436.253722
"287","2004_Gudena","A69-1008-199","RAN1","VR2-3538",56.45735379,10.01770257,2005-09-27 20:58:10,2005-09-27 21:13:17,17,1038995,14709.404108,0.014157,17145.65783,17145.657831
"288","2004_Gudena","A69-1008-199","RAN2","VR2-1909",56.45552792,10.03316608,2005-09-27 21:48:33,2005-09-27 22:59:09,71,2116,1021.252793,0.482634,18166.910623,18166.910624
"289","2004_Gudena","A69-1008-199","RAN1","VR2-3538",56.45735379,10.01770257,2005-09-27 23:16:46,2005-09-27 23:27:03,11,1057,1021.252793,0.966181,19188.163416,17145.657831
"290","2004_Gudena","A69-1008-199","RAN1","VR2-3538",56.45735379,10.01770257,2005-09-28 22:41:04,2005-09-28 22:54:30,19,NA,NA,NA,19188.163416,17145.657831
"291","2004_Gudena","A69-1008-199","RAN2","VR2-1909",56.45552792,10.03316608,2005-09-28 23:23:14,2005-09-29 00:35:40,60,1724,1021.252793,0.592374,20209.416209,18166.910624
"292","2004_Gudena","A69-1008-199","RAN1","VR2-3538",56.45735379,10.01770257,2005-09-29 00:53:15,2005-09-29 01:25:21,25,1055,1021.252793,0.968012,21230.669002,17145.657831
"293","2004_Gudena","A69-1008-199","RAN1","VR2-3538",56.45735379,10.01770257,2005-10-01 21:24:13,2005-10-01 22:59:44,41,NA,NA,NA,21230.669002,17145.657831
"294","2004_Gudena","A69-1008-199","RAN1","VR2-3538",56.45735379,10.01770257,2005-10-15 07:45:06,2005-10-15 07:45:06,1,NA,NA,NA,21230.669002,17145.657831
"295","2004_Gudena","A69-1008-199","RAN1","VR2-3538",56.45735379,10.01770257,2005-10-23 17:36:35,2005-10-23 18:11:14,23,NA,NA,NA,21230.669002,17145.657831
"296","2004_Gudena","A69-1008-199","RAN2","VR2-1909",56.45552792,10.03316608,2005-10-23 18:27:20,2005-10-23 18:55:06,40,966,1021.252793,1.057198,22251.921795,18166.910624
"297","2004_Gudena","A69-1008-199","UGEL2","VR2-2718",56.47968471,10.21517113,2005-10-24 21:02:54,2005-10-24 22:10:12,46,94068,13370.274107,0.142134,35622.195902,31537.184731
"298","2004_Gudena","A69-1008-199","UGEL1","VR2-3080",56.48324094,10.2181103,2005-10-25 01:55:12,2005-10-25 02:00:13,7,13500,456.607505,0.033823,36078.803407,31993.792236
"299","2004_Gudena","A69-1008-199","UGEL1","VR2-3080",56.48324094,10.2181103,2005-10-25 05:39:40,2005-10-25 05:47:18,8,NA,NA,NA,36078.803407,31993.792236
"300","2004_Gudena","A69-1008-200","rel_gudena","none",56.364919,9.900337,2005-09-08 14:00:00,2005-09-08 14:00:00,1,NA,NA,NA,0,0
"301","2004_Gudena","A69-1008-200","GUD1","VR2-3536",56.38230254,9.897962798,2005-09-09 20:58:45,2005-09-09 21:04:35,8,111525,2436.253722,0.021845,2436.253722,2436.253722
"302","2004_Gudena","A69-1008-200","RAN1","VR2-3538",56.45735379,10.01770257,2005-09-10 03:33:22,2005-09-10 03:43:29,14,23327,14709.404108,0.630574,17145.65783,17145.657831
"303","2004_Gudena","A69-1008-200","RAN2","VR2-1909",56.45552792,10.03316608,2005-09-10 04:07:16,2005-09-10 04:29:44,30,1427,1021.252793,0.715664,18166.910623,18166.910624
"304","2004_Gudena","A69-1008-200","RAN1","VR2-3538",56.45735379,10.01770257,2005-09-10 04:46:43,2005-09-10 05:42:10,63,1019,1021.252793,1.002211,19188.163416,17145.657831
"305","2004_Gudena","A69-1008-200","RAN1","VR2-3538",56.45735379,10.01770257,2005-09-10 06:43:01,2005-09-10 06:43:01,1,NA,NA,NA,19188.163416,17145.657831
"306","2004_Gudena","A69-1008-200","RAN1","VR2-3538",56.45735379,10.01770257,2005-09-10 08:29:24,2005-09-10 13:08:06,160,NA,NA,NA,19188.163416,17145.657831
"307","2004_Gudena","A69-1008-200","RAN1","VR2-3538",56.45735379,10.01770257,2005-09-10 15:20:44,2005-09-10 20:59:29,135,NA,NA,NA,19188.163416,17145.657831
"308","2004_Gudena","A69-1008-200","RAN2","VR2-1909",56.45552792,10.03316608,2005-09-10 21:32:29,2005-09-10 21:49:49,8,1980,1021.252793,0.515784,20209.416209,18166.910624
"309","2004_Gudena","A69-1008-200","UGEL2","VR2-2718",56.47968471,10.21517113,2005-09-11 05:45:41,2005-09-11 06:14:04,23,28552,13370.274107,0.468278,33579.690316,31537.184731
"310","2004_Gudena","A69-1008-200","UGEL1","VR2-3080",56.48324094,10.2181103,2005-09-11 21:04:26,2005-09-11 23:04:19,145,53422,456.607505,0.008547,34036.297821,31993.792236
"311","2004_Gudena","A69-1008-200","RAN2","VR2-1909",56.45552792,10.03316608,2005-09-12 03:12:48,2005-09-12 03:27:52,12,14909,13826.881613,0.927418,47863.179434,18166.910624
"312","2004_Gudena","A69-1008-200","RAN1","VR2-3538",56.45735379,10.01770257,2005-09-12 03:28:53,2005-09-12 03:28:53,1,61,1021.252793,16.741849,48884.432227,17145.657831
"313","2004_Gudena","A69-1008-200","RAN2","VR2-1909",56.45552792,10.03316608,2005-09-12 03:29:07,2005-09-12 03:29:07,1,14,1021.252793,72.946628,49905.68502,18166.910624
"314","2004_Gudena","A69-1008-200","RAN1","VR2-3538",56.45735379,10.01770257,2005-09-12 03:29:21,2005-09-12 03:29:55,2,14,1021.252793,72.946628,50926.937813,17145.657831
"315","2004_Gudena","A69-1008-200","RAN2","VR2-1909",56.45552792,10.03316608,2005-09-12 03:30:09,2005-09-12 03:30:09,1,14,1021.252793,72.946628,51948.190606,18166.910624
"316","2004_Gudena","A69-1008-200","RAN1","VR2-3538",56.45735379,10.01770257,2005-09-12 03:30:39,2005-09-12 03:31:04,2,30,1021.252793,34.04176,52969.443399,17145.657831
"317","2004_Gudena","A69-1008-200","RAN2","VR2-1909",56.45552792,10.03316608,2005-09-12 03:31:10,2005-09-12 03:31:10,1,6,1021.252793,170.208799,53990.696192,18166.910624
"318","2004_Gudena","A69-1008-200","RAN1","VR2-3538",56.45735379,10.01770257,2005-09-12 03:32:47,2005-09-12 03:48:34,17,97,1021.252793,10.528379,55011.948985,17145.657831
"319","2004_Gudena","A69-1008-200","RAN1","VR2-3538",56.45735379,10.01770257,2005-09-12 04:49:26,2005-09-12 07:11:33,46,NA,NA,NA,55011.948985,17145.657831
"320","2004_Gudena","A69-1008-200","RAN1","VR2-3538",56.45735379,10.01770257,2005-09-12 08:25:42,2005-09-12 09:43:23,7,NA,NA,NA,55011.948985,17145.657831
"321","2004_Gudena","A69-1008-200","RAN1","VR2-3538",56.45735379,10.01770257,2005-09-12 16:32:18,2005-09-12 20:11:05,60,NA,NA,NA,55011.948985,17145.657831
"322","2004_Gudena","A69-1008-200","RAN1","VR2-3538",56.45735379,10.01770257,2005-09-12 21:16:55,2005-09-12 21:16:55,1,NA,NA,NA,55011.948985,17145.657831
"323","2004_Gudena","A69-1008-200","RAN1","VR2-3538",56.45735379,10.01770257,2005-09-12 22:27:51,2005-09-12 22:27:51,1,NA,NA,NA,55011.948985,17145.657831
"324","2004_Gudena","A69-1008-200","RAN1","VR2-3538",56.45735379,10.01770257,2005-09-13 01:11:23,2005-09-13 01:38:45,2,NA,NA,NA,55011.948985,17145.657831
"325","2004_Gudena","A69-1008-200","RAN1","VR2-3538",56.45735379,10.01770257,2005-09-13 04:28:53,2005-09-13 08:24:52,79,NA,NA,NA,55011.948985,17145.657831
"326","2004_Gudena","A69-1008-200","RAN1","VR2-3538",56.45735379,10.01770257,2005-09-13 18:03:07,2005-09-13 21:41:04,61,NA,NA,NA,55011.948985,17145.657831
"327","2004_Gudena","A69-1008-200","RAN1","VR2-3538",56.45735379,10.01770257,2005-09-14 06:59:13,2005-09-14 07:58:13,31,NA,NA,NA,55011.948985,17145.657831
"328","2004_Gudena","A69-1008-200","RAN1","VR2-3538",56.45735379,10.01770257,2005-09-14 09:24:27,2005-09-14 09:35:09,2,NA,NA,NA,55011.948985,17145.657831
"329","2004_Gudena","A69-1008-200","RAN1","VR2-3538",56.45735379,10.01770257,2005-09-14 10:44:43,2005-09-14 10:44:43,1,NA,NA,NA,55011.948985,17145.657831
"330","2004_Gudena","A69-1008-200","RAN1","VR2-3538",56.45735379,10.01770257,2005-09-14 18:01:10,2005-09-15 00:47:47,100,NA,NA,NA,55011.948985,17145.657831
"331","2004_Gudena","A69-1008-200","RAN1","VR2-3538",56.45735379,10.01770257,2005-09-15 02:46:06,2005-09-16 03:42:23,1039,NA,NA,NA,55011.948985,17145.657831
"332","2004_Gudena","A69-1008-200","RAN1","VR2-3538",56.45735379,10.01770257,2005-09-16 05:23:59,2005-09-17 12:34:55,1540,NA,NA,NA,55011.948985,17145.657831
"333","2004_Gudena","A69-1008-200","RAN1","VR2-3538",56.45735379,10.01770257,2005-09-17 13:54:41,2005-09-17 16:15:43,86,NA,NA,NA,55011.948985,17145.657831
"334","2004_Gudena","A69-1008-200","RAN1","VR2-3538",56.45735379,10.01770257,2005-09-17 17:21:42,2005-09-17 17:25:23,3,NA,NA,NA,55011.948985,17145.657831
"335","2004_Gudena","A69-1008-200","RAN1","VR2-3538",56.45735379,10.01770257,2005-09-17 18:52:59,2005-09-18 17:54:09,946,NA,NA,NA,55011.948985,17145.657831
"336","2004_Gudena","A69-1008-200","RAN1","VR2-3538",56.45735379,10.01770257,2005-09-18 19:22:44,2005-09-18 19:30:07,6,NA,NA,NA,55011.948985,17145.657831
"337","2004_Gudena","A69-1008-200","RAN1","VR2-3538",56.45735379,10.01770257,2005-09-18 21:22:43,2005-09-18 22:45:01,93,NA,NA,NA,55011.948985,17145.657831
"338","2004_Gudena","A69-1008-200","RAN1","VR2-3538",56.45735379,10.01770257,2005-09-19 01:11:59,2005-09-20 06:10:20,1792,NA,NA,NA,55011.948985,17145.657831
"339","2004_Gudena","A69-1008-200","RAN1","VR2-3538",56.45735379,10.01770257,2005-09-20 07:45:08,2005-09-21 15:22:44,1403,NA,NA,NA,55011.948985,17145.657831
"340","2004_Gudena","A69-1008-200","RAN1","VR2-3538",56.45735379,10.01770257,2005-09-21 16:24:34,2005-09-21 17:37:00,9,NA,NA,NA,55011.948985,17145.657831
"341","2004_Gudena","A69-1008-200","RAN1","VR2-3538",56.45735379,10.01770257,2005-09-21 18:44:15,2005-09-22 10:22:20,513,NA,NA,NA,55011.948985,17145.657831
"342","2004_Gudena","A69-1008-200","RAN1","VR2-3538",56.45735379,10.01770257,2005-09-22 11:57:41,2005-09-22 12:37:35,13,NA,NA,NA,55011.948985,17145.657831
"343","2004_Gudena","A69-1008-200","RAN1","VR2-3538",56.45735379,10.01770257,2005-09-22 13:46:21,2005-09-22 13:54:07,3,NA,NA,NA,55011.948985,17145.657831
"344","2004_Gudena","A69-1008-200","RAN1","VR2-3538",56.45735379,10.01770257,2005-09-22 16:51:40,2005-09-22 17:23:03,5,NA,NA,NA,55011.948985,17145.657831
"345","2004_Gudena","A69-1008-200","RAN1","VR2-3538",56.45735379,10.01770257,2005-09-22 19:46:51,2005-09-22 19:57:30,2,NA,NA,NA,55011.948985,17145.657831
"346","2004_Gudena","A69-1008-200","RAN1","VR2-3538",56.45735379,10.01770257,2005-09-22 21:00:11,2005-09-23 05:58:21,374,NA,NA,NA,55011.948985,17145.657831
"347","2004_Gudena","A69-1008-200","RAN1","VR2-3538",56.45735379,10.01770257,2005-09-23 08:00:56,2005-09-23 14:45:52,81,NA,NA,NA,55011.948985,17145.657831
"348","2004_Gudena","A69-1008-200","RAN1","VR2-3538",56.45735379,10.01770257,2005-09-23 23:23:15,2005-09-27 21:00:01,5682,NA,NA,NA,55011.948985,17145.657831
"349","2004_Gudena","A69-1008-200","RAN2","VR2-1909",56.45552792,10.03316608,2005-09-27 21:17:56,2005-09-27 21:30:53,12,1075,1021.252793,0.950003,56033.201778,18166.910624
"350","2004_Gudena","A69-1008-200","RAN2","VR2-1909",56.45552792,10.03316608,2005-09-28 01:37:27,2005-09-28 01:56:58,28,NA,NA,NA,56033.201778,18166.910624
"351","2004_Gudena","A69-1008-200","RAN2","VR2-1909",56.45552792,10.03316608,2005-09-28 19:27:52,2005-09-28 20:10:35,49,NA,NA,NA,56033.201778,18166.910624
"352","2004_Gudena","A69-1008-200","UGEL1","VR2-3080",56.48324094,10.2181103,2005-09-29 02:57:23,2005-09-29 04:01:32,63,24408,13826.881613,0.56649,69860.083391,31993.792236
"353","2004_Gudena","A69-1008-201","rel_gudena","none",56.364919,9.900337,2005-09-08 14:00:00,2005-09-08 14:00:00,1,NA,NA,NA,0,0
"354","2004_Gudena","A69-1008-201","GUD1","VR2-3536",56.38230254,9.897962798,2005-09-12 23:04:26,2005-09-12 23:19:11,18,378266,2436.253722,0.006441,2436.253722,2436.253722
"355","2004_Gudena","A69-1008-201","RAN1","VR2-3538",56.45735379,10.01770257,2005-09-14 00:03:22,2005-09-14 00:07:41,5,89051,14709.404108,0.16518,17145.65783,17145.657831
"356","2004_Gudena","A69-1008-201","RAN1","VR2-3538",56.45735379,10.01770257,2005-09-28 20:23:23,2005-09-28 20:39:43,21,NA,NA,NA,17145.65783,17145.657831
"357","2004_Gudena","A69-1008-201","RAN2","VR2-1909",56.45552792,10.03316608,2005-09-28 21:14:28,2005-09-28 21:54:39,32,2085,1021.252793,0.489809,18166.910623,18166.910624
"358","2004_Gudena","A69-1008-201","UGEL2","VR2-2718",56.47968471,10.21517113,2005-09-30 05:22:23,2005-09-30 20:21:15,778,113264,13370.274107,0.118045,31537.18473,31537.184731
"359","2004_Gudena","A69-1008-201","UDBY1","VR2-3530",56.60799107,10.29949461,2005-10-01 01:31:38,2005-10-01 01:37:57,6,18623,16993.168894,0.912483,48530.353624,48530.353625
"360","2004_Gudena","A69-1008-201","UDBY2","VR2-2567",56.60980547,10.30384199,2005-10-01 02:46:07,2005-10-01 05:30:20,94,4090,366.239022,0.089545,48896.592646,48896.592647
"361","2004_Gudena","A69-1008-201","UDBY1","VR2-3530",56.60799107,10.29949461,2005-10-01 19:55:45,2005-10-01 20:20:51,15,51925,366.239022,0.007053,49262.831668,48530.353625
"362","2004_Gudena","A69-1008-201","UDBY2","VR2-2567",56.60980547,10.30384199,2005-10-01 21:23:40,2005-10-01 21:50:14,27,3769,366.239022,0.097171,49629.07069,48896.592647
"363","2004_Gudena","A69-1008-201","KATNORD","VR2-2566",56.61897787,10.35937256,2005-10-01 22:21:24,2005-10-01 22:31:44,10,1870,3773.719193,2.018032,53402.789883,52670.31184
"364","2004_Gudena","A69-1008-202","rel_gudena","none",56.364919,9.900337,2005-09-08 14:00:00,2005-09-08 14:00:00,1,NA,NA,NA,0,0
"365","2004_Gudena","A69-1008-203","rel_gudena","none",56.364919,9.900337,2005-09-08 14:00:00,2005-09-08 14:00:00,1,NA,NA,NA,0,0
"366","2004_Gudena","A69-1008-203","GUD1","VR2-3536",56.38230254,9.897962798,2005-09-09 20:59:23,2005-09-09 21:03:22,6,111563,2436.253722,0.021837,2436.253722,2436.253722
"367","2004_Gudena","A69-1008-203","RAN2","VR2-1909",56.45552792,10.03316608,2005-09-10 03:23:35,2005-09-10 03:59:15,49,22813,15730.656901,0.689548,18166.910623,18166.910624
"368","2004_Gudena","A69-1008-203","UGEL2","VR2-2718",56.47968471,10.21517113,2005-10-23 02:53:41,2005-10-23 03:05:15,5,3711266,13370.274107,0.003603,31537.18473,31537.184731
"369","2004_Gudena","A69-1008-204","rel_gudena","none",56.364919,9.900337,2005-09-08 14:00:00,2005-09-08 14:00:00,1,NA,NA,NA,0,0
"370","2004_Gudena","A69-1008-205","rel_gudena","none",56.364919,9.900337,2005-09-08 14:00:00,2005-09-08 14:00:00,1,NA,NA,NA,0,0
"371","2004_Gudena","A69-1008-205","GUD1","VR2-3536",56.38230254,9.897962798,2005-09-10 01:59:16,2005-09-10 02:21:15,13,129556,2436.253722,0.018805,2436.253722,2436.253722
"372","2004_Gudena","A69-1008-205","RAN1","VR2-3538",56.45735379,10.01770257,2005-09-28 20:58:37,2005-09-28 21:04:37,8,1622242,14709.404108,0.009067,17145.65783,17145.657831
"373","2004_Gudena","A69-1008-205","RAN2","VR2-1909",56.45552792,10.03316608,2005-09-28 21:57:47,2005-09-28 22:06:49,7,3190,1021.252793,0.320142,18166.910623,18166.910624
"374","2004_Gudena","A69-1008-205","UGEL2","VR2-2718",56.47968471,10.21517113,2005-09-30 00:08:05,2005-09-30 00:08:05,1,93676,13370.274107,0.142729,31537.18473,31537.184731
"375","2004_Gudena","A69-1008-205","UGEL2","VR2-2718",56.47968471,10.21517113,2005-10-18 22:44:34,2005-10-18 22:44:34,1,NA,NA,NA,31537.18473,31537.184731
"376","2004_Gudena","A69-1008-206","rel_gudena","none",56.364919,9.900337,2005-10-04 14:00:00,2005-10-04 14:00:00,1,NA,NA,NA,0,0
"377","2004_Gudena","A69-1008-207","rel_gudena","none",56.364919,9.900337,2005-10-04 14:00:00,2005-10-04 14:00:00,1,NA,NA,NA,0,0
"378","2004_Gudena","A69-1008-207","GUD1","VR2-3536",56.38230254,9.897962798,2005-10-05 20:17:23,2005-10-05 20:28:15,10,109043,2436.253722,0.022342,2436.253722,2436.253722
"379","2004_Gudena","A69-1008-207","RAN1","VR2-3538",56.45735379,10.01770257,2005-10-06 04:13:20,2005-10-06 04:28:26,19,27905,14709.404108,0.527124,17145.65783,17145.657831
"380","2004_Gudena","A69-1008-207","RAN2","VR2-1909",56.45552792,10.03316608,2005-10-06 04:58:01,2005-10-06 05:07:26,11,1775,1021.252793,0.575354,18166.910623,18166.910624
"381","2004_Gudena","A69-1008-207","UGEL2","VR2-2718",56.47968471,10.21517113,2005-10-11 21:05:07,2005-10-11 21:47:24,49,489461,13370.274107,0.027316,31537.18473,31537.184731
"382","2004_Gudena","A69-1008-207","UGEL1","VR2-3080",56.48324094,10.2181103,2005-10-11 22:55:59,2005-10-11 23:29:23,38,4115,456.607505,0.110962,31993.792235,31993.792236
"383","2004_Gudena","A69-1008-207","UGEL2","VR2-2718",56.47968471,10.21517113,2005-10-14 01:50:12,2005-10-14 04:50:58,106,181249,456.607505,0.002519,32450.39974,31537.184731
"384","2004_Gudena","A69-1008-207","UGEL2","VR2-2718",56.47968471,10.21517113,2005-10-26 21:18:38,2005-10-26 21:37:10,15,NA,NA,NA,32450.39974,31537.184731
"385","2004_Gudena","A69-1008-207","UDBY1","VR2-3530",56.60799107,10.29949461,2005-10-27 22:19:37,2005-10-27 22:27:16,12,88947,16993.168894,0.191048,49443.568634,48530.353625
"386","2004_Gudena","A69-1008-207","UDBY2","VR2-2567",56.60980547,10.30384199,2005-10-27 23:31:03,2005-10-27 23:53:09,23,3827,366.239022,0.095699,49809.807656,48896.592647
"387","2004_Gudena","A69-1008-208","rel_gudena","none",56.364919,9.900337,2005-10-04 14:00:00,2005-10-04 14:00:00,1,NA,NA,NA,0,0
"388","2004_Gudena","A69-1008-208","GUD1","VR2-3536",56.38230254,9.897962798,2005-10-05 19:57:18,2005-10-05 20:03:33,8,107838,2436.253722,0.022592,2436.253722,2436.253722
"389","2004_Gudena","A69-1008-208","RAN1","VR2-3538",56.45735379,10.01770257,2005-10-06 00:34:20,2005-10-06 00:44:19,15,16247,14709.404108,0.905361,17145.65783,17145.657831
"390","2004_Gudena","A69-1008-208","RAN2","VR2-1909",56.45552792,10.03316608,2005-10-06 01:04:18,2005-10-06 01:19:10,16,1199,1021.252793,0.851754,18166.910623,18166.910624
"391","2004_Gudena","A69-1008-208","UGEL1","VR2-3080",56.48324094,10.2181103,2005-10-07 04:48:56,2005-10-07 05:04:34,5,98986,13826.881613,0.139685,31993.792236,31993.792236
"392","2004_Gudena","A69-1008-208","UGEL1","VR2-3080",56.48324094,10.2181103,2005-10-09 01:02:35,2005-10-09 02:07:19,57,NA,NA,NA,31993.792236,31993.792236
"393","2004_Gudena","A69-1008-208","UGEL1","VR2-3080",56.48324094,10.2181103,2005-10-09 10:05:01,2005-10-09 11:19:17,36,NA,NA,NA,31993.792236,31993.792236
"394","2004_Gudena","A69-1008-208","UGEL1","VR2-3080",56.48324094,10.2181103,2005-10-11 00:04:37,2005-10-11 00:49:12,3,NA,NA,NA,31993.792236,31993.792236
"395","2004_Gudena","A69-1008-208","UGEL1","VR2-3080",56.48324094,10.2181103,2005-10-18 19:46:55,2005-10-18 19:54:41,3,NA,NA,NA,31993.792236,31993.792236
"396","2004_Gudena","A69-1008-208","UGEL1","VR2-3080",56.48324094,10.2181103,2005-10-25 18:51:18,2005-10-25 19:22:11,31,NA,NA,NA,31993.792236,31993.792236
"397","2004_Gudena","A69-1008-209","rel_gudena","none",56.364919,9.900337,2005-10-04 14:00:00,2005-10-04 14:00:00,1,NA,NA,NA,0,0
"398","2004_Gudena","A69-1008-209","GUD1","VR2-3536",56.38230254,9.897962798,2005-10-05 19:20:11,2005-10-05 20:13:26,9,105611,2436.253722,0.023068,2436.253722,2436.253722
"399","2004_Gudena","A69-1008-209","RAN1","VR2-3538",56.45735379,10.01770257,2005-10-07 22:36:05,2005-10-07 22:56:31,25,181359,14709.404108,0.081107,17145.65783,17145.657831
"400","2004_Gudena","A69-1008-209","RAN2","VR2-1909",56.45552792,10.03316608,2005-10-07 23:24:38,2005-10-07 23:54:35,37,1687,1021.252793,0.605366,18166.910623,18166.910624
"401","2004_Gudena","A69-1008-209","RAN2","VR2-1909",56.45552792,10.03316608,2005-10-08 01:12:11,2005-10-08 01:12:11,1,NA,NA,NA,18166.910623,18166.910624
"402","2004_Gudena","A69-1008-209","UGEL2","VR2-2718",56.47968471,10.21517113,2005-11-16 05:34:47,2005-11-16 05:59:14,30,3385356,13370.274107,0.003949,31537.18473,31537.184731
"403","2004_Gudena","A69-1008-209","UDBY1","VR2-3530",56.60799107,10.29949461,2005-11-24 18:18:51,2005-11-24 18:19:44,2,735577,16993.168894,0.023102,48530.353624,48530.353625
"404","2004_Gudena","A69-1008-209","UDBY2","VR2-2567",56.60980547,10.30384199,2005-11-24 19:35:16,2005-11-24 19:35:49,2,4532,366.239022,0.080812,48896.592646,48896.592647
"405","2004_Gudena","A69-1008-210","rel_gudena","none",56.364919,9.900337,2005-10-04 14:00:00,2005-10-04 14:00:00,1,NA,NA,NA,0,0
"406","2004_Gudena","A69-1008-210","GUD1","VR2-3536",56.38230254,9.897962798,2005-11-03 20:54:40,2005-11-03 21:05:08,6,2616880,2436.253722,0.000931,2436.253722,2436.253722
"407","2004_Gudena","A69-1008-210","RAN1","VR2-3538",56.45735379,10.01770257,2005-11-04 01:39:08,2005-11-04 01:44:50,7,16440,14709.404108,0.894733,17145.65783,17145.657831
"408","2004_Gudena","A69-1008-210","RAN2","VR2-1909",56.45552792,10.03316608,2005-11-04 02:10:10,2005-11-04 02:51:59,42,1520,1021.252793,0.671877,18166.910623,18166.910624
"409","2004_Gudena","A69-1008-210","RAN2","VR2-1909",56.45552792,10.03316608,2005-11-04 17:30:00,2005-11-04 17:49:46,7,NA,NA,NA,18166.910623,18166.910624
"410","2004_Gudena","A69-1008-210","UGEL2","VR2-2718",56.47968471,10.21517113,2005-11-08 19:20:16,2005-11-08 19:38:34,18,351030,13370.274107,0.038089,31537.18473,31537.184731
"411","2004_Gudena","A69-1008-211","rel_gudena","none",56.364919,9.900337,2005-10-04 14:00:00,2005-10-04 14:00:00,1,NA,NA,NA,0,0
"412","2004_Gudena","A69-1008-211","GUD1","VR2-3536",56.38230254,9.897962798,2005-10-05 20:22:51,2005-10-05 20:27:27,6,109371,2436.253722,0.022275,2436.253722,2436.253722
"413","2004_Gudena","A69-1008-211","RAN1","VR2-3538",56.45735379,10.01770257,2005-10-10 02:53:13,2005-10-10 03:30:06,34,368746,14709.404108,0.03989,17145.65783,17145.657831
"414","2004_Gudena","A69-1008-211","RAN2","VR2-1909",56.45552792,10.03316608,2005-10-14 20:04:29,2005-10-14 20:04:29,1,405263,1021.252793,0.00252,18166.910623,18166.910624
"415","2004_Gudena","A69-1008-211","RAN2","VR2-1909",56.45552792,10.03316608,2005-10-18 19:48:28,2005-10-18 21:36:06,51,NA,NA,NA,18166.910623,18166.910624
"416","2004_Gudena","A69-1008-211","UGEL2","VR2-2718",56.47968471,10.21517113,2005-10-28 00:08:11,2005-10-28 00:26:26,28,786725,13370.274107,0.016995,31537.18473,31537.184731
"417","2004_Gudena","A69-1008-212","rel_gudena","none",56.364919,9.900337,2005-10-04 14:00:00,2005-10-04 14:00:00,1,NA,NA,NA,0,0
"418","2004_Gudena","A69-1008-212","GUD1","VR2-3536",56.38230254,9.897962798,2005-10-05 20:55:25,2005-10-05 21:00:41,7,111325,2436.253722,0.021884,2436.253722,2436.253722
"419","2004_Gudena","A69-1008-212","RAN1","VR2-3538",56.45735379,10.01770257,2005-10-07 19:31:14,2005-10-07 19:45:25,19,167433,14709.404108,0.087852,17145.65783,17145.657831
"420","2004_Gudena","A69-1008-212","RAN1","VR2-3538",56.45735379,10.01770257,2005-10-07 21:46:58,2005-10-07 22:21:30,47,NA,NA,NA,17145.65783,17145.657831
"421","2004_Gudena","A69-1008-212","RAN1","VR2-3538",56.45735379,10.01770257,2005-10-07 23:54:32,2005-10-08 01:01:36,91,NA,NA,NA,17145.65783,17145.657831
"422","2004_Gudena","A69-1008-212","RAN1","VR2-3538",56.45735379,10.01770257,2005-10-09 18:33:33,2005-10-09 18:53:53,18,NA,NA,NA,17145.65783,17145.657831
"423","2004_Gudena","A69-1008-212","RAN2","VR2-1909",56.45552792,10.03316608,2005-10-09 19:16:10,2005-10-09 19:29:49,14,1337,1021.252793,0.763839,18166.910623,18166.910624
"424","2004_Gudena","A69-1008-212","UGEL2","VR2-2718",56.47968471,10.21517113,2005-10-10 05:41:18,2005-10-11 18:03:10,2185,36689,13370.274107,0.364422,31537.18473,31537.184731
"425","2004_Gudena","A69-1008-212","UDBY1","VR2-3530",56.60799107,10.29949461,2005-10-12 01:31:26,2005-10-12 03:28:19,70,26896,16993.168894,0.63181,48530.353624,48530.353625
"426","2004_Gudena","A69-1008-213","rel_gudena","none",56.364919,9.900337,2005-10-04 14:00:00,2005-10-04 14:00:00,1,NA,NA,NA,0,0
"427","2004_Gudena","A69-1008-213","GUD1","VR2-3536",56.38230254,9.897962798,2005-10-25 23:45:16,2005-10-25 23:56:45,9,1849516,2436.253722,0.001317,2436.253722,2436.253722
"428","2004_Gudena","A69-1008-213","RAN1","VR2-3538",56.45735379,10.01770257,2005-10-26 21:14:07,2005-10-26 21:18:26,5,76642,14709.404108,0.191924,17145.65783,17145.657831
"429","2004_Gudena","A69-1008-213","RAN2","VR2-1909",56.45552792,10.03316608,2005-10-26 21:40:13,2005-10-26 21:50:42,18,1307,1021.252793,0.781372,18166.910623,18166.910624
"430","2004_Gudena","A69-1008-213","UGEL2","VR2-2718",56.47968471,10.21517113,2005-10-27 22:57:24,2005-10-27 23:16:13,39,90402,13370.274107,0.147898,31537.18473,31537.184731
"431","2004_Gudena","A69-1008-213","UDBY2","VR2-2567",56.60980547,10.30384199,2005-10-28 19:20:52,2005-10-28 19:33:30,12,72279,17359.407916,0.240172,48896.592646,48896.592647
"432","2004_Gudena","A69-1008-214","rel_gudena","none",56.364919,9.900337,2005-10-04 14:00:00,2005-10-04 14:00:00,1,NA,NA,NA,0,0
"433","2004_Gudena","A69-1008-214","GUD1","VR2-3536",56.38230254,9.897962798,2005-10-11 22:24:13,2005-10-11 22:35:09,10,635053,2436.253722,0.003836,2436.253722,2436.253722
"434","2004_Gudena","A69-1008-214","RAN1","VR2-3538",56.45735379,10.01770257,2005-10-17 01:22:53,2005-10-17 01:37:09,16,442064,14709.404108,0.033274,17145.65783,17145.657831
"435","2004_Gudena","A69-1008-214","RAN2","VR2-1909",56.45552792,10.03316608,2005-10-17 01:57:56,2005-10-17 02:15:52,21,1247,1021.252793,0.818968,18166.910623,18166.910624
"436","2004_Gudena","A69-1008-215","rel_gudena","none",56.364919,9.900337,2005-10-04 14:00:00,2005-10-04 14:00:00,1,NA,NA,NA,0,0
"437","2004_Gudena","A69-1008-215","GUD1","VR2-3536",56.38230254,9.897962798,2005-10-05 21:07:13,2005-10-05 21:19:11,7,112033,2436.253722,0.021746,2436.253722,2436.253722
"438","2004_Gudena","A69-1008-215","RAN2","VR2-1909",56.45552792,10.03316608,2005-10-08 18:56:30,2005-10-08 21:16:17,176,250639,15730.656901,0.062762,18166.910623,18166.910624
"439","2004_Gudena","A69-1008-215","UGEL1","VR2-3080",56.48324094,10.2181103,2005-10-10 00:00:25,2005-10-10 01:16:28,57,96248,13826.881613,0.143659,31993.792236,31993.792236
"440","2004_Gudena","A69-1008-216","rel_gudena","none",56.364919,9.900337,2005-10-04 14:00:00,2005-10-04 14:00:00,1,NA,NA,NA,0,0
"441","2004_Gudena","A69-1008-216","GUD1","VR2-3536",56.38230254,9.897962798,2005-10-06 20:42:18,2005-10-06 20:54:33,8,196938,2436.253722,0.012371,2436.253722,2436.253722
"442","2004_Gudena","A69-1008-216","RAN1","VR2-3538",56.45735379,10.01770257,2005-10-09 21:17:29,2005-10-09 21:56:37,47,260576,14709.404108,0.05645,17145.65783,17145.657831
"443","2004_Gudena","A69-1008-216","RAN2","VR2-1909",56.45552792,10.03316608,2005-10-11 19:13:39,2005-10-11 19:23:34,11,163022,1021.252793,0.006265,18166.910623,18166.910624
"444","2004_Gudena","A69-1008-216","UGEL2","VR2-2718",56.47968471,10.21517113,2005-10-12 12:58:24,2005-10-12 13:28:08,28,63290,13370.274107,0.211254,31537.18473,31537.184731
"445","2004_Gudena","A69-1008-216","UDBY1","VR2-3530",56.60799107,10.29949461,2005-10-12 20:23:55,2005-10-12 23:51:12,80,24947,16993.168894,0.681171,48530.353624,48530.353625
"446","2004_Gudena","A69-1008-216","UDBY1","VR2-3530",56.60799107,10.29949461,2005-10-25 02:19:34,2005-10-25 04:28:51,15,NA,NA,NA,48530.353624,48530.353625
"447","2004_Gudena","A69-1008-216","UDBY2","VR2-2567",56.60980547,10.30384199,2005-10-25 05:41:10,2005-10-25 05:44:09,5,4339,366.239022,0.084406,48896.592646,48896.592647
"448","2004_Gudena","A69-1008-217","rel_gudena","none",56.364919,9.900337,2005-10-04 14:00:00,2005-10-04 14:00:00,1,NA,NA,NA,0,0
"449","2004_Gudena","A69-1008-217","GUD1","VR2-3536",56.38230254,9.897962798,2005-10-06 01:29:30,2005-10-06 01:38:08,11,127770,2436.253722,0.019067,2436.253722,2436.253722
"450","2004_Gudena","A69-1008-217","RAN1","VR2-3538",56.45735379,10.01770257,2005-10-25 19:34:01,2005-10-25 19:53:57,17,1706153,14709.404108,0.008621,17145.65783,17145.657831
"451","2004_Gudena","A69-1008-217","RAN2","VR2-1909",56.45552792,10.03316608,2005-10-25 20:05:32,2005-10-25 20:16:58,13,695,1021.252793,1.469428,18166.910623,18166.910624
"452","2004_Gudena","A69-1008-217","UGEL1","VR2-3080",56.48324094,10.2181103,2005-10-26 04:46:39,2005-10-26 06:40:31,63,30581,13826.881613,0.45214,31993.792236,31993.792236
"453","2004_Gudena","A69-1008-217","UDBY1","VR2-3530",56.60799107,10.29949461,2005-10-26 22:10:54,2005-10-26 22:13:52,5,55823,16536.561389,0.296232,48530.353625,48530.353625
"454","2004_Gudena","A69-1008-217","UDBY2","VR2-2567",56.60980547,10.30384199,2005-10-26 23:16:58,2005-10-26 23:48:23,24,3786,366.239022,0.096735,48896.592647,48896.592647
"455","2004_Gudena","A69-1008-218","rel_gudena","none",56.364919,9.900337,2005-10-04 14:00:00,2005-10-04 14:00:00,1,NA,NA,NA,0,0
"456","2004_Gudena","A69-1008-218","GUD1","VR2-3536",56.38230254,9.897962798,2005-10-08 02:32:27,2005-10-08 02:54:31,16,304347,2436.253722,0.008005,2436.253722,2436.253722
"457","2004_Gudena","A69-1008-218","RAN1","VR2-3538",56.45735379,10.01770257,2005-10-26 18:51:59,2005-10-26 19:16:23,24,1612648,14709.404108,0.009121,17145.65783,17145.657831
"458","2004_Gudena","A69-1008-218","RAN2","VR2-1909",56.45552792,10.03316608,2005-10-26 19:48:45,2005-10-26 19:58:28,14,1942,1021.252793,0.525877,18166.910623,18166.910624
"459","2004_Gudena","A69-1008-218","UGEL1","VR2-3080",56.48324094,10.2181103,2005-10-27 02:42:18,2005-10-27 03:19:54,42,24230,13826.881613,0.570651,31993.792236,31993.792236
"460","2004_Gudena","A69-1008-218","UGEL2","VR2-2718",56.47968471,10.21517113,2005-10-27 04:35:49,2005-10-27 05:10:03,36,4555,456.607505,0.100243,32450.399741,31537.184731
"461","2004_Gudena","A69-1008-218","UDBY1","VR2-3530",56.60799107,10.29949461,2005-10-27 22:20:44,2005-10-27 23:58:49,32,61841,16993.168894,0.274788,49443.568635,48530.353625
"462","2004_Gudena","A69-1008-219","rel_gudena","none",56.364919,9.900337,2005-10-04 14:00:00,2005-10-04 14:00:00,1,NA,NA,NA,0,0
"463","2004_Gudena","A69-1008-219","GUD1","VR2-3536",56.38230254,9.897962798,2005-11-01 22:58:25,2005-11-01 23:09:34,8,2451505,2436.253722,0.000994,2436.253722,2436.253722
"464","2004_Gudena","A69-1008-220","rel_gudena","none",56.364919,9.900337,2005-10-04 14:00:00,2005-10-04 14:00:00,1,NA,NA,NA,0,0
"465","2004_Gudena","A69-1008-220","GUD1","VR2-3536",56.38230254,9.897962798,2005-10-06 21:01:56,2005-10-06 21:51:59,13,198116,2436.253722,0.012297,2436.253722,2436.253722
"466","2004_Gudena","A69-1008-220","RAN1","VR2-3538",56.45735379,10.01770257,2005-10-09 00:31:25,2005-10-09 01:04:46,40,182366,14709.404108,0.080659,17145.65783,17145.657831
"467","2004_Gudena","A69-1008-220","RAN1","VR2-3538",56.45735379,10.01770257,2005-10-09 02:37:43,2005-10-09 02:56:16,21,NA,NA,NA,17145.65783,17145.657831
"468","2004_Gudena","A69-1008-220","RAN2","VR2-1909",56.45552792,10.03316608,2005-10-09 03:08:36,2005-10-09 03:17:29,7,740,1021.252793,1.380071,18166.910623,18166.910624
"469","2004_Gudena","A69-1008-220","RAN2","VR2-1909",56.45552792,10.03316608,2005-10-09 05:43:25,2005-10-09 06:02:00,4,NA,NA,NA,18166.910623,18166.910624
"470","2004_Gudena","A69-1008-220","RAN2","VR2-1909",56.45552792,10.03316608,2005-10-09 13:31:17,2005-10-09 13:46:00,2,NA,NA,NA,18166.910623,18166.910624
"471","2004_Gudena","A69-1008-220","RAN2","VR2-1909",56.45552792,10.03316608,2005-10-09 14:50:40,2005-10-09 18:02:28,138,NA,NA,NA,18166.910623,18166.910624
"472","2004_Gudena","A69-1008-220","RAN2","VR2-1909",56.45552792,10.03316608,2005-10-09 20:27:44,2005-10-09 21:08:00,20,NA,NA,NA,18166.910623,18166.910624
"473","2004_Gudena","A69-1008-220","RAN2","VR2-1909",56.45552792,10.03316608,2005-10-09 22:38:32,2005-10-10 02:52:49,120,NA,NA,NA,18166.910623,18166.910624
"474","2004_Gudena","A69-1008-220","RAN2","VR2-1909",56.45552792,10.03316608,2005-10-10 09:09:28,2005-10-10 09:16:37,3,NA,NA,NA,18166.910623,18166.910624
"475","2004_Gudena","A69-1008-220","RAN2","VR2-1909",56.45552792,10.03316608,2005-10-10 10:39:03,2005-10-10 10:39:03,1,NA,NA,NA,18166.910623,18166.910624
"476","2004_Gudena","A69-1008-220","RAN2","VR2-1909",56.45552792,10.03316608,2005-10-10 13:25:05,2005-10-10 13:39:01,4,NA,NA,NA,18166.910623,18166.910624
"477","2004_Gudena","A69-1008-220","RAN2","VR2-1909",56.45552792,10.03316608,2005-10-10 15:03:40,2005-10-10 15:55:00,12,NA,NA,NA,18166.910623,18166.910624
"478","2004_Gudena","A69-1008-220","RAN2","VR2-1909",56.45552792,10.03316608,2005-10-10 18:43:26,2005-10-10 19:16:50,26,NA,NA,NA,18166.910623,18166.910624
"479","2004_Gudena","A69-1008-220","UGEL1","VR2-3080",56.48324094,10.2181103,2005-10-18 01:13:27,2005-10-18 06:12:25,111,626197,13826.881613,0.022081,31993.792236,31993.792236
"480","2004_Gudena","A69-1008-220","UGEL2","VR2-2718",56.47968471,10.21517113,2005-10-18 22:44:24,2005-10-18 22:44:40,2,59519,456.607505,0.007672,32450.399741,31537.184731
"481","2004_Gudena","A69-1008-220","UGEL2","VR2-2718",56.47968471,10.21517113,2005-10-19 00:20:40,2005-10-19 01:23:16,67,NA,NA,NA,32450.399741,31537.184731
"482","2004_Gudena","A69-1008-221","rel_gudena","none",56.364919,9.900337,2005-10-04 14:00:00,2005-10-04 14:00:00,1,NA,NA,NA,0,0
"483","2004_Gudena","A69-1008-221","GUD1","VR2-3536",56.38230254,9.897962798,2005-10-05 20:46:21,2005-10-05 21:07:05,10,110781,2436.253722,0.021992,2436.253722,2436.253722
"484","2004_Gudena","A69-1008-221","RAN1","VR2-3538",56.45735379,10.01770257,2005-10-10 03:36:26,2005-10-10 03:59:08,25,368961,14709.404108,0.039867,17145.65783,17145.657831
"485","2004_Gudena","A69-1008-221","RAN2","VR2-1909",56.45552792,10.03316608,2005-10-10 04:24:45,2005-10-10 04:59:05,42,1537,1021.252793,0.664446,18166.910623,18166.910624
"486","2004_Gudena","A69-1008-221","UGEL1","VR2-3080",56.48324094,10.2181103,2005-10-12 02:21:47,2005-10-12 03:19:32,62,163362,13826.881613,0.08464,31993.792236,31993.792236
"487","2004_Gudena","A69-1008-221","UDBY1","VR2-3530",56.60799107,10.29949461,2005-10-12 21:33:34,2005-10-12 21:36:28,5,65642,16536.561389,0.25192,48530.353625,48530.353625
"488","2004_Gudena","A69-1008-221","UDBY2","VR2-2567",56.60980547,10.30384199,2005-10-12 22:40:16,2005-10-12 23:07:49,24,3828,366.239022,0.095674,48896.592647,48896.592647
"489","2004_Gudena","A69-1008-222","rel_gudena","none",56.364919,9.900337,2005-10-04 14:00:00,2005-10-04 14:00:00,1,NA,NA,NA,0,0
"490","2004_Gudena","A69-1008-223","rel_gudena","none",56.364919,9.900337,2005-10-04 14:00:00,2005-10-04 14:00:00,1,NA,NA,NA,0,0
"491","2004_Gudena","A69-1008-223","GUD1","VR2-3536",56.38230254,9.897962798,2005-10-05 21:57:37,2005-10-05 22:05:32,12,115057,2436.253722,0.021174,2436.253722,2436.253722
"492","2004_Gudena","A69-1008-223","RAN1","VR2-3538",56.45735379,10.01770257,2005-10-11 23:36:54,2005-10-12 00:02:02,26,523882,14709.404108,0.028078,17145.65783,17145.657831
"493","2004_Gudena","A69-1008-223","RAN1","VR2-3538",56.45735379,10.01770257,2005-10-12 01:53:29,2005-10-12 03:13:08,84,NA,NA,NA,17145.65783,17145.657831
"494","2004_Gudena","A69-1008-223","RAN1","VR2-3538",56.45735379,10.01770257,2005-10-18 06:38:22,2005-10-18 06:43:29,3,NA,NA,NA,17145.65783,17145.657831
"495","2004_Gudena","A69-1008-223","RAN1","VR2-3538",56.45735379,10.01770257,2005-10-23 19:14:34,2005-10-23 19:45:48,26,NA,NA,NA,17145.65783,17145.657831
"496","2004_Gudena","A69-1008-223","RAN2","VR2-1909",56.45552792,10.03316608,2005-10-23 20:09:43,2005-10-23 20:29:20,23,1435,1021.252793,0.711674,18166.910623,18166.910624
"497","2004_Gudena","A69-1008-223","UGEL2","VR2-2718",56.47968471,10.21517113,2005-10-24 22:56:02,2005-10-24 23:27:48,27,95202,13370.274107,0.140441,31537.18473,31537.184731
"498","2004_Gudena","A69-1008-224","rel_gudena","none",56.364919,9.900337,2005-10-04 14:00:00,2005-10-04 14:00:00,1,NA,NA,NA,0,0
"499","2004_Gudena","A69-1008-224","GUD1","VR2-3536",56.38230254,9.897962798,2005-10-05 21:04:56,2005-10-05 21:17:12,10,111896,2436.253722,0.021772,2436.253722,2436.253722
"500","2004_Gudena","A69-1008-224","RAN1","VR2-3538",56.45735379,10.01770257,2005-10-25 23:30:17,2005-10-25 23:43:23,16,1735985,14709.404108,0.008473,17145.65783,17145.657831
"501","2004_Gudena","A69-1008-224","RAN2","VR2-1909",56.45552792,10.03316608,2005-10-26 00:02:59,2005-10-26 00:25:38,26,1176,1021.252793,0.868412,18166.910623,18166.910624
"502","2004_Gudena","A69-1008-224","UGEL1","VR2-3080",56.48324094,10.2181103,2005-10-27 06:02:47,2005-10-27 06:49:38,36,106629,13826.881613,0.129673,31993.792236,31993.792236
"503","2004_Gudena","A69-1008-224","UDBY1","VR2-3530",56.60799107,10.29949461,2005-10-28 00:46:35,2005-10-28 02:30:17,48,64617,16536.561389,0.255917,48530.353625,48530.353625
"504","2004_Gudena","A69-1008-224","UDBY2","VR2-2567",56.60980547,10.30384199,2005-10-28 05:34:44,2005-10-28 06:16:03,14,11067,366.239022,0.033093,48896.592647,48896.592647
"505","2004_Gudena","A69-1008-224","UDBY2","VR2-2567",56.60980547,10.30384199,2005-10-28 18:57:04,2005-10-28 19:07:44,11,NA,NA,NA,48896.592647,48896.592647
"506","2004_Gudena","A69-1008-225","rel_gudena","none",56.364919,9.900337,2005-10-04 14:00:00,2005-10-04 14:00:00,1,NA,NA,NA,0,0
"507","2004_Gudena","A69-1008-225","GUD1","VR2-3536",56.38230254,9.897962798,2005-10-25 20:25:45,2005-10-25 20:38:41,11,1837545,2436.253722,0.001326,2436.253722,2436.253722
"508","2004_Gudena","A69-1008-225","RAN1","VR2-3538",56.45735379,10.01770257,2005-12-03 18:58:17,2005-12-03 20:15:19,49,3363576,14709.404108,0.004373,17145.65783,17145.657831
"509","2004_Gudena","A69-1008-225","RAN2","VR2-1909",56.45552792,10.03316608,2005-12-03 20:48:59,2005-12-03 22:45:28,98,2020,1021.252793,0.505571,18166.910623,18166.910624
"510","2004_Gudena","A69-1008-225","RAN2","VR2-1909",56.45552792,10.03316608,2006-04-25 00:02:47,2006-04-25 00:30:48,29,NA,NA,NA,18166.910623,18166.910624
"511","2004_Gudena","A69-1008-225","RAN1","VR2-3538",56.45735379,10.01770257,2006-04-25 01:35:57,2006-04-25 03:00:52,52,3909,1021.252793,0.261257,19188.163416,17145.657831
"512","2004_Gudena","A69-1008-225","RAN1","VR2-3538",56.45735379,10.01770257,2006-04-28 02:54:39,2006-04-28 03:16:49,19,NA,NA,NA,19188.163416,17145.657831
"513","2004_Gudena","A69-1008-225","RAN2","VR2-1909",56.45552792,10.03316608,2006-04-28 03:22:39,2006-04-28 03:46:30,23,350,1021.252793,2.917865,20209.416209,18166.910624
"514","2004_Gudena","A69-1008-226","rel_gudena","none",56.364919,9.900337,2005-10-04 14:00:00,2005-10-04 14:00:00,1,NA,NA,NA,0,0
"515","2004_Gudena","A69-1008-226","GUD1","VR2-3536",56.38230254,9.897962798,2005-10-06 03:15:26,2005-10-06 04:56:42,23,134126,2436.253722,0.018164,2436.253722,2436.253722
"516","2004_Gudena","A69-1008-226","GUD1","VR2-3536",56.38230254,9.897962798,2005-10-06 18:54:38,2005-10-06 18:54:38,1,NA,NA,NA,2436.253722,2436.253722
"517","2004_Gudena","A69-1008-226","GUD1","VR2-3536",56.38230254,9.897962798,2005-10-07 02:28:40,2005-10-07 02:29:08,2,NA,NA,NA,2436.253722,2436.253722
"518","2004_Gudena","A69-1008-226","RAN1","VR2-3538",56.45735379,10.01770257,2005-10-10 02:59:19,2005-10-10 04:12:09,27,261011,14709.404108,0.056355,17145.65783,17145.657831
"519","2004_Gudena","A69-1008-226","RAN2","VR2-1909",56.45552792,10.03316608,2005-10-10 04:50:47,2005-10-11 00:33:25,692,2318,1021.252793,0.440575,18166.910623,18166.910624
"520","2004_Gudena","A69-1008-226","RAN2","VR2-1909",56.45552792,10.03316608,2005-10-11 01:35:51,2005-10-11 07:21:28,170,NA,NA,NA,18166.910623,18166.910624
"521","2004_Gudena","A69-1008-226","RAN2","VR2-1909",56.45552792,10.03316608,2005-10-11 08:22:18,2005-10-11 09:03:38,3,NA,NA,NA,18166.910623,18166.910624
"522","2004_Gudena","A69-1008-226","RAN2","VR2-1909",56.45552792,10.03316608,2005-10-11 12:32:10,2005-10-11 14:09:18,28,NA,NA,NA,18166.910623,18166.910624
"523","2004_Gudena","A69-1008-226","RAN2","VR2-1909",56.45552792,10.03316608,2005-10-11 15:52:10,2005-10-11 22:12:00,175,NA,NA,NA,18166.910623,18166.910624
"524","2004_Gudena","A69-1008-227","rel_gudena","none",56.364919,9.900337,2005-10-04 14:00:00,2005-10-04 14:00:00,1,NA,NA,NA,0,0
"525","2004_Gudena","A69-1008-227","GUD1","VR2-3536",56.38230254,9.897962798,2005-11-03 18:42:48,2005-11-03 18:53:38,7,2608968,2436.253722,0.000934,2436.253722,2436.253722
"526","2004_Gudena","A69-1008-227","RAN1","VR2-3538",56.45735379,10.01770257,2005-11-05 20:02:14,2005-11-05 20:13:44,17,176916,14709.404108,0.083143,17145.65783,17145.657831
"527","2004_Gudena","A69-1008-227","RAN2","VR2-1909",56.45552792,10.03316608,2005-11-05 22:32:32,2005-11-05 23:23:05,24,8328,1021.252793,0.122629,18166.910623,18166.910624
"528","2004_Gudena","A69-1008-227","UGEL1","VR2-3080",56.48324094,10.2181103,2005-11-10 05:46:30,2005-11-10 06:20:12,34,368605,13826.881613,0.037511,31993.792236,31993.792236
"529","2004_Gudena","A69-1008-227","UDBY1","VR2-3530",56.60799107,10.29949461,2005-11-10 21:50:03,2005-11-10 21:56:31,8,55791,16536.561389,0.296402,48530.353625,48530.353625
"530","2004_Gudena","A69-1008-227","UDBY2","VR2-2567",56.60980547,10.30384199,2005-11-10 23:08:13,2005-11-10 23:25:34,20,4302,366.239022,0.085132,48896.592647,48896.592647
"531","2004_Gudena","A69-1008-227","UDBY1","VR2-3530",56.60799107,10.29949461,2005-11-11 02:03:32,2005-11-11 02:03:32,1,9478,366.239022,0.038641,49262.831669,48530.353625
"532","2004_Gudena","A69-1008-227","UDBY2","VR2-2567",56.60980547,10.30384199,2005-11-11 03:09:19,2005-11-11 03:12:54,8,3947,366.239022,0.092789,49629.070691,48896.592647
"533","2004_Gudena","A69-1008-227","UDBY1","VR2-3530",56.60799107,10.29949461,2005-11-22 02:09:24,2005-11-22 02:21:33,13,946590,366.239022,0.000387,49995.309713,48530.353625
"534","2004_Gudena","A69-1008-227","UDBY2","VR2-2567",56.60980547,10.30384199,2005-11-22 03:26:28,2005-11-22 03:35:36,7,3895,366.239022,0.094028,50361.548735,48896.592647
"535","2004_Gudena","A69-1008-227","UDBY2","VR2-2567",56.60980547,10.30384199,2005-11-22 23:18:09,2005-11-22 23:20:46,3,NA,NA,NA,50361.548735,48896.592647
"536","2004_Gudena","A69-1008-227","UDBY2","VR2-2567",56.60980547,10.30384199,2005-11-24 20:13:41,2005-11-24 20:13:41,1,NA,NA,NA,50361.548735,48896.592647
"537","2004_Gudena","A69-1008-228","rel_gudena","none",56.364919,9.900337,2005-10-04 14:00:00,2005-10-04 14:00:00,1,NA,NA,NA,0,0
"538","2004_Gudena","A69-1008-228","GUD1","VR2-3536",56.38230254,9.897962798,2005-10-06 02:55:40,2005-10-07 01:25:12,1425,132940,2436.253722,0.018326,2436.253722,2436.253722
"539","2004_Gudena","A69-1008-228","RAN1","VR2-3538",56.45735379,10.01770257,2005-10-10 21:20:50,2005-10-10 21:32:24,13,330938,14709.404108,0.044448,17145.65783,17145.657831
"540","2004_Gudena","A69-1008-228","RAN2","VR2-1909",56.45552792,10.03316608,2005-10-10 21:57:17,2005-10-10 22:41:10,49,1493,1021.252793,0.684027,18166.910623,18166.910624
"541","2004_Gudena","A69-1008-228","UGEL2","VR2-2718",56.47968471,10.21517113,2005-10-13 22:28:02,2005-10-13 23:08:11,43,258412,13370.274107,0.05174,31537.18473,31537.184731
"542","2004_Gudena","A69-1008-229","rel_gudena","none",56.364919,9.900337,2005-10-04 14:00:00,2005-10-04 14:00:00,1,NA,NA,NA,0,0
"543","2004_Gudena","A69-1008-230","rel_gudena","none",56.364919,9.900337,2005-10-04 14:00:00,2005-10-04 14:00:00,1,NA,NA,NA,0,0
"544","2004_Gudena","A69-1008-230","GUD1","VR2-3536",56.38230254,9.897962798,2005-11-03 18:53:38,2005-11-03 19:03:05,6,2609618,2436.253722,0.000934,2436.253722,2436.253722
"545","2004_Gudena","A69-1008-230","RAN1","VR2-3538",56.45735379,10.01770257,2005-11-04 00:08:34,2005-11-04 00:25:43,23,18329,14709.404108,0.802521,17145.65783,17145.657831
"546","2004_Gudena","A69-1008-230","RAN2","VR2-1909",56.45552792,10.03316608,2005-11-04 00:38:47,2005-11-04 00:44:55,11,784,1021.252793,1.302618,18166.910623,18166.910624
"547","2004_Gudena","A69-1008-230","UGEL2","VR2-2718",56.47968471,10.21517113,2005-11-04 23:49:28,2005-11-05 00:06:06,22,83073,13370.274107,0.160946,31537.18473,31537.184731
"548","2004_Gudena","A69-1008-74","rel_gudena","none",56.364919,9.900337,2004-05-10 12:00:00,2004-05-10 12:00:00,1,NA,NA,NA,0,0
"549","2004_Gudena","A69-1008-74","GUD1","VR20-2029",56.38230254,9.897962798,2004-05-10 19:48:00,2004-05-10 20:00:27,2,28080,2436.253722,0.086761,2436.253722,2436.253722
"550","2004_Gudena","A69-1008-74","RAN1","VR2-3538",56.45735379,10.01770257,2004-05-10 23:40:15,2004-05-10 23:41:16,2,13188,14709.404108,1.115363,17145.65783,17145.657831
"551","2004_Gudena","A69-1008-74","RAN1","VR2-3538",56.45735379,10.01770257,2004-05-11 01:07:07,2004-05-11 03:26:53,16,NA,NA,NA,17145.65783,17145.657831
"552","2004_Gudena","A69-1008-74","RAN1","VR2-3538",56.45735379,10.01770257,2004-05-11 09:08:41,2004-05-11 09:08:41,1,NA,NA,NA,17145.65783,17145.657831
"553","2004_Gudena","A69-1008-74","RAN1","VR2-3538",56.45735379,10.01770257,2004-05-11 11:19:57,2004-05-11 15:53:54,112,NA,NA,NA,17145.65783,17145.657831
"554","2004_Gudena","A69-1008-74","RAN1","VR2-3538",56.45735379,10.01770257,2004-05-11 20:40:14,2004-05-11 20:40:14,1,NA,NA,NA,17145.65783,17145.657831
"555","2004_Gudena","A69-1008-74","RAN1","VR2-3538",56.45735379,10.01770257,2004-05-12 02:28:48,2004-05-12 04:38:57,42,NA,NA,NA,17145.65783,17145.657831
"556","2004_Gudena","A69-1008-74","RAN1","VR2-3538",56.45735379,10.01770257,2004-05-12 05:44:43,2004-05-12 05:59:02,4,NA,NA,NA,17145.65783,17145.657831
"557","2004_Gudena","A69-1008-74","RAN1","VR2-3538",56.45735379,10.01770257,2004-05-12 08:15:32,2004-05-12 08:51:28,2,NA,NA,NA,17145.65783,17145.657831
"558","2004_Gudena","A69-1008-74","RAN1","VR2-3538",56.45735379,10.01770257,2004-05-12 09:51:50,2004-05-12 09:51:50,1,NA,NA,NA,17145.65783,17145.657831
"559","2004_Gudena","A69-1008-74","RAN1","VR2-3538",56.45735379,10.01770257,2004-05-12 14:48:29,2004-05-12 18:30:31,72,NA,NA,NA,17145.65783,17145.657831
"560","2004_Gudena","A69-1008-74","RAN1","VR2-3538",56.45735379,10.01770257,2004-05-12 20:52:33,2004-05-12 21:01:26,12,NA,NA,NA,17145.65783,17145.657831
"561","2004_Gudena","A69-1008-74","RAN2","VR2-1909",56.45552792,10.03316608,2004-05-12 21:20:30,2004-05-12 21:24:19,6,1144,1021.252793,0.892703,18166.910623,18166.910624
"562","2004_Gudena","A69-1008-74","RAN2","VR2-1909",56.45552792,10.03316608,2004-05-29 18:06:05,2004-05-29 18:06:05,1,NA,NA,NA,18166.910623,18166.910624
"563","2004_Gudena","A69-1008-74","RAN2","VR2-1909",56.45552792,10.03316608,2004-06-06 02:59:43,2004-06-06 03:04:20,8,NA,NA,NA,18166.910623,18166.910624
"564","2004_Gudena","A69-1008-74","RAN1","VR2-3538",56.45735379,10.01770257,2004-08-01 22:52:54,2004-08-01 22:55:26,3,4909714,1021.252793,0.000208,19188.163416,17145.657831
"565","2004_Gudena","A69-1008-74","RAN2","VR2-1909",56.45552792,10.03316608,2004-08-02 02:05:01,2004-08-02 02:05:01,1,11375,1021.252793,0.08978,20209.416209,18166.910624
"566","2004_Gudena","A69-1008-74","RAN2","VR2-1909",56.45552792,10.03316608,2004-08-02 03:10:42,2004-08-02 03:12:13,2,NA,NA,NA,20209.416209,18166.910624
"567","2004_Gudena","A69-1008-74","RAN1","VR2-3538",56.45735379,10.01770257,2004-08-02 03:45:19,2004-08-02 03:45:19,1,1986,1021.252793,0.514226,21230.669002,17145.657831
"568","2004_Gudena","A69-1008-75","rel_gudena","none",56.364919,9.900337,2004-05-10 12:00:00,2004-05-10 12:00:00,1,NA,NA,NA,0,0
"569","2004_Gudena","A69-1008-75","GUD1","VR20-2029",56.38230254,9.897962798,2004-05-10 15:35:43,2004-05-10 15:50:32,6,12943,2436.253722,0.188229,2436.253722,2436.253722
"570","2004_Gudena","A69-1008-75","RAN1","VR2-3538",56.45735379,10.01770257,2004-05-11 21:44:27,2004-05-11 21:51:29,9,107635,14709.404108,0.13666,17145.65783,17145.657831
"571","2004_Gudena","A69-1008-75","RAN2","VR2-1909",56.45552792,10.03316608,2004-05-11 22:05:46,2004-05-11 22:16:06,14,857,1021.252793,1.19166,18166.910623,18166.910624
"572","2004_Gudena","A69-1008-75","RAN2","VR2-1909",56.45552792,10.03316608,2004-05-16 00:32:27,2004-05-16 00:40:38,3,NA,NA,NA,18166.910623,18166.910624
"573","2004_Gudena","A69-1008-75","RAN2","VR2-1909",56.45552792,10.03316608,2004-06-17 22:36:27,2004-06-17 23:15:43,21,NA,NA,NA,18166.910623,18166.910624
"574","2004_Gudena","A69-1008-75","RAN2","VR2-1909",56.45552792,10.03316608,2004-06-18 00:17:11,2004-06-18 01:52:12,16,NA,NA,NA,18166.910623,18166.910624
"575","2004_Gudena","A69-1008-75","RAN2","VR2-1909",56.45552792,10.03316608,2004-07-11 00:30:59,2004-07-11 00:46:39,22,NA,NA,NA,18166.910623,18166.910624
"576","2004_Gudena","A69-1008-75","RAN1","VR2-3538",56.45735379,10.01770257,2004-07-12 02:23:13,2004-07-12 02:30:00,13,92194,1021.252793,0.011077,19188.163416,17145.657831
"577","2004_Gudena","A69-1008-75","RAN1","VR2-3538",56.45735379,10.01770257,2004-07-23 01:03:45,2004-07-23 01:12:12,14,NA,NA,NA,19188.163416,17145.657831
"578","2004_Gudena","A69-1008-75","RAN2","VR2-1909",56.45552792,10.03316608,2004-07-23 01:46:32,2004-07-23 01:53:50,8,2060,1021.252793,0.495754,20209.416209,18166.910624
"579","2004_Gudena","A69-1008-75","UGEL2","VR2-3539",56.47968471,10.21517113,2004-08-02 00:08:40,2004-08-02 03:16:09,136,857690,13370.274107,0.015589,33579.690316,31537.184731
"580","2004_Gudena","A69-1008-75","UGEL2","VR2-3539",56.47968471,10.21517113,2004-09-12 21:09:15,2004-09-12 21:39:50,47,NA,NA,NA,33579.690316,31537.184731
"581","2004_Gudena","A69-1008-75","UGEL2","VR2-3539",56.47968471,10.21517113,2004-09-15 11:06:37,2004-09-15 11:55:40,57,NA,NA,NA,33579.690316,31537.184731
"582","2004_Gudena","A69-1008-76","rel_gudena","none",56.364919,9.900337,2004-05-10 12:00:00,2004-05-10 12:00:00,1,NA,NA,NA,0,0
"583","2004_Gudena","A69-1008-76","GUD1","VR20-2029",56.38230254,9.897962798,2004-05-10 22:29:19,2004-05-10 22:48:57,4,37759,2436.253722,0.064521,2436.253722,2436.253722
"584","2004_Gudena","A69-1008-77","rel_gudena","none",56.364919,9.900337,2004-05-10 12:00:00,2004-05-10 12:00:00,1,NA,NA,NA,0,0
"585","2004_Gudena","A69-1008-77","GUD1","VR20-2029",56.38230254,9.897962798,2004-05-15 21:29:09,2004-05-15 21:40:01,7,466149,2436.253722,0.005226,2436.253722,2436.253722
"586","2004_Gudena","A69-1008-77","RAN1","VR2-3538",56.45735379,10.01770257,2004-05-16 02:33:44,2004-05-16 02:55:00,20,17623,14709.404108,0.834671,17145.65783,17145.657831
"587","2004_Gudena","A69-1008-77","RAN2","VR2-1909",56.45552792,10.03316608,2004-05-16 03:10:58,2004-05-16 03:18:06,11,958,1021.252793,1.066026,18166.910623,18166.910624
"588","2004_Gudena","A69-1008-78","rel_gudena","none",56.364919,9.900337,2004-05-10 12:00:00,2004-05-10 12:00:00,1,NA,NA,NA,0,0
"589","2004_Gudena","A69-1008-78","GUD1","VR20-2029",56.38230254,9.897962798,2004-05-11 21:08:46,2004-05-11 21:18:58,6,119326,2436.253722,0.020417,2436.253722,2436.253722
"590","2004_Gudena","A69-1008-78","RAN1","VR2-3538",56.45735379,10.01770257,2004-05-12 00:57:45,2004-05-12 01:07:49,13,13127,14709.404108,1.120546,17145.65783,17145.657831
"591","2004_Gudena","A69-1008-78","RAN2","VR2-1909",56.45552792,10.03316608,2004-05-12 22:09:51,2004-05-12 22:14:09,6,75722,1021.252793,0.013487,18166.910623,18166.910624
"592","2004_Gudena","A69-1008-78","UGEL2","VR2-3539",56.47968471,10.21517113,2004-07-28 05:03:23,2004-07-28 05:03:23,1,6590954,13370.274107,0.002029,31537.18473,31537.184731
"593","2004_Gudena","A69-1008-78","UGEL2","VR2-3539",56.47968471,10.21517113,2004-09-17 21:49:06,2004-09-19 09:54:41,2826,NA,NA,NA,31537.18473,31537.184731
"594","2004_Gudena","A69-1008-78","UGEL2","VR2-3539",56.47968471,10.21517113,2004-09-19 11:29:51,2004-09-19 12:09:17,37,NA,NA,NA,31537.18473,31537.184731
"595","2004_Gudena","A69-1008-79","rel_gudena","none",56.364919,9.900337,2004-05-10 12:00:00,2004-05-10 12:00:00,1,NA,NA,NA,0,0
"596","2004_Gudena","A69-1008-79","GUD1","VR20-2029",56.38230254,9.897962798,2004-05-13 19:43:48,2004-05-13 19:43:48,1,287028,2436.253722,0.008488,2436.253722,2436.253722
"597","2004_Gudena","A69-1008-79","GUD1","VR20-2029",56.38230254,9.897962798,2004-05-13 21:21:56,2004-05-13 23:00:10,8,NA,NA,NA,2436.253722,2436.253722
"598","2004_Gudena","A69-1008-79","GUD1","VR20-2029",56.38230254,9.897962798,2004-05-14 00:10:23,2004-05-14 00:20:27,5,NA,NA,NA,2436.253722,2436.253722
"599","2004_Gudena","A69-1008-79","RAN1","VR2-3538",56.45735379,10.01770257,2004-05-16 22:30:36,2004-05-16 22:33:23,6,252609,14709.404108,0.05823,17145.65783,17145.657831
"600","2004_Gudena","A69-1008-79","RAN2","VR2-1909",56.45552792,10.03316608,2004-05-20 10:04:26,2004-05-20 10:07:34,6,300663,1021.252793,0.003397,18166.910623,18166.910624
"601","2004_Gudena","A69-1008-79","RAN1","VR2-3538",56.45735379,10.01770257,2004-05-20 11:26:07,2004-05-20 11:37:13,18,4713,1021.252793,0.216688,19188.163416,17145.657831
"602","2004_Gudena","A69-1008-80","rel_gudena","none",56.364919,9.900337,2004-05-10 12:00:00,2004-05-10 12:00:00,1,NA,NA,NA,0,0
"603","2004_Gudena","A69-1008-80","GUD1","VR20-2029",56.38230254,9.897962798,2004-05-10 21:40:19,2004-05-10 21:51:22,5,34819,2436.253722,0.069969,2436.253722,2436.253722
"604","2004_Gudena","A69-1008-80","RAN1","VR2-3538",56.45735379,10.01770257,2004-05-11 01:46:57,2004-05-11 02:34:30,55,14135,14709.404108,1.040637,17145.65783,17145.657831
"605","2004_Gudena","A69-1008-80","RAN2","VR2-1909",56.45552792,10.03316608,2004-05-12 23:43:11,2004-05-12 23:56:40,12,162521,1021.252793,0.006284,18166.910623,18166.910624
"606","2004_Gudena","A69-1008-81","rel_gudena","none",56.364919,9.900337,2004-05-10 12:00:00,2004-05-10 12:00:00,1,NA,NA,NA,0,0
"607","2004_Gudena","A69-1008-81","GUD2","VR2-1908",56.38312088,9.901577397,2004-05-10 20:15:12,2004-05-10 20:15:12,1,29712,2697.647099,0.090793,2697.647099,2697.647099
"608","2004_Gudena","A69-1008-81","RAN1","VR2-3538",56.45735379,10.01770257,2004-05-12 21:25:50,2004-05-12 21:29:00,5,177038,14448.010732,0.08161,17145.657831,17145.657831
"609","2004_Gudena","A69-1008-81","RAN2","VR2-1909",56.45552792,10.03316608,2004-05-12 21:43:26,2004-05-12 21:46:25,5,866,1021.252793,1.179276,18166.910624,18166.910624
"610","2004_Gudena","A69-1008-81","RAN2","VR2-1909",56.45552792,10.03316608,2004-05-21 01:19:14,2004-05-21 01:24:48,8,NA,NA,NA,18166.910624,18166.910624
"611","2004_Gudena","A69-1008-81","RAN2","VR2-1909",56.45552792,10.03316608,2004-06-17 22:14:48,2004-06-17 22:17:08,3,NA,NA,NA,18166.910624,18166.910624
