"","acoustic_tag_id","row_id","animal_project_code","station_name","receiver_id","deploy_latitude","deploy_longitude","arrival","departure","detections","swimtime_s","swimdistance_m","speed_m_s","totaldistance_m","distance_to_source_m","downstream_migration","first_dist_to_use","first_dist_to_use_idx","time_first_dist_to_use","delta_totdist","delta_t","migration_speed","migration"
"1","A69-1601-19210",1,"PTN-Silver-eel-Mondego","rel_mondego","none",40.295,-8.257,2015-11-13 17:00:00,2015-11-13 17:00:00,1,NA,NA,NA,0,0,FALSE,26624.062332,4,2016-01-04 21:01:26,26624.062332,4507286,0.00590689437768094,FALSE
"2","A69-1601-19210",2,"PTN-Silver-eel-Mondego","R1","VR2W-125699",40.283,-8.266,2015-11-14 21:53:50,2015-11-15 02:17:41,163,104030,1671.881643,0.016071,1671.881643,1671.881643,FALSE,26624.062332,4,2016-01-04 21:01:26,24952.180689,4403256,0.00566675675659103,FALSE
"3","A69-1601-19210",3,"PTN-Silver-eel-Mondego","R1","VR2W-125699",40.283,-8.266,2015-11-15 03:52:08,2015-11-15 04:01:01,8,NA,NA,NA,1671.881643,1671.881643,FALSE,26624.062332,4,2016-01-04 21:01:26,24952.180689,4381758,0.00569455928168557,FALSE
"4","A69-1601-19210",4,"PTN-Silver-eel-Mondego","R2","VR2W-125700",40.208,-8.434,2016-01-04 21:01:26,2016-01-04 21:22:09,4,4381225,24952.180689,0.005695,26624.062332,26624.062332,TRUE,71985.394793,5,2016-01-09 10:26:33,45361.332461,393907,0.115157467272732,TRUE
"5","A69-1601-19210",5,"PTN-Silver-eel-Mondego","R7","VR2W-125708",40.145,-8.842,2016-01-09 10:26:33,2016-01-09 10:26:33,1,392664,45361.332462,0.115522,71985.394794,71985.394793,NA,NA,NA,NA,NA,NA,NA,TRUE
"6","A69-1601-19212",6,"PTN-Silver-eel-Mondego","rel_mondego","none",40.295,-8.257,2015-11-13 17:00:00,2015-11-13 17:00:00,1,NA,NA,NA,0,0,FALSE,26624.062332,15,2016-01-05 23:22:41,26624.062332,4602161,0.00578512188773926,FALSE
"7","A69-1601-19212",7,"PTN-Silver-eel-Mondego","R1","VR2W-125699",40.283,-8.266,2015-11-15 22:45:39,2015-11-15 22:45:39,1,193539,1671.881643,0.008638,1671.881643,1671.881643,FALSE,26624.062332,15,2016-01-05 23:22:41,24952.180689,4408622,0.00565985940482083,FALSE
"8","A69-1601-19212",8,"PTN-Silver-eel-Mondego","R1","VR2W-125699",40.283,-8.266,2015-11-16 01:26:15,2015-11-16 04:17:59,59,NA,NA,NA,1671.881643,1671.881643,FALSE,26624.062332,15,2016-01-05 23:22:41,24952.180689,4398986,0.00567225735408115,FALSE
"9","A69-1601-19212",9,"PTN-Silver-eel-Mondego","R1","VR2W-125699",40.283,-8.266,2015-11-16 05:22:23,2015-11-16 06:24:36,20,NA,NA,NA,1671.881643,1671.881643,FALSE,26624.062332,15,2016-01-05 23:22:41,24952.180689,4384818,0.00569058526237577,FALSE
"10","A69-1601-19212",10,"PTN-Silver-eel-Mondego","R1","VR2W-125699",40.283,-8.266,2015-11-16 18:32:54,2015-11-17 06:32:03,629,NA,NA,NA,1671.881643,1671.881643,FALSE,26624.062332,15,2016-01-05 23:22:41,24952.180689,4337387,0.00575281400737356,FALSE
"11","A69-1601-19212",11,"PTN-Silver-eel-Mondego","R1","VR2W-125699",40.283,-8.266,2015-11-17 19:14:50,2015-11-17 19:14:50,1,NA,NA,NA,1671.881643,1671.881643,FALSE,26624.062332,15,2016-01-05 23:22:41,24952.180689,4248471,0.00587321431380843,FALSE
"12","A69-1601-19212",12,"PTN-Silver-eel-Mondego","R1","VR2W-125699",40.283,-8.266,2015-11-17 20:35:22,2015-11-17 21:33:19,2,NA,NA,NA,1671.881643,1671.881643,FALSE,26624.062332,15,2016-01-05 23:22:41,24952.180689,4243639,0.00587990182223323,FALSE
"13","A69-1601-19212",13,"PTN-Silver-eel-Mondego","R1","VR2W-125699",40.283,-8.266,2015-11-17 23:28:53,2015-11-17 23:28:53,1,NA,NA,NA,1671.881643,1671.881643,FALSE,26624.062332,15,2016-01-05 23:22:41,24952.180689,4233228,0.00589436257366719,FALSE
"14","A69-1601-19212",14,"PTN-Silver-eel-Mondego","R1","VR2W-125699",40.283,-8.266,2015-11-18 03:19:10,2015-11-18 04:51:21,60,NA,NA,NA,1671.881643,1671.881643,FALSE,26624.062332,15,2016-01-05 23:22:41,24952.180689,4219411,0.00591366441643158,FALSE
"15","A69-1601-19212",15,"PTN-Silver-eel-Mondego","R1","VR2W-125699",40.283,-8.266,2015-11-18 22:28:27,2015-11-18 23:13:07,22,NA,NA,NA,1671.881643,1671.881643,FALSE,26624.062332,15,2016-01-05 23:22:41,24952.180689,4150454,0.00601191597087933,FALSE
"16","A69-1601-19212",16,"PTN-Silver-eel-Mondego","R1","VR2W-125699",40.283,-8.266,2015-11-19 00:15:48,2015-11-19 01:04:05,16,NA,NA,NA,1671.881643,1671.881643,FALSE,26624.062332,15,2016-01-05 23:22:41,24952.180689,4144013,0.00602126023470486,FALSE
"17","A69-1601-19212",17,"PTN-Silver-eel-Mondego","R1","VR2W-125699",40.283,-8.266,2015-11-19 12:47:20,2015-11-19 12:47:20,1,NA,NA,NA,1671.881643,1671.881643,FALSE,26624.062332,15,2016-01-05 23:22:41,24952.180689,4098921,0.00608749978079597,FALSE
"18","A69-1601-19212",18,"PTN-Silver-eel-Mondego","R1","VR2W-125699",40.283,-8.266,2015-11-19 20:54:56,2015-11-19 22:08:58,4,NA,NA,NA,1671.881643,1671.881643,FALSE,26624.062332,15,2016-01-05 23:22:41,24952.180689,4069665,0.00613126158762453,FALSE
"19","A69-1601-19212",19,"PTN-Silver-eel-Mondego","R1","VR2W-125699",40.283,-8.266,2015-11-19 23:18:48,2015-11-19 23:18:48,1,NA,NA,NA,1671.881643,1671.881643,FALSE,26624.062332,15,2016-01-05 23:22:41,24952.180689,4061033,0.00614429399834968,FALSE
"20","A69-1601-19212",20,"PTN-Silver-eel-Mondego","R2","VR2W-125700",40.208,-8.434,2016-01-05 23:22:41,2016-01-05 23:40:01,5,4061033,24952.180689,0.006144,26624.062332,26624.062332,NA,NA,NA,NA,NA,NA,NA,FALSE
"21","A69-1601-19213",21,"PTN-Silver-eel-Mondego","rel_mondego","none",40.295,-8.257,2015-11-13 17:00:00,2015-11-13 17:00:00,1,NA,NA,NA,0,0,NA,NA,NA,NA,NA,NA,NA,FALSE
"22","A69-1601-19213",22,"PTN-Silver-eel-Mondego","R1","VR2W-125699",40.283,-8.266,2015-11-17 01:32:52,2015-11-17 01:58:35,19,289972,1671.881643,0.005766,1671.881643,1671.881643,FALSE,NA,NA,NA,NA,NA,NA,FALSE
"23","A69-1601-19213",23,"PTN-Silver-eel-Mondego","R1","VR2W-125699",40.283,-8.266,2015-11-17 04:56:18,2015-11-17 05:32:01,26,NA,NA,NA,1671.881643,1671.881643,NA,NA,NA,NA,NA,NA,NA,FALSE
"24","A69-1601-19214",24,"PTN-Silver-eel-Mondego","rel_mondego","none",40.295,-8.257,2015-11-13 17:00:00,2015-11-13 17:00:00,1,NA,NA,NA,0,0,FALSE,26624.062332,12,2016-01-05 00:52:06,26624.062332,4521126,0.00588881228525814,FALSE
"25","A69-1601-19214",25,"PTN-Silver-eel-Mondego","R1","VR2W-125699",40.283,-8.266,2015-11-13 22:00:09,2015-11-14 18:32:19,914,18009,1671.881643,0.092836,1671.881643,1671.881643,FALSE,26624.062332,12,2016-01-05 00:52:06,24952.180689,4503117,0.00554109091302758,FALSE
"26","A69-1601-19214",26,"PTN-Silver-eel-Mondego","R1","VR2W-125699",40.283,-8.266,2015-11-14 21:15:27,2015-11-14 22:05:17,2,NA,NA,NA,1671.881643,1671.881643,FALSE,26624.062332,12,2016-01-05 00:52:06,24952.180689,4419399,0.00564605745917035,FALSE
"27","A69-1601-19214",27,"PTN-Silver-eel-Mondego","R1","VR2W-125699",40.283,-8.266,2015-11-14 23:21:21,2015-11-15 01:18:09,12,NA,NA,NA,1671.881643,1671.881643,FALSE,26624.062332,12,2016-01-05 00:52:06,24952.180689,4411845,0.00565572468865067,FALSE
"28","A69-1601-19214",28,"PTN-Silver-eel-Mondego","R1","VR2W-125699",40.283,-8.266,2015-11-18 22:06:55,2015-11-18 22:06:55,1,NA,NA,NA,1671.881643,1671.881643,FALSE,26624.062332,12,2016-01-05 00:52:06,24952.180689,4070711,0.00612968611355608,FALSE
"29","A69-1601-19214",29,"PTN-Silver-eel-Mondego","R1","VR2W-125699",40.283,-8.266,2015-11-19 19:20:52,2015-11-19 20:36:26,36,NA,NA,NA,1671.881643,1671.881643,FALSE,26624.062332,12,2016-01-05 00:52:06,24952.180689,3994274,0.00624698773519293,FALSE
"30","A69-1601-19214",30,"PTN-Silver-eel-Mondego","R1","VR2W-125699",40.283,-8.266,2015-11-29 23:57:32,2015-11-30 05:07:49,269,NA,NA,NA,1671.881643,1671.881643,FALSE,26624.062332,12,2016-01-05 00:52:06,24952.180689,3113674,0.0080137421865616,FALSE
"31","A69-1601-19214",31,"PTN-Silver-eel-Mondego","R1","VR2W-125699",40.283,-8.266,2015-12-01 20:26:02,2015-12-01 20:27:24,2,NA,NA,NA,1671.881643,1671.881643,FALSE,26624.062332,12,2016-01-05 00:52:06,24952.180689,2953564,0.00844815981268732,FALSE
"32","A69-1601-19214",32,"PTN-Silver-eel-Mondego","R1","VR2W-125699",40.283,-8.266,2015-12-01 23:24:17,2015-12-02 00:03:13,9,NA,NA,NA,1671.881643,1671.881643,FALSE,26624.062332,12,2016-01-05 00:52:06,24952.180689,2942869,0.00847886218822516,FALSE
"33","A69-1601-19214",33,"PTN-Silver-eel-Mondego","R1","VR2W-125699",40.283,-8.266,2015-12-05 18:48:02,2015-12-05 19:09:02,18,NA,NA,NA,1671.881643,1671.881643,FALSE,26624.062332,12,2016-01-05 00:52:06,24952.180689,2613844,0.00954616292670871,FALSE
"34","A69-1601-19214",34,"PTN-Silver-eel-Mondego","R1","VR2W-125699",40.283,-8.266,2015-12-05 21:38:36,2015-12-05 21:38:36,1,NA,NA,NA,1671.881643,1671.881643,FALSE,26624.062332,12,2016-01-05 00:52:06,24952.180689,2603610,0.00958368599329393,FALSE
"35","A69-1601-19214",35,"PTN-Silver-eel-Mondego","R2","VR2W-125700",40.208,-8.434,2016-01-05 00:52:06,2016-01-05 01:11:10,7,2603610,24952.180689,0.009584,26624.062332,26624.062332,TRUE,71985.394793,13,2016-01-06 15:30:07,45361.332461,139081,0.326150462399609,TRUE
"36","A69-1601-19214",36,"PTN-Silver-eel-Mondego","R7","VR2W-125708",40.145,-8.842,2016-01-06 15:30:07,2016-01-06 15:30:07,1,137937,45361.332462,0.328855,71985.394794,71985.394793,NA,NA,NA,NA,NA,NA,NA,TRUE
"37","A69-1601-19215",37,"PTN-Silver-eel-Mondego","rel_mondego","none",40.295,-8.257,2015-12-02 17:00:00,2015-12-02 17:00:00,1,NA,NA,NA,0,0,FALSE,26624.062332,3,2016-01-05 03:32:45,26624.062332,2889165,0.00921514082165609,FALSE
"38","A69-1601-19215",38,"PTN-Silver-eel-Mondego","R1","VR2W-125699",40.283,-8.266,2015-12-07 21:28:54,2015-12-07 22:04:47,21,448134,1671.881643,0.003731,1671.881643,1671.881643,TRUE,26624.062332,3,2016-01-05 03:32:45,24952.180689,2441031,0.0102219843537423,TRUE
"39","A69-1601-19215",39,"PTN-Silver-eel-Mondego","R2","VR2W-125700",40.208,-8.434,2016-01-05 03:32:45,2016-01-05 03:45:18,4,2438878,24952.180689,0.010231,26624.062332,26624.062332,TRUE,71985.394793,4,2016-01-06 18:24:29,45361.332461,139904,0.324231847988621,TRUE
"40","A69-1601-19215",40,"PTN-Silver-eel-Mondego","R7","VR2W-125708",40.145,-8.842,2016-01-06 18:24:29,2016-01-06 18:26:02,2,139151,45361.332462,0.325986,71985.394794,71985.394793,NA,NA,NA,NA,NA,NA,NA,TRUE
"41","A69-1601-19216",41,"PTN-Silver-eel-Mondego","rel_mondego","none",40.295,-8.257,2015-12-02 17:00:00,2015-12-02 17:00:00,1,NA,NA,NA,0,0,FALSE,26624.062332,3,2016-01-04 23:51:08,26624.062332,2875868,0.00925774838483547,FALSE
"42","A69-1601-19216",42,"PTN-Silver-eel-Mondego","R1","VR2W-125699",40.283,-8.266,2016-01-03 18:35:13,2016-01-03 19:07:56,19,2770513,1671.881643,0.000603,1671.881643,1671.881643,TRUE,26624.062332,3,2016-01-04 23:51:08,24952.180689,105355,0.23683907445304,TRUE
"43","A69-1601-19216",43,"PTN-Silver-eel-Mondego","R2","VR2W-125700",40.208,-8.434,2016-01-04 23:51:08,2016-01-05 00:08:34,6,103392,24952.180689,0.241336,26624.062332,26624.062332,TRUE,71985.394793,4,2016-01-05 19:53:20,45361.332461,72132,0.628865586161482,TRUE
"44","A69-1601-19216",44,"PTN-Silver-eel-Mondego","R7","VR2W-125708",40.145,-8.842,2016-01-05 19:53:20,2016-01-05 19:58:10,4,71086,45361.332462,0.638119,71985.394794,71985.394793,NA,NA,NA,NA,NA,NA,NA,TRUE
"45","A69-1601-19217",45,"PTN-Silver-eel-Mondego","rel_mondego","none",40.295,-8.257,2015-12-02 17:00:00,2015-12-02 17:00:00,1,NA,NA,NA,0,0,FALSE,26624.062332,4,2016-01-02 18:42:17,26624.062332,2684537,0.00991756207196995,FALSE
"46","A69-1601-19217",46,"PTN-Silver-eel-Mondego","R1","VR2W-125699",40.283,-8.266,2015-12-14 01:14:46,2015-12-14 01:36:40,9,980086,1671.881643,0.001706,1671.881643,1671.881643,FALSE,26624.062332,4,2016-01-02 18:42:17,24952.180689,1704451,0.0146394238901558,FALSE
"47","A69-1601-19217",47,"PTN-Silver-eel-Mondego","R1","VR2W-125699",40.283,-8.266,2015-12-15 22:40:27,2015-12-15 22:40:27,1,NA,NA,NA,1671.881643,1671.881643,TRUE,26624.062332,4,2016-01-02 18:42:17,24952.180689,1540910,0.016193146055902,TRUE
"48","A69-1601-19217",48,"PTN-Silver-eel-Mondego","R2","VR2W-125700",40.208,-8.434,2016-01-02 18:42:17,2016-01-02 19:57:06,62,1540910,24952.180689,0.016193,26624.062332,26624.062332,TRUE,71985.394793,5,2016-01-05 14:35:47,45361.332461,244410,0.185595239396915,TRUE
"49","A69-1601-19217",49,"PTN-Silver-eel-Mondego","R7","VR2W-125708",40.145,-8.842,2016-01-05 14:35:47,2016-01-05 14:55:00,18,239921,45361.332462,0.189068,71985.394794,71985.394793,FALSE,NA,NA,NA,NA,NA,NA,TRUE
"50","A69-1601-19217",50,"PTN-Silver-eel-Mondego","R7","VR2W-125708",40.145,-8.842,2016-01-05 18:24:17,2016-01-05 18:35:19,3,NA,NA,NA,71985.394794,71985.394793,NA,NA,NA,NA,NA,NA,NA,TRUE
"51","A69-1601-19217",51,"PTN-Silver-eel-Mondego","R8","VR2W-125704",40.145372,-8.873039,2016-01-05 19:47:56,2016-01-05 19:47:56,1,4357,2822.413272,0.647788,74807.808066,74807.808066,NA,NA,NA,NA,NA,NA,NA,TRUE
"52","A69-1601-19218",52,"PTN-Silver-eel-Mondego","rel_mondego","none",40.295,-8.257,2015-12-02 17:00:00,2015-12-02 17:00:00,1,NA,NA,NA,0,0,FALSE,26624.062332,3,2016-01-04 19:26:05,26624.062332,2859965,0.00930922662759859,FALSE
"53","A69-1601-19218",53,"PTN-Silver-eel-Mondego","R1","VR2W-125699",40.283,-8.266,2015-12-28 22:43:47,2015-12-28 23:39:41,19,2267027,1671.881643,0.000737,1671.881643,1671.881643,TRUE,26624.062332,3,2016-01-04 19:26:05,24952.180689,592938,0.042082276205944,TRUE
"54","A69-1601-19218",54,"PTN-Silver-eel-Mondego","R2","VR2W-125700",40.208,-8.434,2016-01-04 19:26:05,2016-01-04 19:33:58,7,589584,24952.180689,0.042322,26624.062332,26624.062332,TRUE,71985.394793,4,2016-01-05 18:35:46,45361.332461,83381,0.5440248073422,TRUE
"55","A69-1601-19218",55,"PTN-Silver-eel-Mondego","R7","VR2W-125708",40.145,-8.842,2016-01-05 18:35:46,2016-01-05 19:38:04,33,82908,45361.332462,0.547129,71985.394794,71985.394793,NA,NA,NA,NA,NA,NA,NA,TRUE
"56","A69-1601-19219",56,"PTN-Silver-eel-Mondego","rel_mondego","none",40.295,-8.257,2015-12-02 17:00:00,2015-12-02 17:00:00,1,NA,NA,NA,0,0,FALSE,26624.062332,17,2016-01-04 23:01:59,26624.062332,2872919,0.00926725129807001,FALSE
"57","A69-1601-19219",57,"PTN-Silver-eel-Mondego","R1","VR2W-125699",40.283,-8.266,2015-12-04 22:47:07,2015-12-04 22:56:35,5,193627,1671.881643,0.008635,1671.881643,1671.881643,FALSE,26624.062332,17,2016-01-04 23:01:59,24952.180689,2679292,0.00931297547598395,FALSE
"58","A69-1601-19219",58,"PTN-Silver-eel-Mondego","R1","VR2W-125699",40.283,-8.266,2015-12-06 18:34:46,2015-12-06 19:27:32,32,NA,NA,NA,1671.881643,1671.881643,FALSE,26624.062332,17,2016-01-04 23:01:59,24952.180689,2521633,0.00989524672662517,FALSE
"59","A69-1601-19219",59,"PTN-Silver-eel-Mondego","R1","VR2W-125699",40.283,-8.266,2015-12-07 04:11:35,2015-12-07 05:58:29,30,NA,NA,NA,1671.881643,1671.881643,FALSE,26624.062332,17,2016-01-04 23:01:59,24952.180689,2487024,0.010032947285189,FALSE
"60","A69-1601-19219",60,"PTN-Silver-eel-Mondego","R1","VR2W-125699",40.283,-8.266,2015-12-08 21:10:36,2015-12-08 23:33:51,112,NA,NA,NA,1671.881643,1671.881643,FALSE,26624.062332,17,2016-01-04 23:01:59,24952.180689,2339483,0.0106656815582759,FALSE
"61","A69-1601-19219",61,"PTN-Silver-eel-Mondego","R1","VR2W-125699",40.283,-8.266,2015-12-11 00:18:29,2015-12-11 00:47:56,3,NA,NA,NA,1671.881643,1671.881643,FALSE,26624.062332,17,2016-01-04 23:01:59,24952.180689,2155410,0.0115765356424068,FALSE
"62","A69-1601-19219",62,"PTN-Silver-eel-Mondego","R1","VR2W-125699",40.283,-8.266,2015-12-14 02:37:24,2015-12-14 02:37:24,1,NA,NA,NA,1671.881643,1671.881643,FALSE,26624.062332,17,2016-01-04 23:01:59,24952.180689,1887875,0.0132170724698404,FALSE
"63","A69-1601-19219",63,"PTN-Silver-eel-Mondego","R1","VR2W-125699",40.283,-8.266,2015-12-19 02:35:03,2015-12-19 04:27:15,24,NA,NA,NA,1671.881643,1671.881643,FALSE,26624.062332,17,2016-01-04 23:01:59,24952.180689,1456016,0.0171372984149899,FALSE
"64","A69-1601-19219",64,"PTN-Silver-eel-Mondego","R1","VR2W-125699",40.283,-8.266,2015-12-26 10:50:38,2015-12-26 10:50:38,1,NA,NA,NA,1671.881643,1671.881643,FALSE,26624.062332,17,2016-01-04 23:01:59,24952.180689,821481,0.030374629101586,FALSE
"65","A69-1601-19219",65,"PTN-Silver-eel-Mondego","R1","VR2W-125699",40.283,-8.266,2015-12-26 12:05:31,2015-12-26 21:01:32,102,NA,NA,NA,1671.881643,1671.881643,FALSE,26624.062332,17,2016-01-04 23:01:59,24952.180689,816988,0.0305416734260479,FALSE
"66","A69-1601-19219",66,"PTN-Silver-eel-Mondego","R1","VR2W-125699",40.283,-8.266,2015-12-27 01:16:03,2015-12-27 02:17:06,8,NA,NA,NA,1671.881643,1671.881643,FALSE,26624.062332,17,2016-01-04 23:01:59,24952.180689,769556,0.0324241259752377,FALSE
"67","A69-1601-19219",67,"PTN-Silver-eel-Mondego","R1","VR2W-125699",40.283,-8.266,2015-12-27 03:27:40,2015-12-27 03:27:40,1,NA,NA,NA,1671.881643,1671.881643,FALSE,26624.062332,17,2016-01-04 23:01:59,24952.180689,761659,0.0327603044000005,FALSE
"68","A69-1601-19219",68,"PTN-Silver-eel-Mondego","R1","VR2W-125699",40.283,-8.266,2015-12-27 04:34:50,2015-12-27 06:27:44,12,NA,NA,NA,1671.881643,1671.881643,FALSE,26624.062332,17,2016-01-04 23:01:59,24952.180689,757629,0.0329345638683313,FALSE
"69","A69-1601-19219",69,"PTN-Silver-eel-Mondego","R1","VR2W-125699",40.283,-8.266,2015-12-27 10:02:39,2015-12-27 11:25:20,4,NA,NA,NA,1671.881643,1671.881643,FALSE,26624.062332,17,2016-01-04 23:01:59,24952.180689,737960,0.0338123755881078,FALSE
"70","A69-1601-19219",70,"PTN-Silver-eel-Mondego","R1","VR2W-125699",40.283,-8.266,2015-12-27 13:34:47,2015-12-28 06:59:43,221,NA,NA,NA,1671.881643,1671.881643,FALSE,26624.062332,17,2016-01-04 23:01:59,24952.180689,725232,0.0344057910971937,FALSE
"71","A69-1601-19219",71,"PTN-Silver-eel-Mondego","R1","VR2W-125699",40.283,-8.266,2015-12-28 18:29:07,2015-12-28 18:46:24,13,NA,NA,NA,1671.881643,1671.881643,TRUE,26624.062332,17,2016-01-04 23:01:59,24952.180689,621172,0.040169519374666,TRUE
"72","A69-1601-19219",72,"PTN-Silver-eel-Mondego","R2","VR2W-125700",40.208,-8.434,2016-01-04 23:01:59,2016-01-04 23:03:43,3,620135,24952.180689,0.040237,26624.062332,26624.062332,TRUE,71985.394793,18,2016-01-05 14:35:51,45361.332461,56032,0.809561187553541,TRUE
"73","A69-1601-19219",73,"PTN-Silver-eel-Mondego","R7","VR2W-125708",40.145,-8.842,2016-01-05 14:35:51,2016-01-05 14:38:18,3,55928,45361.332462,0.811067,71985.394794,71985.394793,NA,NA,NA,NA,NA,NA,NA,TRUE
"74","A69-1601-19219",74,"PTN-Silver-eel-Mondego","R8","VR2W-125704",40.145372,-8.873039,2016-01-05 16:16:21,2016-01-05 16:16:21,1,5883,2822.413272,0.479757,74807.808066,74807.808066,NA,NA,NA,NA,NA,NA,NA,TRUE
"75","A69-1601-19220",75,"PTN-Silver-eel-Mondego","rel_mondego","none",40.295,-8.257,2015-11-13 17:00:00,2015-11-13 17:00:00,1,NA,NA,NA,0,0,NA,NA,NA,NA,NA,NA,NA,FALSE
"76","A69-1601-19220",76,"PTN-Silver-eel-Mondego","R1","VR2W-125699",40.283,-8.266,2015-11-14 11:22:28,2015-11-14 12:03:18,19,66148,1671.881643,0.025275,1671.881643,1671.881643,FALSE,NA,NA,NA,NA,NA,NA,FALSE
"77","A69-1601-19220",77,"PTN-Silver-eel-Mondego","R1","VR2W-125699",40.283,-8.266,2015-11-14 17:41:04,2015-11-14 18:11:36,29,NA,NA,NA,1671.881643,1671.881643,NA,NA,NA,NA,NA,NA,NA,FALSE
"78","A69-1601-19221",78,"PTN-Silver-eel-Mondego","rel_mondego","none",40.295,-8.257,2015-11-13 17:00:00,2015-11-13 17:00:00,1,NA,NA,NA,0,0,NA,NA,NA,NA,NA,NA,NA,FALSE
"79","A69-1601-19221",79,"PTN-Silver-eel-Mondego","R1","VR2W-125699",40.283,-8.266,2015-11-22 23:10:54,2015-11-23 10:34:01,589,799854,1671.881643,0.00209,1671.881643,1671.881643,FALSE,NA,NA,NA,NA,NA,NA,FALSE
"80","A69-1601-19221",80,"PTN-Silver-eel-Mondego","R1","VR2W-125699",40.283,-8.266,2015-11-23 15:13:22,2015-11-23 15:13:22,1,NA,NA,NA,1671.881643,1671.881643,FALSE,NA,NA,NA,NA,NA,NA,FALSE
"81","A69-1601-19221",81,"PTN-Silver-eel-Mondego","R1","VR2W-125699",40.283,-8.266,2015-11-23 20:22:50,2015-11-23 20:22:50,1,NA,NA,NA,1671.881643,1671.881643,FALSE,NA,NA,NA,NA,NA,NA,FALSE
"82","A69-1601-19221",82,"PTN-Silver-eel-Mondego","R1","VR2W-125699",40.283,-8.266,2015-11-23 23:58:29,2015-11-24 02:32:39,130,NA,NA,NA,1671.881643,1671.881643,FALSE,NA,NA,NA,NA,NA,NA,FALSE
"83","A69-1601-19221",83,"PTN-Silver-eel-Mondego","R1","VR2W-125699",40.283,-8.266,2015-11-24 06:05:41,2015-11-24 06:52:45,33,NA,NA,NA,1671.881643,1671.881643,FALSE,NA,NA,NA,NA,NA,NA,FALSE
"84","A69-1601-19221",84,"PTN-Silver-eel-Mondego","R1","VR2W-125699",40.283,-8.266,2015-11-24 18:44:03,2015-11-24 19:36:31,33,NA,NA,NA,1671.881643,1671.881643,FALSE,NA,NA,NA,NA,NA,NA,FALSE
"85","A69-1601-19221",85,"PTN-Silver-eel-Mondego","R1","VR2W-125699",40.283,-8.266,2015-11-24 22:16:15,2015-11-24 23:11:26,15,NA,NA,NA,1671.881643,1671.881643,FALSE,NA,NA,NA,NA,NA,NA,FALSE
"86","A69-1601-19221",86,"PTN-Silver-eel-Mondego","R1","VR2W-125699",40.283,-8.266,2015-11-27 03:30:22,2015-11-27 04:21:44,18,NA,NA,NA,1671.881643,1671.881643,FALSE,NA,NA,NA,NA,NA,NA,FALSE
"87","A69-1601-19221",87,"PTN-Silver-eel-Mondego","R1","VR2W-125699",40.283,-8.266,2015-11-28 00:03:09,2015-11-28 05:32:21,310,NA,NA,NA,1671.881643,1671.881643,FALSE,NA,NA,NA,NA,NA,NA,FALSE
"88","A69-1601-19221",88,"PTN-Silver-eel-Mondego","R1","VR2W-125699",40.283,-8.266,2015-11-28 17:54:59,2015-11-28 21:05:18,128,NA,NA,NA,1671.881643,1671.881643,FALSE,NA,NA,NA,NA,NA,NA,FALSE
"89","A69-1601-19221",89,"PTN-Silver-eel-Mondego","R1","VR2W-125699",40.283,-8.266,2015-12-02 18:33:06,2015-12-02 18:38:20,7,NA,NA,NA,1671.881643,1671.881643,FALSE,NA,NA,NA,NA,NA,NA,FALSE
"90","A69-1601-19221",90,"PTN-Silver-eel-Mondego","R1","VR2W-125699",40.283,-8.266,2015-12-03 00:19:28,2015-12-03 00:26:16,2,NA,NA,NA,1671.881643,1671.881643,FALSE,NA,NA,NA,NA,NA,NA,FALSE
"91","A69-1601-19221",91,"PTN-Silver-eel-Mondego","R1","VR2W-125699",40.283,-8.266,2015-12-03 01:36:47,2015-12-03 01:36:47,1,NA,NA,NA,1671.881643,1671.881643,FALSE,NA,NA,NA,NA,NA,NA,FALSE
"92","A69-1601-19221",92,"PTN-Silver-eel-Mondego","R1","VR2W-125699",40.283,-8.266,2015-12-03 18:34:17,2015-12-03 18:39:32,2,NA,NA,NA,1671.881643,1671.881643,FALSE,NA,NA,NA,NA,NA,NA,FALSE
"93","A69-1601-19221",93,"PTN-Silver-eel-Mondego","R1","VR2W-125699",40.283,-8.266,2015-12-03 19:43:59,2015-12-03 20:33:57,4,NA,NA,NA,1671.881643,1671.881643,FALSE,NA,NA,NA,NA,NA,NA,FALSE
"94","A69-1601-19221",94,"PTN-Silver-eel-Mondego","R1","VR2W-125699",40.283,-8.266,2015-12-05 04:28:21,2015-12-05 06:34:02,96,NA,NA,NA,1671.881643,1671.881643,FALSE,NA,NA,NA,NA,NA,NA,FALSE
"95","A69-1601-19221",95,"PTN-Silver-eel-Mondego","R1","VR2W-125699",40.283,-8.266,2015-12-09 01:30:25,2015-12-09 05:04:40,180,NA,NA,NA,1671.881643,1671.881643,FALSE,NA,NA,NA,NA,NA,NA,FALSE
"96","A69-1601-19221",96,"PTN-Silver-eel-Mondego","R1","VR2W-125699",40.283,-8.266,2015-12-09 06:22:17,2015-12-09 07:21:52,10,NA,NA,NA,1671.881643,1671.881643,FALSE,NA,NA,NA,NA,NA,NA,FALSE
"97","A69-1601-19221",97,"PTN-Silver-eel-Mondego","R1","VR2W-125699",40.283,-8.266,2015-12-11 02:14:25,2015-12-11 03:28:01,27,NA,NA,NA,1671.881643,1671.881643,FALSE,NA,NA,NA,NA,NA,NA,FALSE
"98","A69-1601-19221",98,"PTN-Silver-eel-Mondego","R1","VR2W-125699",40.283,-8.266,2015-12-11 06:53:43,2015-12-11 06:53:43,1,NA,NA,NA,1671.881643,1671.881643,FALSE,NA,NA,NA,NA,NA,NA,FALSE
"99","A69-1601-19221",99,"PTN-Silver-eel-Mondego","R1","VR2W-125699",40.283,-8.266,2015-12-12 04:50:16,2015-12-12 06:25:11,32,NA,NA,NA,1671.881643,1671.881643,FALSE,NA,NA,NA,NA,NA,NA,FALSE
"100","A69-1601-19221",100,"PTN-Silver-eel-Mondego","R1","VR2W-125699",40.283,-8.266,2015-12-12 18:51:11,2015-12-12 20:47:15,48,NA,NA,NA,1671.881643,1671.881643,FALSE,NA,NA,NA,NA,NA,NA,FALSE
"101","A69-1601-19221",101,"PTN-Silver-eel-Mondego","R1","VR2W-125699",40.283,-8.266,2015-12-14 02:43:26,2015-12-14 06:15:50,98,NA,NA,NA,1671.881643,1671.881643,FALSE,NA,NA,NA,NA,NA,NA,FALSE
"102","A69-1601-19221",102,"PTN-Silver-eel-Mondego","R1","VR2W-125699",40.283,-8.266,2015-12-15 17:44:00,2015-12-16 04:43:46,468,NA,NA,NA,1671.881643,1671.881643,FALSE,NA,NA,NA,NA,NA,NA,FALSE
"103","A69-1601-19221",103,"PTN-Silver-eel-Mondego","R1","VR2W-125699",40.283,-8.266,2015-12-18 19:23:16,2015-12-19 06:23:55,460,NA,NA,NA,1671.881643,1671.881643,FALSE,NA,NA,NA,NA,NA,NA,FALSE
"104","A69-1601-19221",104,"PTN-Silver-eel-Mondego","R1","VR2W-125699",40.283,-8.266,2015-12-20 00:20:49,2015-12-20 05:26:56,163,NA,NA,NA,1671.881643,1671.881643,FALSE,NA,NA,NA,NA,NA,NA,FALSE
"105","A69-1601-19221",105,"PTN-Silver-eel-Mondego","R1","VR2W-125699",40.283,-8.266,2015-12-20 06:50:03,2015-12-20 07:00:42,5,NA,NA,NA,1671.881643,1671.881643,FALSE,NA,NA,NA,NA,NA,NA,FALSE
"106","A69-1601-19221",106,"PTN-Silver-eel-Mondego","R1","VR2W-125699",40.283,-8.266,2015-12-20 18:18:17,2015-12-21 06:44:12,353,NA,NA,NA,1671.881643,1671.881643,FALSE,NA,NA,NA,NA,NA,NA,FALSE
"107","A69-1601-19221",107,"PTN-Silver-eel-Mondego","R1","VR2W-125699",40.283,-8.266,2015-12-21 18:04:49,2015-12-21 19:55:12,84,NA,NA,NA,1671.881643,1671.881643,FALSE,NA,NA,NA,NA,NA,NA,FALSE
"108","A69-1601-19221",108,"PTN-Silver-eel-Mondego","R1","VR2W-125699",40.283,-8.266,2016-01-06 18:16:23,2016-01-06 18:45:17,11,NA,NA,NA,1671.881643,1671.881643,FALSE,NA,NA,NA,NA,NA,NA,FALSE
"109","A69-1601-19221",109,"PTN-Silver-eel-Mondego","R1","VR2W-125699",40.283,-8.266,2016-01-29 20:16:57,2016-01-29 21:34:50,45,NA,NA,NA,1671.881643,1671.881643,FALSE,NA,NA,NA,NA,NA,NA,FALSE
"110","A69-1601-19221",110,"PTN-Silver-eel-Mondego","R1","VR2W-125699",40.283,-8.266,2016-01-30 00:08:15,2016-01-30 00:43:50,4,NA,NA,NA,1671.881643,1671.881643,FALSE,NA,NA,NA,NA,NA,NA,FALSE
"111","A69-1601-19221",111,"PTN-Silver-eel-Mondego","R1","VR2W-125699",40.283,-8.266,2016-01-30 04:32:27,2016-01-30 04:43:59,7,NA,NA,NA,1671.881643,1671.881643,FALSE,NA,NA,NA,NA,NA,NA,FALSE
"112","A69-1601-19221",112,"PTN-Silver-eel-Mondego","R1","VR2W-125699",40.283,-8.266,2016-01-31 22:39:10,2016-02-01 06:37:15,232,NA,NA,NA,1671.881643,1671.881643,FALSE,NA,NA,NA,NA,NA,NA,FALSE
"113","A69-1601-19221",113,"PTN-Silver-eel-Mondego","R1","VR2W-125699",40.283,-8.266,2016-02-02 02:15:54,2016-02-02 05:39:28,125,NA,NA,NA,1671.881643,1671.881643,FALSE,NA,NA,NA,NA,NA,NA,FALSE
"114","A69-1601-19221",114,"PTN-Silver-eel-Mondego","R1","VR2W-125699",40.283,-8.266,2016-02-03 01:48:12,2016-02-03 04:30:10,43,NA,NA,NA,1671.881643,1671.881643,FALSE,NA,NA,NA,NA,NA,NA,FALSE
"115","A69-1601-19221",115,"PTN-Silver-eel-Mondego","R1","VR2W-125699",40.283,-8.266,2016-02-03 06:29:54,2016-02-03 06:31:22,2,NA,NA,NA,1671.881643,1671.881643,FALSE,NA,NA,NA,NA,NA,NA,FALSE
"116","A69-1601-19221",116,"PTN-Silver-eel-Mondego","R1","VR2W-125699",40.283,-8.266,2016-02-03 18:53:53,2016-02-04 06:19:00,349,NA,NA,NA,1671.881643,1671.881643,FALSE,NA,NA,NA,NA,NA,NA,FALSE
"117","A69-1601-19221",117,"PTN-Silver-eel-Mondego","R1","VR2W-125699",40.283,-8.266,2016-02-04 22:15:02,2016-02-04 22:21:48,3,NA,NA,NA,1671.881643,1671.881643,NA,NA,NA,NA,NA,NA,NA,FALSE
"118","A69-1601-19222",118,"PTN-Silver-eel-Mondego","rel_mondego","none",40.295,-8.257,2015-11-13 17:00:00,2015-11-13 17:00:00,1,NA,NA,NA,0,0,NA,NA,NA,NA,NA,NA,NA,FALSE
"119","A69-1601-19222",119,"PTN-Silver-eel-Mondego","R1","VR2W-125699",40.283,-8.266,2015-11-14 05:32:15,2015-11-14 09:27:20,49,45135,1671.881643,0.037042,1671.881643,1671.881643,NA,NA,NA,NA,NA,NA,NA,FALSE
"120","A69-1601-19223",120,"PTN-Silver-eel-Mondego","rel_mondego","none",40.295,-8.257,2015-11-13 17:00:00,2015-11-13 17:00:00,1,NA,NA,NA,0,0,FALSE,26624.062332,3,2016-01-04 20:22:22,26624.062332,4504942,0.0059099678379877,FALSE
"121","A69-1601-19223",121,"PTN-Silver-eel-Mondego","R1","VR2W-125699",40.283,-8.266,2015-11-14 20:00:45,2015-11-14 21:19:06,63,97245,1671.881643,0.017192,1671.881643,1671.881643,FALSE,26624.062332,3,2016-01-04 20:22:22,24952.180689,4407697,0.00566104718382412,FALSE
"122","A69-1601-19223",122,"PTN-Silver-eel-Mondego","R2","VR2W-125700",40.208,-8.434,2016-01-04 20:22:22,2016-01-04 20:48:35,6,4402996,24952.180689,0.005667,26624.062332,26624.062332,TRUE,71985.394793,4,2016-01-22 19:36:32,45361.332461,1552450,0.0292191906090373,TRUE
"123","A69-1601-19223",123,"PTN-Silver-eel-Mondego","R7","VR2W-125708",40.145,-8.842,2016-01-22 19:36:32,2016-01-22 19:40:06,4,1550877,45361.332462,0.029249,71985.394794,71985.394793,NA,NA,NA,NA,NA,NA,NA,TRUE
"124","A69-1601-19223",124,"PTN-Silver-eel-Mondego","R8","VR2W-125704",40.145372,-8.873039,2016-01-22 21:08:07,2016-01-22 21:09:15,2,5281,2822.413272,0.534447,74807.808066,74807.808066,NA,NA,NA,NA,NA,NA,NA,TRUE
"125","A69-1601-19224",125,"PTN-Silver-eel-Mondego","rel_mondego","none",40.295,-8.257,2015-11-13 17:00:00,2015-11-13 17:00:00,1,NA,NA,NA,0,0,NA,NA,NA,NA,NA,NA,NA,FALSE
"126","A69-1601-19224",126,"PTN-Silver-eel-Mondego","R1","VR2W-125699",40.283,-8.266,2015-11-13 19:42:07,2015-11-13 21:44:40,66,9727,1671.881643,0.171881,1671.881643,1671.881643,NA,NA,NA,NA,NA,NA,NA,FALSE
"127","A69-1601-19225",127,"PTN-Silver-eel-Mondego","rel_mondego","none",40.295,-8.257,2015-11-13 17:00:00,2015-11-13 17:00:00,1,NA,NA,NA,0,0,TRUE,26624.062332,5,2015-12-05 08:57:30,26624.062332,1871850,0.0142233952143601,TRUE
"128","A69-1601-19225",128,"PTN-Silver-eel-Mondego","R1","VR2W-125699",40.283,-8.266,2015-11-14 23:02:38,2015-11-15 02:22:11,112,108158,1671.881643,0.015458,1671.881643,1671.881643,FALSE,26624.062332,5,2015-12-05 08:57:30,24952.180689,1763692,0.0141476973808352,TRUE
"129","A69-1601-19225",129,"PTN-Silver-eel-Mondego","R1","VR2W-125699",40.283,-8.266,2015-11-19 21:50:28,2015-11-20 00:35:37,78,NA,NA,NA,1671.881643,1671.881643,FALSE,26624.062332,5,2015-12-05 08:57:30,24952.180689,1336022,0.0186764744061101,TRUE
"130","A69-1601-19225",130,"PTN-Silver-eel-Mondego","R1","VR2W-125699",40.283,-8.266,2015-11-20 02:22:54,2015-11-20 04:21:25,58,NA,NA,NA,1671.881643,1671.881643,TRUE,26624.062332,5,2015-12-05 08:57:30,24952.180689,1319676,0.0189078081961027,TRUE
"131","A69-1601-19225",131,"PTN-Silver-eel-Mondego","R2","VR2W-125700",40.208,-8.434,2015-12-05 08:57:30,2015-12-05 08:57:30,1,1312565,24952.180689,0.01901,26624.062332,26624.062332,FALSE,NA,NA,NA,NA,NA,NA,TRUE
"132","A69-1601-19225",132,"PTN-Silver-eel-Mondego","R2","VR2W-125700",40.208,-8.434,2015-12-09 05:44:01,2015-12-09 05:44:01,1,NA,NA,NA,26624.062332,26624.062332,FALSE,NA,NA,NA,NA,NA,NA,FALSE
"133","A69-1601-19225",133,"PTN-Silver-eel-Mondego","R2","VR2W-125700",40.208,-8.434,2015-12-09 18:40:16,2015-12-09 19:39:50,26,NA,NA,NA,26624.062332,26624.062332,NA,NA,NA,NA,NA,NA,NA,FALSE
"134","A69-1601-19226",134,"PTN-Silver-eel-Mondego","rel_mondego","none",40.295,-8.257,2015-11-13 17:00:00,2015-11-13 17:00:00,1,NA,NA,NA,0,0,FALSE,27347.94508,50,2016-01-06 22:24:03,27347.94508,4685043,0.00583728795658866,FALSE
"135","A69-1601-19226",135,"PTN-Silver-eel-Mondego","R1","VR2W-125699",40.283,-8.266,2015-11-16 00:50:01,2015-11-16 06:26:43,285,201001,1671.881643,0.008318,1671.881643,1671.881643,FALSE,27347.94508,50,2016-01-06 22:24:03,25676.063437,4484042,0.00572609789047471,FALSE
"136","A69-1601-19226",136,"PTN-Silver-eel-Mondego","R1","VR2W-125699",40.283,-8.266,2015-11-16 18:22:53,2015-11-16 18:38:00,6,NA,NA,NA,1671.881643,1671.881643,FALSE,27347.94508,50,2016-01-06 22:24:03,25676.063437,4420870,0.00580792093796018,FALSE
"137","A69-1601-19226",137,"PTN-Silver-eel-Mondego","R1","VR2W-125699",40.283,-8.266,2015-12-12 22:24:26,2015-12-12 23:48:38,25,NA,NA,NA,1671.881643,1671.881643,FALSE,27347.94508,50,2016-01-06 22:24:03,25676.063437,2159977,0.0118871929826105,FALSE
"138","A69-1601-19226",138,"PTN-Silver-eel-Mondego","R1","VR2W-125699",40.283,-8.266,2015-12-15 02:23:26,2015-12-15 02:23:26,1,NA,NA,NA,1671.881643,1671.881643,FALSE,27347.94508,50,2016-01-06 22:24:03,25676.063437,1972837,0.0130147921176458,FALSE
"139","A69-1601-19226",139,"PTN-Silver-eel-Mondego","R1","VR2W-125699",40.283,-8.266,2015-12-15 18:30:50,2015-12-15 18:31:41,2,NA,NA,NA,1671.881643,1671.881643,FALSE,27347.94508,50,2016-01-06 22:24:03,25676.063437,1914793,0.0134093154910217,FALSE
"140","A69-1601-19226",140,"PTN-Silver-eel-Mondego","R1","VR2W-125699",40.283,-8.266,2015-12-19 03:36:43,2015-12-19 19:20:39,141,NA,NA,NA,1671.881643,1671.881643,FALSE,27347.94508,50,2016-01-06 22:24:03,25676.063437,1622840,0.0158216850934165,FALSE
"141","A69-1601-19226",141,"PTN-Silver-eel-Mondego","R1","VR2W-125699",40.283,-8.266,2015-12-20 02:37:41,2015-12-20 05:09:19,22,NA,NA,NA,1671.881643,1671.881643,FALSE,27347.94508,50,2016-01-06 22:24:03,25676.063437,1539982,0.0166729633443768,FALSE
"142","A69-1601-19226",142,"PTN-Silver-eel-Mondego","R1","VR2W-125699",40.283,-8.266,2015-12-20 06:25:20,2015-12-20 11:13:21,71,NA,NA,NA,1671.881643,1671.881643,FALSE,27347.94508,50,2016-01-06 22:24:03,25676.063437,1526323,0.0168221689884775,FALSE
"143","A69-1601-19226",143,"PTN-Silver-eel-Mondego","R1","VR2W-125699",40.283,-8.266,2015-12-20 17:36:34,2015-12-20 21:29:06,60,NA,NA,NA,1671.881643,1671.881643,FALSE,27347.94508,50,2016-01-06 22:24:03,25676.063437,1486049,0.0172780732243688,FALSE
"144","A69-1601-19226",144,"PTN-Silver-eel-Mondego","R1","VR2W-125699",40.283,-8.266,2015-12-20 22:41:56,2015-12-21 05:19:54,112,NA,NA,NA,1671.881643,1671.881643,FALSE,27347.94508,50,2016-01-06 22:24:03,25676.063437,1467727,0.0174937596957745,FALSE
"145","A69-1601-19226",145,"PTN-Silver-eel-Mondego","R1","VR2W-125699",40.283,-8.266,2015-12-21 06:32:53,2015-12-21 06:32:53,1,NA,NA,NA,1671.881643,1671.881643,FALSE,27347.94508,50,2016-01-06 22:24:03,25676.063437,1439470,0.0178371646765824,FALSE
"146","A69-1601-19226",146,"PTN-Silver-eel-Mondego","R1","VR2W-125699",40.283,-8.266,2015-12-21 11:27:52,2015-12-21 11:27:52,1,NA,NA,NA,1671.881643,1671.881643,FALSE,27347.94508,50,2016-01-06 22:24:03,25676.063437,1421771,0.0180592116712185,FALSE
"147","A69-1601-19226",147,"PTN-Silver-eel-Mondego","R1","VR2W-125699",40.283,-8.266,2015-12-21 15:11:05,2015-12-21 21:13:38,75,NA,NA,NA,1671.881643,1671.881643,FALSE,27347.94508,50,2016-01-06 22:24:03,25676.063437,1408378,0.0182309461217088,FALSE
"148","A69-1601-19226",148,"PTN-Silver-eel-Mondego","R1","VR2W-125699",40.283,-8.266,2015-12-23 03:13:48,2015-12-23 03:58:28,13,NA,NA,NA,1671.881643,1671.881643,FALSE,27347.94508,50,2016-01-06 22:24:03,25676.063437,1278615,0.0200811529952331,FALSE
"149","A69-1601-19226",149,"PTN-Silver-eel-Mondego","R1","VR2W-125699",40.283,-8.266,2015-12-23 05:53:29,2015-12-23 07:58:51,19,NA,NA,NA,1671.881643,1671.881643,FALSE,27347.94508,50,2016-01-06 22:24:03,25676.063437,1269034,0.020232762429533,FALSE
"150","A69-1601-19226",150,"PTN-Silver-eel-Mondego","R1","VR2W-125699",40.283,-8.266,2015-12-23 10:57:46,2015-12-23 10:57:46,1,NA,NA,NA,1671.881643,1671.881643,FALSE,27347.94508,50,2016-01-06 22:24:03,25676.063437,1250777,0.0205280904885523,FALSE
"151","A69-1601-19226",151,"PTN-Silver-eel-Mondego","R1","VR2W-125699",40.283,-8.266,2015-12-23 22:18:34,2015-12-23 22:39:26,4,NA,NA,NA,1671.881643,1671.881643,FALSE,27347.94508,50,2016-01-06 22:24:03,25676.063437,1209929,0.0212211323449558,FALSE
"152","A69-1601-19226",152,"PTN-Silver-eel-Mondego","R1","VR2W-125699",40.283,-8.266,2015-12-24 05:47:26,2015-12-24 06:43:50,10,NA,NA,NA,1671.881643,1671.881643,FALSE,27347.94508,50,2016-01-06 22:24:03,25676.063437,1182997,0.0217042506760372,FALSE
"153","A69-1601-19226",153,"PTN-Silver-eel-Mondego","R1","VR2W-125699",40.283,-8.266,2015-12-24 12:09:38,2015-12-24 13:26:28,5,NA,NA,NA,1671.881643,1671.881643,FALSE,27347.94508,50,2016-01-06 22:24:03,25676.063437,1160065,0.0221332972178283,FALSE
"154","A69-1601-19226",154,"PTN-Silver-eel-Mondego","R1","VR2W-125699",40.283,-8.266,2015-12-24 14:54:01,2015-12-24 14:57:49,2,NA,NA,NA,1671.881643,1671.881643,FALSE,27347.94508,50,2016-01-06 22:24:03,25676.063437,1150202,0.0223230905849581,FALSE
"155","A69-1601-19226",155,"PTN-Silver-eel-Mondego","R1","VR2W-125699",40.283,-8.266,2015-12-24 18:54:23,2015-12-24 20:08:55,9,NA,NA,NA,1671.881643,1671.881643,FALSE,27347.94508,50,2016-01-06 22:24:03,25676.063437,1135780,0.0226065465468665,FALSE
"156","A69-1601-19226",156,"PTN-Silver-eel-Mondego","R1","VR2W-125699",40.283,-8.266,2015-12-25 01:30:24,2015-12-25 08:06:01,87,NA,NA,NA,1671.881643,1671.881643,FALSE,27347.94508,50,2016-01-06 22:24:03,25676.063437,1112019,0.0230895905888299,FALSE
"157","A69-1601-19226",157,"PTN-Silver-eel-Mondego","R1","VR2W-125699",40.283,-8.266,2015-12-25 09:36:59,2015-12-25 09:36:59,1,NA,NA,NA,1671.881643,1671.881643,FALSE,27347.94508,50,2016-01-06 22:24:03,25676.063437,1082824,0.023712129983266,FALSE
"158","A69-1601-19226",158,"PTN-Silver-eel-Mondego","R1","VR2W-125699",40.283,-8.266,2015-12-25 10:41:23,2015-12-25 10:41:23,1,NA,NA,NA,1671.881643,1671.881643,FALSE,27347.94508,50,2016-01-06 22:24:03,25676.063437,1078960,0.0237970484883592,FALSE
"159","A69-1601-19226",159,"PTN-Silver-eel-Mondego","R1","VR2W-125699",40.283,-8.266,2015-12-25 13:03:04,2015-12-25 13:10:56,7,NA,NA,NA,1671.881643,1671.881643,FALSE,27347.94508,50,2016-01-06 22:24:03,25676.063437,1070459,0.0239860316340934,FALSE
"160","A69-1601-19226",160,"PTN-Silver-eel-Mondego","R1","VR2W-125699",40.283,-8.266,2015-12-26 11:17:19,2015-12-26 11:22:24,2,NA,NA,NA,1671.881643,1671.881643,FALSE,27347.94508,50,2016-01-06 22:24:03,25676.063437,990404,0.0259248381842157,FALSE
"161","A69-1601-19226",161,"PTN-Silver-eel-Mondego","R1","VR2W-125699",40.283,-8.266,2015-12-26 14:19:02,2015-12-26 14:19:02,1,NA,NA,NA,1671.881643,1671.881643,FALSE,27347.94508,50,2016-01-06 22:24:03,25676.063437,979501,0.0262134121731371,FALSE
"162","A69-1601-19226",162,"PTN-Silver-eel-Mondego","R1","VR2W-125699",40.283,-8.266,2015-12-26 15:22:25,2015-12-26 18:06:34,7,NA,NA,NA,1671.881643,1671.881643,FALSE,27347.94508,50,2016-01-06 22:24:03,25676.063437,975698,0.0263155847782818,FALSE
"163","A69-1601-19226",163,"PTN-Silver-eel-Mondego","R1","VR2W-125699",40.283,-8.266,2015-12-27 00:54:30,2015-12-27 07:36:58,45,NA,NA,NA,1671.881643,1671.881643,FALSE,27347.94508,50,2016-01-06 22:24:03,25676.063437,941373,0.0272751220153967,FALSE
"164","A69-1601-19226",164,"PTN-Silver-eel-Mondego","R1","VR2W-125699",40.283,-8.266,2015-12-27 08:47:14,2015-12-28 03:35:40,283,NA,NA,NA,1671.881643,1671.881643,FALSE,27347.94508,50,2016-01-06 22:24:03,25676.063437,913009,0.0281224647697887,FALSE
"165","A69-1601-19226",165,"PTN-Silver-eel-Mondego","R1","VR2W-125699",40.283,-8.266,2015-12-28 06:22:01,2015-12-28 07:57:18,22,NA,NA,NA,1671.881643,1671.881643,FALSE,27347.94508,50,2016-01-06 22:24:03,25676.063437,835322,0.0307379231446077,FALSE
"166","A69-1601-19226",166,"PTN-Silver-eel-Mondego","R1","VR2W-125699",40.283,-8.266,2015-12-28 11:14:57,2015-12-28 11:14:57,1,NA,NA,NA,1671.881643,1671.881643,FALSE,27347.94508,50,2016-01-06 22:24:03,25676.063437,817746,0.0313985802889895,FALSE
"167","A69-1601-19226",167,"PTN-Silver-eel-Mondego","R1","VR2W-125699",40.283,-8.266,2015-12-28 17:34:30,2015-12-28 17:34:30,1,NA,NA,NA,1671.881643,1671.881643,FALSE,27347.94508,50,2016-01-06 22:24:03,25676.063437,794973,0.0322980320551767,FALSE
"168","A69-1601-19226",168,"PTN-Silver-eel-Mondego","R1","VR2W-125699",40.283,-8.266,2015-12-28 20:00:36,2015-12-29 04:57:49,190,NA,NA,NA,1671.881643,1671.881643,FALSE,27347.94508,50,2016-01-06 22:24:03,25676.063437,786207,0.0326581465657263,FALSE
"169","A69-1601-19226",169,"PTN-Silver-eel-Mondego","R1","VR2W-125699",40.283,-8.266,2015-12-29 06:28:50,2015-12-29 11:59:51,63,NA,NA,NA,1671.881643,1671.881643,FALSE,27347.94508,50,2016-01-06 22:24:03,25676.063437,748513,0.034302762192507,FALSE
"170","A69-1601-19226",170,"PTN-Silver-eel-Mondego","R1","VR2W-125699",40.283,-8.266,2015-12-29 14:46:13,2015-12-29 17:39:11,53,NA,NA,NA,1671.881643,1671.881643,FALSE,27347.94508,50,2016-01-06 22:24:03,25676.063437,718670,0.0357271952871276,FALSE
"171","A69-1601-19226",171,"PTN-Silver-eel-Mondego","R1","VR2W-125699",40.283,-8.266,2015-12-29 18:56:11,2015-12-29 21:24:47,16,NA,NA,NA,1671.881643,1671.881643,FALSE,27347.94508,50,2016-01-06 22:24:03,25676.063437,703672,0.036488681426858,FALSE
"172","A69-1601-19226",172,"PTN-Silver-eel-Mondego","R1","VR2W-125699",40.283,-8.266,2015-12-29 22:25:53,2015-12-29 22:25:53,1,NA,NA,NA,1671.881643,1671.881643,FALSE,27347.94508,50,2016-01-06 22:24:03,25676.063437,691090,0.0371529951771839,FALSE
"173","A69-1601-19226",173,"PTN-Silver-eel-Mondego","R1","VR2W-125699",40.283,-8.266,2015-12-30 07:16:46,2015-12-30 07:16:46,1,NA,NA,NA,1671.881643,1671.881643,FALSE,27347.94508,50,2016-01-06 22:24:03,25676.063437,659237,0.0389481528448798,FALSE
"174","A69-1601-19226",174,"PTN-Silver-eel-Mondego","R1","VR2W-125699",40.283,-8.266,2015-12-31 17:29:59,2015-12-31 18:35:04,17,NA,NA,NA,1671.881643,1671.881643,FALSE,27347.94508,50,2016-01-06 22:24:03,25676.063437,536044,0.0478991714057055,FALSE
"175","A69-1601-19226",175,"PTN-Silver-eel-Mondego","R1","VR2W-125699",40.283,-8.266,2016-01-01 21:41:10,2016-01-01 21:42:28,2,NA,NA,NA,1671.881643,1671.881643,FALSE,27347.94508,50,2016-01-06 22:24:03,25676.063437,434573,0.0590834300267159,FALSE
"176","A69-1601-19226",176,"PTN-Silver-eel-Mondego","R1","VR2W-125699",40.283,-8.266,2016-01-02 16:43:24,2016-01-02 16:43:24,1,NA,NA,NA,1671.881643,1671.881643,FALSE,27347.94508,50,2016-01-06 22:24:03,25676.063437,366039,0.0701457042473616,FALSE
"177","A69-1601-19226",177,"PTN-Silver-eel-Mondego","R1","VR2W-125699",40.283,-8.266,2016-01-02 18:15:18,2016-01-02 19:12:46,5,NA,NA,NA,1671.881643,1671.881643,FALSE,27347.94508,50,2016-01-06 22:24:03,25676.063437,360525,0.0712185380680951,FALSE
"178","A69-1601-19226",178,"PTN-Silver-eel-Mondego","R1","VR2W-125699",40.283,-8.266,2016-01-03 04:50:21,2016-01-03 05:01:06,3,NA,NA,NA,1671.881643,1671.881643,FALSE,27347.94508,50,2016-01-06 22:24:03,25676.063437,322422,0.079634961128583,FALSE
"179","A69-1601-19226",179,"PTN-Silver-eel-Mondego","R1","VR2W-125699",40.283,-8.266,2016-01-03 09:24:49,2016-01-03 09:24:49,1,NA,NA,NA,1671.881643,1671.881643,FALSE,27347.94508,50,2016-01-06 22:24:03,25676.063437,305954,0.0839213196657014,FALSE
"180","A69-1601-19226",180,"PTN-Silver-eel-Mondego","R1","VR2W-125699",40.283,-8.266,2016-01-03 11:23:24,2016-01-03 11:53:37,10,NA,NA,NA,1671.881643,1671.881643,FALSE,27347.94508,50,2016-01-06 22:24:03,25676.063437,298839,0.085919386147725,FALSE
"181","A69-1601-19226",181,"PTN-Silver-eel-Mondego","R1","VR2W-125699",40.283,-8.266,2016-01-04 02:02:07,2016-01-04 02:52:50,2,NA,NA,NA,1671.881643,1671.881643,FALSE,27347.94508,50,2016-01-06 22:24:03,25676.063437,246116,0.104325047688895,FALSE
"182","A69-1601-19226",182,"PTN-Silver-eel-Mondego","R1","VR2W-125699",40.283,-8.266,2016-01-04 17:56:56,2016-01-04 18:13:34,10,NA,NA,NA,1671.881643,1671.881643,TRUE,27347.94508,50,2016-01-06 22:24:03,25676.063437,188827,0.135976652899215,TRUE
"183","A69-1601-19226",183,"PTN-Silver-eel-Mondego","R3","VR2W-125707",40.214,-8.438,2016-01-06 22:24:03,2016-01-06 22:24:03,1,187829,25676.063437,0.136699,27347.94508,27347.94508,TRUE,74807.808066,51,2016-01-11 22:09:23,47459.862986,431120,0.110085041255335,TRUE
"184","A69-1601-19226",184,"PTN-Silver-eel-Mondego","R8","VR2W-125704",40.145372,-8.873039,2016-01-11 22:09:23,2016-01-11 22:09:23,1,431120,47459.862985,0.110085,74807.808065,74807.808066,NA,NA,NA,NA,NA,NA,NA,TRUE
"185","A69-1601-19227",185,"PTN-Silver-eel-Mondego","rel_mondego","none",40.295,-8.257,2015-11-13 17:00:00,2015-11-13 17:00:00,1,NA,NA,NA,0,0,NA,NA,NA,NA,NA,NA,NA,FALSE
"186","A69-1601-19227",186,"PTN-Silver-eel-Mondego","R1","VR2W-125699",40.283,-8.266,2015-11-14 22:15:10,2015-11-14 22:35:45,7,105310,1671.881643,0.015876,1671.881643,1671.881643,FALSE,NA,NA,NA,NA,NA,NA,FALSE
"187","A69-1601-19227",187,"PTN-Silver-eel-Mondego","R1","VR2W-125699",40.283,-8.266,2015-11-15 18:05:03,2015-11-15 21:47:28,163,NA,NA,NA,1671.881643,1671.881643,FALSE,NA,NA,NA,NA,NA,NA,FALSE
"188","A69-1601-19227",188,"PTN-Silver-eel-Mondego","R1","VR2W-125699",40.283,-8.266,2015-11-16 21:45:08,2015-11-16 21:45:08,1,NA,NA,NA,1671.881643,1671.881643,FALSE,NA,NA,NA,NA,NA,NA,FALSE
"189","A69-1601-19227",189,"PTN-Silver-eel-Mondego","R1","VR2W-125699",40.283,-8.266,2015-11-18 03:13:19,2015-11-18 04:38:49,8,NA,NA,NA,1671.881643,1671.881643,FALSE,NA,NA,NA,NA,NA,NA,FALSE
"190","A69-1601-19227",190,"PTN-Silver-eel-Mondego","R1","VR2W-125699",40.283,-8.266,2015-11-18 22:11:17,2015-11-18 22:31:17,7,NA,NA,NA,1671.881643,1671.881643,NA,NA,NA,NA,NA,NA,NA,FALSE
"191","A69-1601-19228",191,"PTN-Silver-eel-Mondego","rel_mondego","none",40.295,-8.257,2015-11-13 17:00:00,2015-11-13 17:00:00,1,NA,NA,NA,0,0,TRUE,26624.062332,3,2015-11-26 22:49:38,26624.062332,1144178,0.0232691612074345,TRUE
"192","A69-1601-19228",192,"PTN-Silver-eel-Mondego","R1","VR2W-125699",40.283,-8.266,2015-11-13 19:51:14,2015-11-13 20:05:00,14,10274,1671.881643,0.162729,1671.881643,1671.881643,TRUE,26624.062332,3,2015-11-26 22:49:38,24952.180689,1133904,0.0220055495782712,TRUE
"193","A69-1601-19228",193,"PTN-Silver-eel-Mondego","R2","VR2W-125700",40.208,-8.434,2015-11-26 22:49:38,2015-11-26 23:48:17,11,1133078,24952.180689,0.022022,26624.062332,26624.062332,FALSE,44303.967358,6,2015-12-03 05:00:04,17679.905026,540626,0.0327026540085013,TRUE
"194","A69-1601-19228",194,"PTN-Silver-eel-Mondego","R2","VR2W-125700",40.208,-8.434,2015-11-27 02:31:02,2015-11-27 03:04:25,2,NA,NA,NA,26624.062332,26624.062332,FALSE,44303.967358,6,2015-12-03 05:00:04,17679.905026,527342,0.0335264496778182,TRUE
"195","A69-1601-19228",195,"PTN-Silver-eel-Mondego","R2","VR2W-125700",40.208,-8.434,2015-11-28 03:06:54,2015-11-28 03:56:13,40,NA,NA,NA,26624.062332,26624.062332,TRUE,44303.967358,6,2015-12-03 05:00:04,17679.905026,438790,0.0402924064495545,TRUE
"196","A69-1601-19228",196,"PTN-Silver-eel-Mondego","R4","VR2W-125706",40.185,-8.615,2015-12-03 05:00:04,2015-12-03 05:39:52,25,435831,17679.905026,0.040566,44303.967358,44303.967358,NA,NA,NA,NA,NA,NA,NA,TRUE
"197","A69-1601-19229",197,"PTN-Silver-eel-Mondego","rel_mondego","none",40.295,-8.257,2015-11-13 17:00:00,2015-11-13 17:00:00,1,NA,NA,NA,0,0,NA,NA,NA,NA,NA,NA,NA,FALSE
"198","A69-1601-19230",198,"PTN-Silver-eel-Mondego","rel_mondego","none",40.295,-8.257,2015-12-02 17:00:00,2015-12-02 17:00:00,1,NA,NA,NA,0,0,FALSE,26624.062332,3,2016-01-02 18:09:02,26624.062332,2682542,0.00992493773890586,FALSE
"199","A69-1601-19230",199,"PTN-Silver-eel-Mondego","R1","VR2W-125699",40.283,-8.266,2015-12-05 23:05:43,2015-12-05 23:20:51,17,281143,1671.881643,0.005947,1671.881643,1671.881643,TRUE,26624.062332,3,2016-01-02 18:09:02,24952.180689,2401399,0.0103906850502561,TRUE
"200","A69-1601-19230",200,"PTN-Silver-eel-Mondego","R2","VR2W-125700",40.208,-8.434,2016-01-02 18:09:02,2016-01-02 19:14:33,28,2400491,24952.180689,0.010395,26624.062332,26624.062332,TRUE,44303.967358,4,2016-01-03 20:34:43,17679.905026,95141,0.185828454882753,TRUE
"201","A69-1601-19230",201,"PTN-Silver-eel-Mondego","R4","VR2W-125706",40.185,-8.615,2016-01-03 20:34:43,2016-01-03 20:43:11,6,91210,17679.905026,0.193837,44303.967358,44303.967358,TRUE,71985.394793,5,2016-01-05 02:19:44,27681.427435,107101,0.258460961475616,TRUE
"202","A69-1601-19230",202,"PTN-Silver-eel-Mondego","R7","VR2W-125708",40.145,-8.842,2016-01-05 02:19:44,2016-01-05 02:27:20,3,106593,27681.427435,0.259693,71985.394793,71985.394793,FALSE,NA,NA,NA,NA,NA,NA,TRUE
"203","A69-1601-19230",203,"PTN-Silver-eel-Mondego","R7","VR2W-125708",40.145,-8.842,2016-01-05 15:22:03,2016-01-05 15:27:31,6,NA,NA,NA,71985.394793,71985.394793,NA,NA,NA,NA,NA,NA,NA,FALSE
"204","A69-1601-19233",204,"PTN-Silver-eel-Mondego","rel_mondego","none",40.295,-8.257,2014-12-23 17:00:00,2014-12-23 17:00:00,1,NA,NA,NA,0,0,TRUE,27347.94508,3,2015-01-23 21:04:51,27347.94508,2693091,0.0101548536904249,TRUE
"205","A69-1601-19233",205,"PTN-Silver-eel-Mondego","R1","VR2W-125699",40.283,-8.266,2014-12-23 18:06:16,2014-12-23 18:26:47,12,3976,1671.881643,0.420493,1671.881643,1671.881643,FALSE,27347.94508,3,2015-01-23 21:04:51,25676.063437,2689115,0.00954814629980495,TRUE
"206","A69-1601-19233",206,"PTN-Silver-eel-Mondego","R3","VR2W-125707",40.214,-8.438,2015-01-23 21:04:51,2015-01-23 22:28:15,19,2687884,25676.063437,0.009553,27347.94508,27347.94508,FALSE,NA,NA,NA,NA,NA,NA,TRUE
"207","A69-1601-19233",207,"PTN-Silver-eel-Mondego","R2","VR2W-125700",40.208,-8.434,2015-01-27 21:12:32,2015-01-27 21:23:43,2,341057,723.882749,0.002122,28071.827829,26624.062332,TRUE,71444.322117,5,2015-01-31 17:45:46,44820.259785,333194,0.13451700746412,TRUE
"208","A69-1601-19233",208,"PTN-Silver-eel-Mondego","R5","VR2W-125701",40.145,-8.836,2015-01-31 17:45:46,2015-01-31 17:57:20,5,332523,44820.259785,0.134788,72892.087614,71444.322117,NA,NA,NA,NA,NA,NA,NA,TRUE
"209","A69-1601-19235",209,"PTN-Silver-eel-Mondego","rel_mondego","none",40.295,-8.257,2015-11-13 17:00:00,2015-11-13 17:00:00,1,NA,NA,NA,0,0,NA,NA,NA,NA,NA,NA,NA,FALSE
"210","A69-1601-19236",210,"PTN-Silver-eel-Mondego","rel_mondego","none",40.295,-8.257,2015-11-13 17:00:00,2015-11-13 17:00:00,1,NA,NA,NA,0,0,NA,NA,NA,NA,NA,NA,NA,FALSE
"211","A69-1601-19237",211,"PTN-Silver-eel-Mondego","rel_mondego","none",40.295,-8.257,2015-11-13 17:00:00,2015-11-13 17:00:00,1,NA,NA,NA,0,0,NA,NA,NA,NA,NA,NA,NA,FALSE
"212","A69-1601-19237",212,"PTN-Silver-eel-Mondego","R1","VR2W-125699",40.283,-8.266,2015-11-15 23:31:03,2015-11-15 23:42:11,9,196263,1671.881643,0.008519,1671.881643,1671.881643,NA,NA,NA,NA,NA,NA,NA,FALSE
"213","A69-1601-19239",213,"PTN-Silver-eel-Mondego","rel_mondego","none",40.295,-8.257,2014-11-26 17:00:00,2014-11-26 17:00:00,1,NA,NA,NA,0,0,NA,NA,NA,NA,NA,NA,NA,FALSE
"214","A69-1601-19239",214,"PTN-Silver-eel-Mondego","R1","VR2W-125699",40.283,-8.266,2014-11-26 20:20:18,2014-11-26 20:28:05,9,12018,1671.881643,0.139115,1671.881643,1671.881643,NA,NA,NA,NA,NA,NA,NA,FALSE
"215","A69-1601-19240",215,"PTN-Silver-eel-Mondego","rel_mondego","none",40.295,-8.257,2014-12-23 17:00:00,2014-12-23 17:00:00,1,NA,NA,NA,0,0,FALSE,27347.94508,3,2015-01-30 16:27:34,27347.94508,3281254,0.00833460167362844,FALSE
"216","A69-1601-19240",216,"PTN-Silver-eel-Mondego","R1","VR2W-125699",40.283,-8.266,2015-01-07 04:36:21,2015-01-07 04:55:44,11,1251381,1671.881643,0.001336,1671.881643,1671.881643,TRUE,27347.94508,3,2015-01-30 16:27:34,25676.063437,2029873,0.0126490984593617,TRUE
"217","A69-1601-19240",217,"PTN-Silver-eel-Mondego","R3","VR2W-125707",40.214,-8.438,2015-01-30 16:27:34,2015-01-30 17:25:06,30,2028710,25676.063437,0.012656,27347.94508,27347.94508,TRUE,44303.967358,4,2015-01-30 22:33:51,16956.022278,21977,0.771534890021386,TRUE
"218","A69-1601-19240",218,"PTN-Silver-eel-Mondego","R4","VR2W-125706",40.185,-8.615,2015-01-30 22:33:51,2015-01-30 22:33:51,1,18525,16956.022277,0.915305,44303.967357,44303.967358,TRUE,71444.322117,5,2015-01-31 16:47:48,27140.354759,65637,0.413491700702348,TRUE
"219","A69-1601-19240",219,"PTN-Silver-eel-Mondego","R5","VR2W-125701",40.145,-8.836,2015-01-31 16:47:48,2015-01-31 16:56:30,5,65637,27140.354759,0.413492,71444.322116,71444.322117,NA,NA,NA,NA,NA,NA,NA,TRUE
"220","A69-1601-19242",220,"PTN-Silver-eel-Mondego","rel_mondego","none",40.295,-8.257,2015-11-13 17:00:00,2015-11-13 17:00:00,1,NA,NA,NA,0,0,FALSE,26624.062332,34,2016-01-04 22:31:28,26624.062332,4512688,0.00589982341611031,FALSE
"221","A69-1601-19242",221,"PTN-Silver-eel-Mondego","R1","VR2W-125699",40.283,-8.266,2015-11-17 05:13:07,2015-11-17 05:59:24,5,303187,1671.881643,0.005514,1671.881643,1671.881643,FALSE,26624.062332,34,2016-01-04 22:31:28,24952.180689,4209501,0.00592758635500977,FALSE
"222","A69-1601-19242",222,"PTN-Silver-eel-Mondego","R1","VR2W-125699",40.283,-8.266,2015-11-18 18:30:13,2015-11-18 19:41:09,30,NA,NA,NA,1671.881643,1671.881643,FALSE,26624.062332,34,2016-01-04 22:31:28,24952.180689,4075275,0.00612282132837661,FALSE
"223","A69-1601-19242",223,"PTN-Silver-eel-Mondego","R1","VR2W-125699",40.283,-8.266,2015-11-18 20:44:00,2015-11-18 20:55:47,3,NA,NA,NA,1671.881643,1671.881643,FALSE,26624.062332,34,2016-01-04 22:31:28,24952.180689,4067248,0.00613490514691998,FALSE
"224","A69-1601-19242",224,"PTN-Silver-eel-Mondego","R1","VR2W-125699",40.283,-8.266,2015-11-19 03:09:07,2015-11-19 04:58:31,36,NA,NA,NA,1671.881643,1671.881643,FALSE,26624.062332,34,2016-01-04 22:31:28,24952.180689,4044141,0.00616995814166717,FALSE
"225","A69-1601-19242",225,"PTN-Silver-eel-Mondego","R1","VR2W-125699",40.283,-8.266,2015-11-19 23:54:52,2015-11-20 00:50:04,21,NA,NA,NA,1671.881643,1671.881643,FALSE,26624.062332,34,2016-01-04 22:31:28,24952.180689,3969396,0.00628614043270059,FALSE
"226","A69-1601-19242",226,"PTN-Silver-eel-Mondego","R1","VR2W-125699",40.283,-8.266,2015-11-20 02:42:58,2015-11-20 06:27:05,84,NA,NA,NA,1671.881643,1671.881643,FALSE,26624.062332,34,2016-01-04 22:31:28,24952.180689,3959310,0.00630215383210711,FALSE
"227","A69-1601-19242",227,"PTN-Silver-eel-Mondego","R1","VR2W-125699",40.283,-8.266,2015-11-21 13:48:54,2015-11-21 15:02:04,16,NA,NA,NA,1671.881643,1671.881643,FALSE,26624.062332,34,2016-01-04 22:31:28,24952.180689,3832954,0.00650990872548953,FALSE
"228","A69-1601-19242",228,"PTN-Silver-eel-Mondego","R1","VR2W-125699",40.283,-8.266,2015-11-21 16:08:11,2015-11-21 16:37:14,9,NA,NA,NA,1671.881643,1671.881643,FALSE,26624.062332,34,2016-01-04 22:31:28,24952.180689,3824597,0.00652413331103904,FALSE
"229","A69-1601-19242",229,"PTN-Silver-eel-Mondego","R1","VR2W-125699",40.283,-8.266,2015-11-21 18:34:45,2015-11-21 20:28:16,78,NA,NA,NA,1671.881643,1671.881643,FALSE,26624.062332,34,2016-01-04 22:31:28,24952.180689,3815803,0.00653916900033885,FALSE
"230","A69-1601-19242",230,"PTN-Silver-eel-Mondego","R1","VR2W-125699",40.283,-8.266,2015-11-21 21:43:26,2015-11-22 05:29:04,151,NA,NA,NA,1671.881643,1671.881643,FALSE,26624.062332,34,2016-01-04 22:31:28,24952.180689,3804482,0.00655862761053936,FALSE
"231","A69-1601-19242",231,"PTN-Silver-eel-Mondego","R1","VR2W-125699",40.283,-8.266,2015-11-22 13:55:41,2015-11-22 13:55:41,1,NA,NA,NA,1671.881643,1671.881643,FALSE,26624.062332,34,2016-01-04 22:31:28,24952.180689,3746147,0.00666075855779285,FALSE
"232","A69-1601-19242",232,"PTN-Silver-eel-Mondego","R1","VR2W-125699",40.283,-8.266,2015-11-22 15:03:08,2015-11-22 16:24:22,17,NA,NA,NA,1671.881643,1671.881643,FALSE,26624.062332,34,2016-01-04 22:31:28,24952.180689,3742100,0.00666796202372999,FALSE
"233","A69-1601-19242",233,"PTN-Silver-eel-Mondego","R1","VR2W-125699",40.283,-8.266,2015-11-22 18:10:35,2015-11-22 18:48:32,3,NA,NA,NA,1671.881643,1671.881643,FALSE,26624.062332,34,2016-01-04 22:31:28,24952.180689,3730853,0.00668806320940546,FALSE
"234","A69-1601-19242",234,"PTN-Silver-eel-Mondego","R1","VR2W-125699",40.283,-8.266,2015-11-23 00:44:27,2015-11-23 02:43:27,62,NA,NA,NA,1671.881643,1671.881643,FALSE,26624.062332,34,2016-01-04 22:31:28,24952.180689,3707221,0.00673069684515706,FALSE
"235","A69-1601-19242",235,"PTN-Silver-eel-Mondego","R1","VR2W-125699",40.283,-8.266,2015-12-01 03:37:11,2015-12-01 06:50:47,147,NA,NA,NA,1671.881643,1671.881643,FALSE,26624.062332,34,2016-01-04 22:31:28,24952.180689,3005657,0.00830173925002088,FALSE
"236","A69-1601-19242",236,"PTN-Silver-eel-Mondego","R1","VR2W-125699",40.283,-8.266,2015-12-01 08:06:37,2015-12-01 08:06:37,1,NA,NA,NA,1671.881643,1671.881643,FALSE,26624.062332,34,2016-01-04 22:31:28,24952.180689,2989491,0.0083466318142453,FALSE
"237","A69-1601-19242",237,"PTN-Silver-eel-Mondego","R1","VR2W-125699",40.283,-8.266,2015-12-01 09:56:07,2015-12-01 10:02:08,2,NA,NA,NA,1671.881643,1671.881643,FALSE,26624.062332,34,2016-01-04 22:31:28,24952.180689,2982921,0.00836501559679254,FALSE
"238","A69-1601-19242",238,"PTN-Silver-eel-Mondego","R1","VR2W-125699",40.283,-8.266,2015-12-01 12:25:26,2015-12-01 12:26:55,2,NA,NA,NA,1671.881643,1671.881643,FALSE,26624.062332,34,2016-01-04 22:31:28,24952.180689,2973962,0.0083902150360361,FALSE
"239","A69-1601-19242",239,"PTN-Silver-eel-Mondego","R1","VR2W-125699",40.283,-8.266,2015-12-01 14:02:19,2015-12-01 14:34:01,2,NA,NA,NA,1671.881643,1671.881643,FALSE,26624.062332,34,2016-01-04 22:31:28,24952.180689,2968149,0.00840664693349289,FALSE
"240","A69-1601-19242",240,"PTN-Silver-eel-Mondego","R1","VR2W-125699",40.283,-8.266,2015-12-01 18:45:02,2015-12-01 18:48:21,2,NA,NA,NA,1671.881643,1671.881643,FALSE,26624.062332,34,2016-01-04 22:31:28,24952.180689,2951186,0.00845496715185014,FALSE
"241","A69-1601-19242",241,"PTN-Silver-eel-Mondego","R1","VR2W-125699",40.283,-8.266,2015-12-01 20:54:02,2015-12-01 21:02:00,3,NA,NA,NA,1671.881643,1671.881643,FALSE,26624.062332,34,2016-01-04 22:31:28,24952.180689,2943446,0.00847720008758442,FALSE
"242","A69-1601-19242",242,"PTN-Silver-eel-Mondego","R1","VR2W-125699",40.283,-8.266,2015-12-02 04:28:08,2015-12-17 08:18:26,17779,NA,NA,NA,1671.881643,1671.881643,FALSE,26624.062332,34,2016-01-04 22:31:28,24952.180689,2916200,0.00855640240347027,FALSE
"243","A69-1601-19242",243,"PTN-Silver-eel-Mondego","R1","VR2W-125699",40.283,-8.266,2015-12-17 09:48:52,2015-12-19 20:12:23,1647,NA,NA,NA,1671.881643,1671.881643,FALSE,26624.062332,34,2016-01-04 22:31:28,24952.180689,1600956,0.0155858004148771,FALSE
"244","A69-1601-19242",244,"PTN-Silver-eel-Mondego","R1","VR2W-125699",40.283,-8.266,2015-12-19 22:27:28,2015-12-21 22:16:54,1220,NA,NA,NA,1671.881643,1671.881643,FALSE,26624.062332,34,2016-01-04 22:31:28,24952.180689,1382640,0.0180467661061448,FALSE
"245","A69-1601-19242",245,"PTN-Silver-eel-Mondego","R1","VR2W-125699",40.283,-8.266,2015-12-21 23:20:36,2015-12-22 01:25:26,27,NA,NA,NA,1671.881643,1671.881643,FALSE,26624.062332,34,2016-01-04 22:31:28,24952.180689,1206652,0.0206788541261275,FALSE
"246","A69-1601-19242",246,"PTN-Silver-eel-Mondego","R1","VR2W-125699",40.283,-8.266,2015-12-22 02:45:14,2015-12-22 05:27:05,9,NA,NA,NA,1671.881643,1671.881643,FALSE,26624.062332,34,2016-01-04 22:31:28,24952.180689,1194374,0.0208914298946561,FALSE
"247","A69-1601-19242",247,"PTN-Silver-eel-Mondego","R1","VR2W-125699",40.283,-8.266,2015-12-22 06:43:22,2015-12-28 08:01:53,5848,NA,NA,NA,1671.881643,1671.881643,FALSE,26624.062332,34,2016-01-04 22:31:28,24952.180689,1180086,0.0211443748074293,FALSE
"248","A69-1601-19242",248,"PTN-Silver-eel-Mondego","R1","VR2W-125699",40.283,-8.266,2015-12-28 09:09:34,2015-12-28 15:23:24,258,NA,NA,NA,1671.881643,1671.881643,FALSE,26624.062332,34,2016-01-04 22:31:28,24952.180689,652914,0.0382166421442947,FALSE
"249","A69-1601-19242",249,"PTN-Silver-eel-Mondego","R1","VR2W-125699",40.283,-8.266,2015-12-28 16:28:27,2015-12-29 01:05:11,243,NA,NA,NA,1671.881643,1671.881643,FALSE,26624.062332,34,2016-01-04 22:31:28,24952.180689,626581,0.0398227534652343,FALSE
"250","A69-1601-19242",250,"PTN-Silver-eel-Mondego","R1","VR2W-125699",40.283,-8.266,2015-12-29 03:33:40,2016-01-01 12:46:20,3739,NA,NA,NA,1671.881643,1671.881643,FALSE,26624.062332,34,2016-01-04 22:31:28,24952.180689,586668,0.0425320295107284,FALSE
"251","A69-1601-19242",251,"PTN-Silver-eel-Mondego","R1","VR2W-125699",40.283,-8.266,2016-01-01 14:02:04,2016-01-01 19:18:16,236,NA,NA,NA,1671.881643,1671.881643,FALSE,26624.062332,34,2016-01-04 22:31:28,24952.180689,289764,0.0861120797925208,FALSE
"252","A69-1601-19242",252,"PTN-Silver-eel-Mondego","R1","VR2W-125699",40.283,-8.266,2016-01-02 04:02:16,2016-01-02 18:58:02,782,NA,NA,NA,1671.881643,1671.881643,TRUE,26624.062332,34,2016-01-04 22:31:28,24952.180689,239352,0.104248891544671,TRUE
"253","A69-1601-19242",253,"PTN-Silver-eel-Mondego","R2","VR2W-125700",40.208,-8.434,2016-01-04 22:31:28,2016-01-04 22:48:23,7,185606,24952.180689,0.134436,26624.062332,26624.062332,TRUE,71985.394793,35,2016-01-05 16:36:45,45361.332461,65117,0.696612750295622,TRUE
"254","A69-1601-19242",254,"PTN-Silver-eel-Mondego","R7","VR2W-125708",40.145,-8.842,2016-01-05 16:36:45,2016-01-05 16:42:09,6,64102,45361.332462,0.707643,71985.394794,71985.394793,NA,NA,NA,NA,NA,NA,NA,TRUE
"255","A69-1601-19242",255,"PTN-Silver-eel-Mondego","R8","VR2W-125704",40.145372,-8.873039,2016-01-05 18:16:41,2016-01-05 18:16:41,1,5672,2822.413272,0.497605,74807.808066,74807.808066,NA,NA,NA,NA,NA,NA,NA,TRUE
"256","A69-1601-19244",256,"PTN-Silver-eel-Mondego","rel_mondego","none",40.295,-8.257,2014-12-23 17:00:00,2014-12-23 17:00:00,1,NA,NA,NA,0,0,TRUE,27347.94508,3,2015-01-18 23:59:24,27347.94508,2271564,0.0120392580090193,TRUE
"257","A69-1601-19244",257,"PTN-Silver-eel-Mondego","R1","VR2W-125699",40.283,-8.266,2015-01-12 18:57:39,2015-01-12 19:05:21,7,1735059,1671.881643,0.000964,1671.881643,1671.881643,TRUE,27347.94508,3,2015-01-18 23:59:24,25676.063437,536505,0.0478580133214043,TRUE
"258","A69-1601-19244",258,"PTN-Silver-eel-Mondego","R3","VR2W-125707",40.214,-8.438,2015-01-18 23:59:24,2015-01-19 00:30:13,26,536043,25676.063437,0.047899,27347.94508,27347.94508,TRUE,44303.967358,4,2015-01-29 19:29:53,16956.022278,934229,0.0181497494490109,TRUE
"259","A69-1601-19244",259,"PTN-Silver-eel-Mondego","R4","VR2W-125706",40.185,-8.615,2015-01-29 19:29:53,2015-01-29 19:29:53,1,932380,16956.022277,0.018186,44303.967357,44303.967358,TRUE,71444.322117,5,2015-01-31 04:46:01,27140.354759,119768,0.226607731272126,TRUE
"260","A69-1601-19244",260,"PTN-Silver-eel-Mondego","R5","VR2W-125701",40.145,-8.836,2015-01-31 04:46:01,2015-01-31 05:12:39,6,119768,27140.354759,0.226608,71444.322116,71444.322117,FALSE,NA,NA,NA,NA,NA,NA,TRUE
"261","A69-1601-19244",261,"PTN-Silver-eel-Mondego","R7","VR2W-125708",40.145,-8.842,2015-01-31 07:42:33,2015-01-31 07:42:33,1,8994,541.072677,0.060159,71985.394793,71985.394793,NA,NA,NA,NA,NA,NA,NA,TRUE
"262","A69-1601-19245",262,"PTN-Silver-eel-Mondego","rel_mondego","none",40.295,-8.257,2014-12-23 17:00:00,2014-12-23 17:00:00,1,NA,NA,NA,0,0,TRUE,27347.94508,3,2015-01-04 00:45:49,27347.94508,978349,0.0279531589238605,TRUE
"263","A69-1601-19245",263,"PTN-Silver-eel-Mondego","R1","VR2W-125699",40.283,-8.266,2014-12-23 18:35:07,2014-12-23 18:40:31,5,5707,1671.881643,0.292953,1671.881643,1671.881643,TRUE,27347.94508,3,2015-01-04 00:45:49,25676.063437,972642,0.0263982672319312,TRUE
"264","A69-1601-19245",264,"PTN-Silver-eel-Mondego","R3","VR2W-125707",40.214,-8.438,2015-01-04 00:45:49,2015-01-04 01:51:52,19,972318,25676.063437,0.026407,27347.94508,27347.94508,FALSE,44303.967358,5,2015-01-17 05:09:02,16956.022278,1138993,0.0148868538068276,TRUE
"265","A69-1601-19245",265,"PTN-Silver-eel-Mondego","R3","VR2W-125707",40.214,-8.438,2015-01-16 21:09:48,2015-01-16 22:42:16,79,NA,NA,NA,27347.94508,27347.94508,TRUE,44303.967358,5,2015-01-17 05:09:02,16956.022278,28754,0.589692643736524,TRUE
"266","A69-1601-19245",266,"PTN-Silver-eel-Mondego","R4","VR2W-125706",40.185,-8.615,2015-01-17 05:09:02,2015-01-17 05:09:02,1,23206,16956.022277,0.730674,44303.967357,44303.967358,TRUE,71444.322117,6,2015-01-18 19:27:26,27140.354759,137904,0.196806146007367,TRUE
"267","A69-1601-19245",267,"PTN-Silver-eel-Mondego","R5","VR2W-125701",40.145,-8.836,2015-01-18 19:27:26,2015-01-18 19:52:55,6,137904,27140.354759,0.196806,71444.322116,71444.322117,NA,NA,NA,NA,NA,NA,NA,TRUE
"268","A69-1601-19246",268,"PTN-Silver-eel-Mondego","rel_mondego","none",40.295,-8.257,2014-10-26 17:00:00,2014-10-26 17:00:00,1,NA,NA,NA,0,0,NA,NA,NA,NA,NA,NA,NA,FALSE
"269","A69-1601-19246",269,"PTN-Silver-eel-Mondego","R1","VR2W-125699",40.283,-8.266,2014-10-30 02:47:45,2014-10-30 03:26:52,26,294465,1671.881643,0.005678,1671.881643,1671.881643,FALSE,NA,NA,NA,NA,NA,NA,FALSE
"270","A69-1601-19246",270,"PTN-Silver-eel-Mondego","R1","VR2W-125699",40.283,-8.266,2014-10-30 04:57:43,2014-10-30 04:57:43,1,NA,NA,NA,1671.881643,1671.881643,FALSE,NA,NA,NA,NA,NA,NA,FALSE
"271","A69-1601-19246",271,"PTN-Silver-eel-Mondego","R1","VR2W-125699",40.283,-8.266,2014-10-30 06:12:16,2014-10-30 06:12:58,2,NA,NA,NA,1671.881643,1671.881643,FALSE,NA,NA,NA,NA,NA,NA,FALSE
"272","A69-1601-19246",272,"PTN-Silver-eel-Mondego","R1","VR2W-125699",40.283,-8.266,2014-10-30 07:32:45,2014-10-30 07:32:45,1,NA,NA,NA,1671.881643,1671.881643,FALSE,NA,NA,NA,NA,NA,NA,FALSE
"273","A69-1601-19246",273,"PTN-Silver-eel-Mondego","R1","VR2W-125699",40.283,-8.266,2014-10-31 13:21:34,2014-10-31 14:11:51,10,NA,NA,NA,1671.881643,1671.881643,FALSE,NA,NA,NA,NA,NA,NA,FALSE
"274","A69-1601-19246",274,"PTN-Silver-eel-Mondego","R1","VR2W-125699",40.283,-8.266,2014-10-31 23:10:20,2014-11-01 05:59:30,249,NA,NA,NA,1671.881643,1671.881643,FALSE,NA,NA,NA,NA,NA,NA,FALSE
"275","A69-1601-19246",275,"PTN-Silver-eel-Mondego","R1","VR2W-125699",40.283,-8.266,2014-11-01 13:03:57,2014-11-01 13:03:57,1,NA,NA,NA,1671.881643,1671.881643,FALSE,NA,NA,NA,NA,NA,NA,FALSE
"276","A69-1601-19246",276,"PTN-Silver-eel-Mondego","R1","VR2W-125699",40.283,-8.266,2014-11-02 00:28:21,2014-11-02 00:43:56,8,NA,NA,NA,1671.881643,1671.881643,NA,NA,NA,NA,NA,NA,NA,FALSE
"277","A69-1601-19247",277,"PTN-Silver-eel-Mondego","rel_mondego","none",40.295,-8.257,2014-10-26 17:00:00,2014-10-26 17:00:00,1,NA,NA,NA,0,0,NA,NA,NA,NA,NA,NA,NA,FALSE
"278","A69-1601-19247",278,"PTN-Silver-eel-Mondego","R1","VR2W-125699",40.283,-8.266,2014-10-30 21:33:56,2014-10-30 23:02:07,54,362036,1671.881643,0.004618,1671.881643,1671.881643,NA,NA,NA,NA,NA,NA,NA,FALSE
"279","A69-1601-19248",279,"PTN-Silver-eel-Mondego","rel_mondego","none",40.295,-8.257,2014-10-26 17:00:00,2014-10-26 17:00:00,1,NA,NA,NA,0,0,NA,NA,NA,NA,NA,NA,NA,FALSE
"280","A69-1601-19248",280,"PTN-Silver-eel-Mondego","R1","VR2W-125699",40.283,-8.266,2014-10-27 09:15:52,2014-10-29 10:54:18,2633,58552,1671.881643,0.028554,1671.881643,1671.881643,FALSE,NA,NA,NA,NA,NA,NA,FALSE
"281","A69-1601-19248",281,"PTN-Silver-eel-Mondego","R1","VR2W-125699",40.283,-8.266,2014-10-29 21:18:08,2014-10-29 22:25:18,57,NA,NA,NA,1671.881643,1671.881643,FALSE,NA,NA,NA,NA,NA,NA,FALSE
"282","A69-1601-19248",282,"PTN-Silver-eel-Mondego","R1","VR2W-125699",40.283,-8.266,2014-10-30 09:17:00,2014-10-30 11:24:39,113,NA,NA,NA,1671.881643,1671.881643,FALSE,NA,NA,NA,NA,NA,NA,FALSE
"283","A69-1601-19248",283,"PTN-Silver-eel-Mondego","R1","VR2W-125699",40.283,-8.266,2014-10-30 21:13:19,2014-10-30 22:23:15,56,NA,NA,NA,1671.881643,1671.881643,FALSE,NA,NA,NA,NA,NA,NA,FALSE
"284","A69-1601-19248",284,"PTN-Silver-eel-Mondego","R1","VR2W-125699",40.283,-8.266,2014-10-31 10:20:26,2014-10-31 11:26:22,58,NA,NA,NA,1671.881643,1671.881643,FALSE,NA,NA,NA,NA,NA,NA,FALSE
"285","A69-1601-19248",285,"PTN-Silver-eel-Mondego","R1","VR2W-125699",40.283,-8.266,2014-10-31 20:13:40,2014-10-31 22:54:40,134,NA,NA,NA,1671.881643,1671.881643,FALSE,NA,NA,NA,NA,NA,NA,FALSE
"286","A69-1601-19248",286,"PTN-Silver-eel-Mondego","R1","VR2W-125699",40.283,-8.266,2014-11-01 10:19:50,2014-11-01 12:39:54,110,NA,NA,NA,1671.881643,1671.881643,FALSE,NA,NA,NA,NA,NA,NA,FALSE
"287","A69-1601-19248",287,"PTN-Silver-eel-Mondego","R1","VR2W-125699",40.283,-8.266,2014-11-01 21:08:18,2014-11-01 22:31:12,78,NA,NA,NA,1671.881643,1671.881643,FALSE,NA,NA,NA,NA,NA,NA,FALSE
"288","A69-1601-19248",288,"PTN-Silver-eel-Mondego","R1","VR2W-125699",40.283,-8.266,2014-11-02 10:17:14,2014-11-02 11:28:09,65,NA,NA,NA,1671.881643,1671.881643,FALSE,NA,NA,NA,NA,NA,NA,FALSE
"289","A69-1601-19248",289,"PTN-Silver-eel-Mondego","R1","VR2W-125699",40.283,-8.266,2014-11-02 18:56:55,2014-11-02 20:27:14,75,NA,NA,NA,1671.881643,1671.881643,FALSE,NA,NA,NA,NA,NA,NA,FALSE
"290","A69-1601-19248",290,"PTN-Silver-eel-Mondego","R1","VR2W-125699",40.283,-8.266,2014-11-03 09:21:50,2014-11-03 11:28:57,101,NA,NA,NA,1671.881643,1671.881643,FALSE,NA,NA,NA,NA,NA,NA,FALSE
"291","A69-1601-19248",291,"PTN-Silver-eel-Mondego","R1","VR2W-125699",40.283,-8.266,2014-11-04 09:13:13,2014-11-04 11:23:46,69,NA,NA,NA,1671.881643,1671.881643,FALSE,NA,NA,NA,NA,NA,NA,FALSE
"292","A69-1601-19248",292,"PTN-Silver-eel-Mondego","R1","VR2W-125699",40.283,-8.266,2014-11-04 20:16:40,2014-11-04 21:22:34,28,NA,NA,NA,1671.881643,1671.881643,FALSE,NA,NA,NA,NA,NA,NA,FALSE
"293","A69-1601-19248",293,"PTN-Silver-eel-Mondego","R1","VR2W-125699",40.283,-8.266,2014-11-05 09:11:03,2014-11-05 11:30:37,121,NA,NA,NA,1671.881643,1671.881643,FALSE,NA,NA,NA,NA,NA,NA,FALSE
"294","A69-1601-19248",294,"PTN-Silver-eel-Mondego","R1","VR2W-125699",40.283,-8.266,2014-11-05 20:11:08,2014-11-05 21:14:53,30,NA,NA,NA,1671.881643,1671.881643,FALSE,NA,NA,NA,NA,NA,NA,FALSE
"295","A69-1601-19248",295,"PTN-Silver-eel-Mondego","R1","VR2W-125699",40.283,-8.266,2014-11-06 09:14:50,2014-11-06 11:27:36,106,NA,NA,NA,1671.881643,1671.881643,FALSE,NA,NA,NA,NA,NA,NA,FALSE
"296","A69-1601-19248",296,"PTN-Silver-eel-Mondego","R1","VR2W-125699",40.283,-8.266,2014-11-06 20:03:00,2014-11-06 21:32:05,59,NA,NA,NA,1671.881643,1671.881643,FALSE,NA,NA,NA,NA,NA,NA,FALSE
"297","A69-1601-19248",297,"PTN-Silver-eel-Mondego","R1","VR2W-125699",40.283,-8.266,2014-11-07 10:16:19,2014-11-07 12:27:13,104,NA,NA,NA,1671.881643,1671.881643,FALSE,NA,NA,NA,NA,NA,NA,FALSE
"298","A69-1601-19248",298,"PTN-Silver-eel-Mondego","R1","VR2W-125699",40.283,-8.266,2014-11-07 16:13:09,2014-11-08 00:07:47,126,NA,NA,NA,1671.881643,1671.881643,FALSE,NA,NA,NA,NA,NA,NA,FALSE
"299","A69-1601-19248",299,"PTN-Silver-eel-Mondego","R1","VR2W-125699",40.283,-8.266,2014-11-08 10:07:58,2014-11-08 11:30:10,42,NA,NA,NA,1671.881643,1671.881643,FALSE,NA,NA,NA,NA,NA,NA,FALSE
"300","A69-1601-19248",300,"PTN-Silver-eel-Mondego","R1","VR2W-125699",40.283,-8.266,2014-11-08 19:03:19,2014-11-08 21:28:10,117,NA,NA,NA,1671.881643,1671.881643,FALSE,NA,NA,NA,NA,NA,NA,FALSE
"301","A69-1601-19248",301,"PTN-Silver-eel-Mondego","R1","VR2W-125699",40.283,-8.266,2014-11-09 10:07:15,2014-11-09 12:27:21,70,NA,NA,NA,1671.881643,1671.881643,FALSE,NA,NA,NA,NA,NA,NA,FALSE
"302","A69-1601-19248",302,"PTN-Silver-eel-Mondego","R1","VR2W-125699",40.283,-8.266,2014-11-09 20:09:14,2014-11-09 21:43:38,78,NA,NA,NA,1671.881643,1671.881643,FALSE,NA,NA,NA,NA,NA,NA,FALSE
"303","A69-1601-19248",303,"PTN-Silver-eel-Mondego","R1","VR2W-125699",40.283,-8.266,2014-11-10 09:18:41,2014-11-10 11:41:05,70,NA,NA,NA,1671.881643,1671.881643,FALSE,NA,NA,NA,NA,NA,NA,FALSE
"304","A69-1601-19248",304,"PTN-Silver-eel-Mondego","R1","VR2W-125699",40.283,-8.266,2014-11-10 15:01:18,2014-11-10 19:40:49,99,NA,NA,NA,1671.881643,1671.881643,FALSE,NA,NA,NA,NA,NA,NA,FALSE
"305","A69-1601-19248",305,"PTN-Silver-eel-Mondego","R1","VR2W-125699",40.283,-8.266,2014-11-10 22:06:15,2014-11-10 22:31:35,2,NA,NA,NA,1671.881643,1671.881643,FALSE,NA,NA,NA,NA,NA,NA,FALSE
"306","A69-1601-19248",306,"PTN-Silver-eel-Mondego","R1","VR2W-125699",40.283,-8.266,2014-11-11 07:29:20,2014-11-11 08:50:36,45,NA,NA,NA,1671.881643,1671.881643,FALSE,NA,NA,NA,NA,NA,NA,FALSE
"307","A69-1601-19248",307,"PTN-Silver-eel-Mondego","R1","VR2W-125699",40.283,-8.266,2014-11-11 09:55:35,2014-11-11 09:57:23,3,NA,NA,NA,1671.881643,1671.881643,FALSE,NA,NA,NA,NA,NA,NA,FALSE
"308","A69-1601-19248",308,"PTN-Silver-eel-Mondego","R1","VR2W-125699",40.283,-8.266,2014-11-11 12:03:10,2014-11-11 12:03:10,1,NA,NA,NA,1671.881643,1671.881643,FALSE,NA,NA,NA,NA,NA,NA,FALSE
"309","A69-1601-19248",309,"PTN-Silver-eel-Mondego","R1","VR2W-125699",40.283,-8.266,2014-11-11 13:51:07,2014-11-11 13:51:07,1,NA,NA,NA,1671.881643,1671.881643,FALSE,NA,NA,NA,NA,NA,NA,FALSE
"310","A69-1601-19248",310,"PTN-Silver-eel-Mondego","R1","VR2W-125699",40.283,-8.266,2014-11-11 15:02:45,2014-11-11 15:02:45,1,NA,NA,NA,1671.881643,1671.881643,FALSE,NA,NA,NA,NA,NA,NA,FALSE
"311","A69-1601-19248",311,"PTN-Silver-eel-Mondego","R1","VR2W-125699",40.283,-8.266,2014-11-11 16:05:34,2014-11-11 16:46:29,4,NA,NA,NA,1671.881643,1671.881643,FALSE,NA,NA,NA,NA,NA,NA,FALSE
"312","A69-1601-19248",312,"PTN-Silver-eel-Mondego","R1","VR2W-125699",40.283,-8.266,2014-11-11 18:21:38,2014-11-11 18:21:38,1,NA,NA,NA,1671.881643,1671.881643,FALSE,NA,NA,NA,NA,NA,NA,FALSE
"313","A69-1601-19248",313,"PTN-Silver-eel-Mondego","R1","VR2W-125699",40.283,-8.266,2014-11-11 21:35:03,2014-11-11 21:43:34,4,NA,NA,NA,1671.881643,1671.881643,FALSE,NA,NA,NA,NA,NA,NA,FALSE
"314","A69-1601-19248",314,"PTN-Silver-eel-Mondego","R1","VR2W-125699",40.283,-8.266,2014-11-12 07:01:28,2014-11-12 18:46:31,92,NA,NA,NA,1671.881643,1671.881643,FALSE,NA,NA,NA,NA,NA,NA,FALSE
"315","A69-1601-19248",315,"PTN-Silver-eel-Mondego","R1","VR2W-125699",40.283,-8.266,2014-11-12 21:06:48,2014-11-12 21:06:48,1,NA,NA,NA,1671.881643,1671.881643,FALSE,NA,NA,NA,NA,NA,NA,FALSE
"316","A69-1601-19248",316,"PTN-Silver-eel-Mondego","R1","VR2W-125699",40.283,-8.266,2014-11-12 22:08:37,2014-11-12 23:03:10,2,NA,NA,NA,1671.881643,1671.881643,FALSE,NA,NA,NA,NA,NA,NA,FALSE
"317","A69-1601-19248",317,"PTN-Silver-eel-Mondego","R1","VR2W-125699",40.283,-8.266,2014-11-13 06:14:16,2014-11-13 07:13:03,4,NA,NA,NA,1671.881643,1671.881643,FALSE,NA,NA,NA,NA,NA,NA,FALSE
"318","A69-1601-19248",318,"PTN-Silver-eel-Mondego","R1","VR2W-125699",40.283,-8.266,2014-11-13 10:50:34,2014-11-13 10:50:34,1,NA,NA,NA,1671.881643,1671.881643,FALSE,NA,NA,NA,NA,NA,NA,FALSE
"319","A69-1601-19248",319,"PTN-Silver-eel-Mondego","R1","VR2W-125699",40.283,-8.266,2014-11-13 14:15:14,2014-11-13 14:15:14,1,NA,NA,NA,1671.881643,1671.881643,FALSE,NA,NA,NA,NA,NA,NA,FALSE
"320","A69-1601-19248",320,"PTN-Silver-eel-Mondego","R1","VR2W-125699",40.283,-8.266,2014-11-13 15:33:27,2014-11-13 15:33:27,1,NA,NA,NA,1671.881643,1671.881643,FALSE,NA,NA,NA,NA,NA,NA,FALSE
"321","A69-1601-19248",321,"PTN-Silver-eel-Mondego","R1","VR2W-125699",40.283,-8.266,2014-11-13 23:41:32,2014-11-13 23:41:32,1,NA,NA,NA,1671.881643,1671.881643,FALSE,NA,NA,NA,NA,NA,NA,FALSE
"322","A69-1601-19248",322,"PTN-Silver-eel-Mondego","R1","VR2W-125699",40.283,-8.266,2014-11-14 09:04:32,2014-11-14 09:04:32,1,NA,NA,NA,1671.881643,1671.881643,FALSE,NA,NA,NA,NA,NA,NA,FALSE
"323","A69-1601-19248",323,"PTN-Silver-eel-Mondego","R1","VR2W-125699",40.283,-8.266,2014-11-28 23:26:19,2014-11-28 23:26:19,1,NA,NA,NA,1671.881643,1671.881643,FALSE,NA,NA,NA,NA,NA,NA,FALSE
"324","A69-1601-19248",324,"PTN-Silver-eel-Mondego","R1","VR2W-125699",40.283,-8.266,2014-12-05 17:10:44,2014-12-05 17:10:44,1,NA,NA,NA,1671.881643,1671.881643,FALSE,NA,NA,NA,NA,NA,NA,FALSE
"325","A69-1601-19248",325,"PTN-Silver-eel-Mondego","R1","VR2W-125699",40.283,-8.266,2014-12-10 19:39:38,2014-12-10 19:45:10,3,NA,NA,NA,1671.881643,1671.881643,FALSE,NA,NA,NA,NA,NA,NA,FALSE
"326","A69-1601-19248",326,"PTN-Silver-eel-Mondego","R1","VR2W-125699",40.283,-8.266,2014-12-10 21:54:09,2014-12-10 22:22:16,3,NA,NA,NA,1671.881643,1671.881643,FALSE,NA,NA,NA,NA,NA,NA,FALSE
"327","A69-1601-19248",327,"PTN-Silver-eel-Mondego","R1","VR2W-125699",40.283,-8.266,2014-12-11 12:41:42,2014-12-11 12:41:42,1,NA,NA,NA,1671.881643,1671.881643,FALSE,NA,NA,NA,NA,NA,NA,FALSE
"328","A69-1601-19248",328,"PTN-Silver-eel-Mondego","R1","VR2W-125699",40.283,-8.266,2014-12-12 16:32:24,2014-12-12 16:32:24,1,NA,NA,NA,1671.881643,1671.881643,FALSE,NA,NA,NA,NA,NA,NA,FALSE
"329","A69-1601-19248",329,"PTN-Silver-eel-Mondego","R1","VR2W-125699",40.283,-8.266,2014-12-15 08:16:52,2014-12-15 08:16:52,1,NA,NA,NA,1671.881643,1671.881643,NA,NA,NA,NA,NA,NA,NA,FALSE
"330","A69-1601-19249",330,"PTN-Silver-eel-Mondego","rel_mondego","none",40.295,-8.257,2014-10-26 17:00:00,2014-10-26 17:00:00,1,NA,NA,NA,0,0,NA,NA,NA,NA,NA,NA,NA,FALSE
"331","A69-1601-19249",331,"PTN-Silver-eel-Mondego","R1","VR2W-125699",40.283,-8.266,2015-04-25 20:57:00,2015-04-25 20:57:00,1,15652620,1671.881643,0.000107,1671.881643,1671.881643,FALSE,NA,NA,NA,NA,NA,NA,FALSE
"332","A69-1601-19249",332,"PTN-Silver-eel-Mondego","R1","VR2W-125699",40.283,-8.266,2015-04-26 20:52:00,2015-04-27 00:43:00,42,NA,NA,NA,1671.881643,1671.881643,FALSE,NA,NA,NA,NA,NA,NA,FALSE
"333","A69-1601-19249",333,"PTN-Silver-eel-Mondego","R1","VR2W-125699",40.283,-8.266,2015-04-28 21:24:00,2015-04-28 22:28:00,11,NA,NA,NA,1671.881643,1671.881643,NA,NA,NA,NA,NA,NA,NA,FALSE
"334","A69-1601-19250",334,"PTN-Silver-eel-Mondego","rel_mondego","none",40.295,-8.257,2014-10-26 17:00:00,2014-10-26 17:00:00,1,NA,NA,NA,0,0,NA,NA,NA,NA,NA,NA,NA,FALSE
"335","A69-1601-19250",335,"PTN-Silver-eel-Mondego","R1","VR2W-125699",40.283,-8.266,2014-10-28 01:35:05,2014-10-28 02:01:03,21,117305,1671.881643,0.014252,1671.881643,1671.881643,NA,NA,NA,NA,NA,NA,NA,FALSE
"336","A69-1601-19251",336,"PTN-Silver-eel-Mondego","rel_mondego","none",40.295,-8.257,2014-10-26 17:00:00,2014-10-26 17:00:00,1,NA,NA,NA,0,0,NA,NA,NA,NA,NA,NA,NA,FALSE
"337","A69-1601-19251",337,"PTN-Silver-eel-Mondego","R1","VR2W-125699",40.283,-8.266,2014-11-01 19:36:45,2014-11-01 19:45:00,6,527805,1671.881643,0.003168,1671.881643,1671.881643,NA,NA,NA,NA,NA,NA,NA,FALSE
"338","A69-1601-19252",338,"PTN-Silver-eel-Mondego","rel_mondego","none",40.295,-8.257,2014-10-26 17:00:00,2014-10-26 17:00:00,1,NA,NA,NA,0,0,TRUE,27347.94508,3,2014-11-15 22:40:42,27347.94508,1748442,0.0156413224344874,TRUE
"339","A69-1601-19252",339,"PTN-Silver-eel-Mondego","R1","VR2W-125699",40.283,-8.266,2014-11-05 03:41:32,2014-11-05 04:03:28,23,816092,1671.881643,0.002049,1671.881643,1671.881643,TRUE,27347.94508,3,2014-11-15 22:40:42,25676.063437,932350,0.0275390823585563,TRUE
"340","A69-1601-19252",340,"PTN-Silver-eel-Mondego","R3","VR2W-125707",40.214,-8.438,2014-11-15 22:40:42,2014-11-15 23:09:45,15,931034,25676.063437,0.027578,27347.94508,27347.94508,TRUE,71444.322117,4,2014-12-26 20:31:18,44096.377037,3534636,0.0124755072479882,TRUE
"341","A69-1601-19252",341,"PTN-Silver-eel-Mondego","R5","VR2W-125701",40.145,-8.836,2014-12-26 20:31:18,2014-12-26 20:44:58,11,3532893,44096.377036,0.012482,71444.322116,71444.322117,NA,NA,NA,NA,NA,NA,NA,TRUE
"342","A69-1601-19252",342,"PTN-Silver-eel-Mondego","R8","VR2W-125704",40.145372,-8.873039,2014-12-26 21:23:34,2014-12-26 21:24:35,2,2316,3363.485949,1.452282,74807.808065,74807.808066,NA,NA,NA,NA,NA,NA,NA,TRUE
"343","A69-1601-19254",343,"PTN-Silver-eel-Mondego","rel_mondego","none",40.295,-8.257,2014-10-26 17:00:00,2014-10-26 17:00:00,1,NA,NA,NA,0,0,NA,NA,NA,NA,NA,NA,NA,FALSE
"344","A69-1601-19254",344,"PTN-Silver-eel-Mondego","R1","VR2W-125699",40.283,-8.266,2014-10-28 08:31:45,2014-10-28 13:59:17,231,142305,1671.881643,0.011749,1671.881643,1671.881643,NA,NA,NA,NA,NA,NA,NA,FALSE
"345","A69-1601-19255",345,"PTN-Silver-eel-Mondego","rel_mondego","none",40.295,-8.257,2014-10-26 17:00:00,2014-10-26 17:00:00,1,NA,NA,NA,0,0,FALSE,27347.94508,6,2015-02-01 01:23:31,27347.94508,8411011,0.00325144564428699,FALSE
"346","A69-1601-19255",346,"PTN-Silver-eel-Mondego","R1","VR2W-125699",40.283,-8.266,2014-10-28 23:52:55,2014-10-29 00:29:36,27,197575,1671.881643,0.008462,1671.881643,1671.881643,FALSE,27347.94508,6,2015-02-01 01:23:31,25676.063437,8213436,0.00312610501098444,FALSE
"347","A69-1601-19255",347,"PTN-Silver-eel-Mondego","R1","VR2W-125699",40.283,-8.266,2014-10-31 19:09:22,2014-10-31 21:54:24,21,NA,NA,NA,1671.881643,1671.881643,FALSE,27347.94508,6,2015-02-01 01:23:31,25676.063437,7971249,0.00322108410325659,FALSE
"348","A69-1601-19255",348,"PTN-Silver-eel-Mondego","R1","VR2W-125699",40.283,-8.266,2014-10-31 23:01:09,2014-11-01 06:58:07,278,NA,NA,NA,1671.881643,1671.881643,FALSE,27347.94508,6,2015-02-01 01:23:31,25676.063437,7957342,0.00322671357307503,FALSE
"349","A69-1601-19255",349,"PTN-Silver-eel-Mondego","R1","VR2W-125699",40.283,-8.266,2014-11-01 08:35:01,2014-11-01 18:54:58,553,NA,NA,NA,1671.881643,1671.881643,FALSE,27347.94508,6,2015-02-01 01:23:31,25676.063437,7922910,0.00324073647649664,FALSE
"350","A69-1601-19255",350,"PTN-Silver-eel-Mondego","R3","VR2W-125707",40.214,-8.438,2015-02-01 01:23:31,2015-02-01 01:41:24,7,7885713,25676.063437,0.003256,27347.94508,27347.94508,TRUE,71444.322117,7,2015-02-01 15:03:34,44096.377037,49203,0.896213178810235,TRUE
"351","A69-1601-19255",351,"PTN-Silver-eel-Mondego","R5","VR2W-125701",40.145,-8.836,2015-02-01 15:03:34,2015-02-01 15:20:34,10,48130,44096.377036,0.916193,71444.322116,71444.322117,NA,NA,NA,NA,NA,NA,NA,TRUE
"352","A69-1601-19255",352,"PTN-Silver-eel-Mondego","R8","VR2W-125704",40.145372,-8.873039,2015-02-01 16:10:46,2015-02-01 16:12:03,3,3012,3363.485949,1.116695,74807.808065,74807.808066,NA,NA,NA,NA,NA,NA,NA,TRUE
"353","A69-1601-19256",353,"PTN-Silver-eel-Mondego","rel_mondego","none",40.295,-8.257,2014-10-26 17:00:00,2014-10-26 17:00:00,1,NA,NA,NA,0,0,NA,NA,NA,NA,NA,NA,NA,FALSE
"354","A69-1601-19256",354,"PTN-Silver-eel-Mondego","R1","VR2W-125699",40.283,-8.266,2014-10-27 02:08:23,2014-10-27 02:46:57,33,32903,1671.881643,0.050812,1671.881643,1671.881643,FALSE,NA,NA,NA,NA,NA,NA,FALSE
"355","A69-1601-19256",355,"PTN-Silver-eel-Mondego","R1","VR2W-125699",40.283,-8.266,2014-10-28 00:18:37,2014-10-28 02:20:45,88,NA,NA,NA,1671.881643,1671.881643,FALSE,NA,NA,NA,NA,NA,NA,FALSE
"356","A69-1601-19256",356,"PTN-Silver-eel-Mondego","R1","VR2W-125699",40.283,-8.266,2014-10-28 04:03:59,2014-10-28 04:59:14,11,NA,NA,NA,1671.881643,1671.881643,FALSE,NA,NA,NA,NA,NA,NA,FALSE
"357","A69-1601-19256",357,"PTN-Silver-eel-Mondego","R1","VR2W-125699",40.283,-8.266,2014-10-28 15:35:27,2014-10-28 16:05:25,17,NA,NA,NA,1671.881643,1671.881643,FALSE,NA,NA,NA,NA,NA,NA,FALSE
"358","A69-1601-19256",358,"PTN-Silver-eel-Mondego","R1","VR2W-125699",40.283,-8.266,2014-10-28 18:35:50,2014-10-28 21:17:48,84,NA,NA,NA,1671.881643,1671.881643,FALSE,NA,NA,NA,NA,NA,NA,FALSE
"359","A69-1601-19256",359,"PTN-Silver-eel-Mondego","R1","VR2W-125699",40.283,-8.266,2014-10-28 23:14:43,2014-10-28 23:22:08,4,NA,NA,NA,1671.881643,1671.881643,FALSE,NA,NA,NA,NA,NA,NA,FALSE
"360","A69-1601-19256",360,"PTN-Silver-eel-Mondego","R1","VR2W-125699",40.283,-8.266,2014-10-29 02:19:30,2014-10-29 02:24:07,3,NA,NA,NA,1671.881643,1671.881643,FALSE,NA,NA,NA,NA,NA,NA,FALSE
"361","A69-1601-19256",361,"PTN-Silver-eel-Mondego","R1","VR2W-125699",40.283,-8.266,2014-10-29 09:12:09,2014-10-29 09:17:58,3,NA,NA,NA,1671.881643,1671.881643,FALSE,NA,NA,NA,NA,NA,NA,FALSE
"362","A69-1601-19256",362,"PTN-Silver-eel-Mondego","R1","VR2W-125699",40.283,-8.266,2014-10-30 15:40:50,2014-10-30 15:47:27,7,NA,NA,NA,1671.881643,1671.881643,FALSE,NA,NA,NA,NA,NA,NA,FALSE
"363","A69-1601-19256",363,"PTN-Silver-eel-Mondego","R1","VR2W-125699",40.283,-8.266,2014-10-30 20:34:07,2014-10-31 00:52:40,43,NA,NA,NA,1671.881643,1671.881643,FALSE,NA,NA,NA,NA,NA,NA,FALSE
"364","A69-1601-19256",364,"PTN-Silver-eel-Mondego","R1","VR2W-125699",40.283,-8.266,2014-10-31 02:56:18,2014-10-31 06:47:46,123,NA,NA,NA,1671.881643,1671.881643,FALSE,NA,NA,NA,NA,NA,NA,FALSE
"365","A69-1601-19256",365,"PTN-Silver-eel-Mondego","R1","VR2W-125699",40.283,-8.266,2014-10-31 21:07:37,2014-10-31 21:32:53,3,NA,NA,NA,1671.881643,1671.881643,FALSE,NA,NA,NA,NA,NA,NA,FALSE
"366","A69-1601-19256",366,"PTN-Silver-eel-Mondego","R1","VR2W-125699",40.283,-8.266,2014-10-31 22:51:01,2014-11-01 06:55:35,101,NA,NA,NA,1671.881643,1671.881643,FALSE,NA,NA,NA,NA,NA,NA,FALSE
"367","A69-1601-19256",367,"PTN-Silver-eel-Mondego","R1","VR2W-125699",40.283,-8.266,2014-11-01 18:00:48,2014-11-01 18:07:48,3,NA,NA,NA,1671.881643,1671.881643,NA,NA,NA,NA,NA,NA,NA,FALSE
"368","A69-1601-19257",368,"PTN-Silver-eel-Mondego","rel_mondego","none",40.295,-8.257,2014-10-26 17:00:00,2014-10-26 17:00:00,1,NA,NA,NA,0,0,TRUE,27347.94508,3,2014-11-03 01:31:58,27347.94508,635518,0.0430325263485849,TRUE
"369","A69-1601-19257",369,"PTN-Silver-eel-Mondego","R1","VR2W-125699",40.283,-8.266,2014-10-27 00:09:06,2014-10-28 00:31:08,913,25746,1671.881643,0.064938,1671.881643,1671.881643,TRUE,27347.94508,3,2014-11-03 01:31:58,25676.063437,609772,0.0421076458692757,TRUE
"370","A69-1601-19257",370,"PTN-Silver-eel-Mondego","R3","VR2W-125707",40.214,-8.438,2014-11-03 01:31:58,2014-11-03 06:15:34,127,522050,25676.063437,0.049183,27347.94508,27347.94508,FALSE,71785.528919,8,2014-11-15 13:07:00,44437.583839,1078502,0.041203061133869,TRUE
"371","A69-1601-19257",371,"PTN-Silver-eel-Mondego","R3","VR2W-125707",40.214,-8.438,2014-11-03 19:32:11,2014-11-03 19:38:29,3,NA,NA,NA,27347.94508,27347.94508,FALSE,71785.528919,8,2014-11-15 13:07:00,44437.583839,1013689,0.0438374924054616,TRUE
"372","A69-1601-19257",372,"PTN-Silver-eel-Mondego","R3","VR2W-125707",40.214,-8.438,2014-11-05 05:14:59,2014-11-05 07:09:45,29,NA,NA,NA,27347.94508,27347.94508,FALSE,71785.528919,8,2014-11-15 13:07:00,44437.583839,892321,0.0497999978023604,TRUE
"373","A69-1601-19257",373,"PTN-Silver-eel-Mondego","R3","VR2W-125707",40.214,-8.438,2014-11-06 04:50:13,2014-11-06 04:50:13,1,NA,NA,NA,27347.94508,27347.94508,FALSE,71785.528919,8,2014-11-15 13:07:00,44437.583839,807407,0.0550374022506617,TRUE
"374","A69-1601-19257",374,"PTN-Silver-eel-Mondego","R3","VR2W-125707",40.214,-8.438,2014-11-12 19:23:19,2014-11-12 20:45:09,39,NA,NA,NA,27347.94508,27347.94508,TRUE,71785.528919,8,2014-11-15 13:07:00,44437.583839,236621,0.187800676351634,TRUE
"375","A69-1601-19257",375,"PTN-Silver-eel-Mondego","R6","VR2W-125702",40.146,-8.839,2014-11-15 13:07:00,2014-11-15 13:44:34,6,231711,44437.583839,0.19178,71785.528919,71785.528919,FALSE,NA,NA,NA,NA,NA,NA,TRUE
"376","A69-1601-19257",376,"PTN-Silver-eel-Mondego","R7","VR2W-125708",40.145,-8.842,2014-11-15 14:48:31,2014-11-15 18:26:14,167,3837,199.865874,0.052089,71985.394793,71985.394793,FALSE,NA,NA,NA,NA,NA,NA,TRUE
"377","A69-1601-19257",377,"PTN-Silver-eel-Mondego","R5","VR2W-125701",40.145,-8.836,2015-01-19 17:19:17,2015-01-19 17:40:06,15,5611983,541.072677,9.6e-05,72526.46747,71444.322117,NA,NA,NA,NA,NA,NA,NA,FALSE
