"","acoustic_tag_id","row_id","animal_project_code","station_name","receiver_id","deploy_latitude","deploy_longitude","arrival","departure","detections","swimtime_s","swimdistance_m","speed_m_s","totaldistance_m","distance_to_source_m","downstream_migration","first_dist_to_use","first_dist_to_use_idx","time_first_dist_to_use","delta_totdist","delta_t","migration_speed","has_migration_started"
"1","A69-1105-234",1,"EMMN","rel_emmn1","none",69.95785,23.344467,2007-10-03,2007-10-03,1,NA,NA,NA,0,0,TRUE,8836.352958,3,2007-10-05 03:32:38,8836.352958,185558,0.0476204365104172,TRUE
"2","A69-1105-234",2,"EMMN","59","VR2-6743",69.972376,23.398833,2007-10-03 20:20:40,2007-10-03 20:43:21,3,73240,2840.740721,0.038787,2840.740721,2840.740721,TRUE,8836.352958,3,2007-10-05 03:32:38,5995.612237,112318,0.0533806890881248,TRUE
"3","A69-1105-234",3,"EMMN","45","VR2W-100568",70.021667,23.343333,2007-10-05 03:32:38,2007-10-05 04:18:33,2,110957,6078.42659,0.054782,8919.167311,8836.352958,FALSE,36046.391003,5,2007-10-06 17:04:34,27210.038045,135116,0.201382797337103,TRUE
"4","A69-1105-234",4,"EMMN","45","VR2W-100568",70.021667,23.343333,2007-10-05 17:28:09,2007-10-05 18:02:32,34,NA,NA,NA,8919.167311,8836.352958,TRUE,36046.391003,5,2007-10-06 17:04:34,27210.038045,84985,0.320174596046361,TRUE
"5","A69-1105-234",5,"EMMN","21","VR2W-100543",70.215,23.173167,2007-10-06 17:04:34,2007-10-06 17:14:25,11,82922,27385.8931,0.330261,36305.060411,36046.391003,NA,NA,NA,NA,NA,NA,NA,TRUE
"6","A69-1105-236",6,"EMMN","rel_emmn1","none",69.95785,23.344467,2007-10-03,2007-10-03,1,NA,NA,NA,0,0,TRUE,8511.573024,3,2007-10-04 00:07:24,8511.573024,86844,0.0980099146054995,TRUE
"7","A69-1105-236",7,"EMMN","59","VR2-6743",69.972376,23.398833,2007-10-03 21:03:30,2007-10-03 21:32:23,24,75810,2840.740721,0.037472,2840.740721,2840.740721,TRUE,8511.573024,3,2007-10-04 00:07:24,5670.832303,11034,0.513941662407105,TRUE
"8","A69-1105-236",8,"EMMN","43","VR2W-100566",70.0165,23.337333,2007-10-04 00:07:24,2007-10-04 00:11:29,4,9301,5753.646656,0.618605,8594.387377,8511.573024,NA,NA,NA,NA,NA,NA,NA,TRUE
"9","A69-1105-237",9,"EMMN","rel_emmn1","none",69.95785,23.344467,2007-10-03,2007-10-03,1,NA,NA,NA,0,0,NA,NA,NA,NA,NA,NA,NA,FALSE
"10","A69-1105-237",10,"EMMN","59","VR2-6743",69.972376,23.398833,2007-10-13 19:12:18,2007-10-13 19:16:07,6,933138,2840.740721,0.003044,2840.740721,2840.740721,NA,NA,NA,NA,NA,NA,NA,FALSE
"11","A69-1105-238",11,"EMMN","rel_emmn1","none",69.95785,23.344467,2007-10-03,2007-10-03,1,NA,NA,NA,0,0,TRUE,8511.573024,3,2007-10-07 02:47:54,8511.573024,355674,0.0239308271731979,TRUE
"12","A69-1105-238",12,"EMMN","59","VR2-6743",69.972376,23.398833,2007-10-07 00:46:55,2007-10-07 00:47:48,3,348415,2840.740721,0.008153,2840.740721,2840.740721,TRUE,8511.573024,3,2007-10-07 02:47:54,5670.832303,7259,0.781213983055517,TRUE
"13","A69-1105-238",13,"EMMN","43","VR2W-100566",70.0165,23.337333,2007-10-07 02:47:54,2007-10-07 02:52:24,7,7206,5753.646656,0.798452,8594.387377,8511.573024,TRUE,23425.738317,4,2007-10-08 00:39:36,14914.165293,78702,0.189501731760311,TRUE
"14","A69-1105-238",14,"EMMN","27","VR2W-100548",70.0845,23.032167,2007-10-08 00:39:36,2007-10-08 01:18:47,38,78432,14914.165294,0.190154,23508.552671,23425.738317,TRUE,34125.977805,5,2007-10-09 05:46:40,10700.239488,104824,0.102078145157598,TRUE
"15","A69-1105-238",15,"EMMN","3","VR2-4880",70.195333,22.987167,2007-10-09 05:46:40,2007-10-09 06:22:47,11,102473,13572.538722,0.13245,37081.091393,34125.977805,NA,NA,NA,NA,NA,NA,NA,TRUE
"16","A69-1105-238",16,"EMMN","8","VR2-6052",70.201,23.038667,2007-10-09 14:18:53,2007-10-09 14:26:48,7,28566,2198.334795,0.076956,39279.426188,34623.376838,NA,NA,NA,NA,NA,NA,NA,TRUE
"17","A69-1105-239",17,"EMMN","rel_emmn1","none",69.95785,23.344467,2007-10-03,2007-10-03,1,NA,NA,NA,0,0,TRUE,8106.290122,4,2007-10-11 01:14:44,8106.290122,695684,0.0116522589595276,TRUE
"18","A69-1105-239",18,"EMMN","59","VR2-6743",69.972376,23.398833,2007-10-09 02:11:14,2007-10-09 02:34:48,24,526274,2840.740721,0.005398,2840.740721,2840.740721,FALSE,8106.290122,4,2007-10-11 01:14:44,5265.549401,169410,0.0310816917596364,TRUE
"19","A69-1105-239",19,"EMMN","59","VR2-6743",69.972376,23.398833,2007-10-09 12:16:01,2007-10-09 12:16:01,1,NA,NA,NA,2840.740721,2840.740721,TRUE,8106.290122,4,2007-10-11 01:14:44,5265.549401,133123,0.039554016969269,TRUE
"20","A69-1105-239",20,"EMMN","39","VR2W-100561",70.003333,23.315,2007-10-11 01:14:44,2007-10-11 01:39:38,17,133123,5348.363755,0.040176,8189.104476,8106.290122,TRUE,35196.774513,5,2007-10-16 17:46:08,27090.484391,491484,0.0551197686821951,TRUE
"21","A69-1105-239",21,"EMMN","14","VR2-6561",70.206667,23.100167,2007-10-16 17:46:08,2007-10-16 18:01:32,19,489990,27090.484391,0.055288,35279.588867,35196.774513,NA,NA,NA,NA,NA,NA,NA,TRUE
"22","A69-1105-240",22,"EMMN","rel_emmn1","none",69.95785,23.344467,2007-10-03,2007-10-03,1,NA,NA,NA,0,0,FALSE,8272.25706,3,2007-10-18 17:33:15,8272.25706,1359195,0.0060861444163641,FALSE
"23","A69-1105-240",23,"EMMN","59","VR2-6743",69.972376,23.398833,2007-10-17 21:07:06,2007-10-17 21:12:23,9,1285626,2840.740721,0.00221,2840.740721,2840.740721,TRUE,8272.25706,3,2007-10-18 17:33:15,5431.516339,73569,0.0738288727453139,TRUE
"24","A69-1105-240",24,"EMMN","40","VR2W-100562",70.006333,23.319167,2007-10-18 17:33:15,2007-10-18 17:46:53,14,73252,5514.330693,0.075279,8355.071414,8272.25706,TRUE,23425.738317,4,2007-10-20 16:51:09,15153.481257,170274,0.0889946865463899,TRUE
"25","A69-1105-240",25,"EMMN","27","VR2W-100548",70.0845,23.032167,2007-10-20 16:51:09,2007-10-20 17:24:13,14,169456,15153.481257,0.089424,23508.552671,23425.738317,FALSE,NA,NA,NA,NA,NA,NA,TRUE
"26","A69-1105-240",26,"EMMN","29","VR2W-100551",70.084833,23.0635,2007-10-20 18:13:07,2007-10-20 18:23:58,6,2934,1266.247749,0.431577,24774.80042,22491.424444,FALSE,NA,NA,NA,NA,NA,NA,TRUE
"27","A69-1105-240",27,"EMMN","29","VR2W-100551",70.084833,23.0635,2007-10-20 19:53:02,2007-10-20 20:50:15,23,NA,NA,NA,24774.80042,22491.424444,NA,NA,NA,NA,NA,NA,NA,TRUE
"28","A69-1105-244",28,"EMMN","rel_emmn1","none",69.95785,23.344467,2007-10-03,2007-10-03,1,NA,NA,NA,0,0,NA,NA,NA,NA,NA,NA,NA,FALSE
"29","A69-1105-244",29,"EMMN","59","VR2-6743",69.972376,23.398833,2007-10-09 18:23:59,2007-10-09 19:12:55,20,584639,2840.740721,0.004859,2840.740721,2840.740721,NA,NA,NA,NA,NA,NA,NA,FALSE
"30","A69-1105-245",30,"EMMN","rel_emmn1","none",69.95785,23.344467,2007-10-03,2007-10-03,1,NA,NA,NA,0,0,FALSE,8040.348712,3,2007-10-19 02:14:42,8040.348712,1390482,0.00578241840742994,FALSE
"31","A69-1105-245",31,"EMMN","59","VR2-6743",69.972376,23.398833,2007-10-17 22:35:22,2007-10-17 22:40:56,4,1290922,2840.740721,0.002201,2840.740721,2840.740721,TRUE,8040.348712,3,2007-10-19 02:14:42,5199.607991,99560,0.0522258737545199,TRUE
"32","A69-1105-245",32,"EMMN","38","VR2W-100560",70.000167,23.310167,2007-10-19 02:14:42,2007-10-19 02:33:23,6,99226,5282.422345,0.053236,8123.163066,8040.348712,NA,NA,NA,NA,NA,NA,NA,TRUE
"33","A69-1105-245",33,"EMMN","42","VR2W-100564",70.012667,23.3305,2007-10-19 15:29:04,2007-10-19 15:29:04,1,46541,1725.982909,0.037085,9849.145975,8404.13988,FALSE,NA,NA,NA,NA,NA,NA,TRUE
"34","A69-1105-245",34,"EMMN","42","VR2W-100564",70.012667,23.3305,2007-10-19 20:51:06,2007-10-19 21:16:17,30,NA,NA,NA,9849.145975,8404.13988,NA,NA,NA,NA,NA,NA,NA,TRUE
"35","A69-1105-246",35,"EMMN","rel_emmn1","none",69.95785,23.344467,2007-10-03,2007-10-03,1,NA,NA,NA,0,0,TRUE,8272.25706,3,2007-10-04 03:52:24,8272.25706,100344,0.0824389805070557,TRUE
"36","A69-1105-246",36,"EMMN","59","VR2-6743",69.972376,23.398833,2007-10-03 18:21:16,2007-10-03 18:43:47,28,66076,2840.740721,0.042992,2840.740721,2840.740721,TRUE,8272.25706,3,2007-10-04 03:52:24,5431.516339,34268,0.158501118798879,TRUE
"37","A69-1105-246",37,"EMMN","40","VR2W-100562",70.006333,23.319167,2007-10-04 03:52:24,2007-10-04 04:02:49,12,32917,5514.330693,0.167522,8355.071414,8272.25706,FALSE,NA,NA,NA,NA,NA,NA,TRUE
"38","A69-1105-246",38,"EMMN","40","VR2W-100562",70.006333,23.319167,2007-10-04 10:21:53,2007-10-04 10:21:53,1,NA,NA,NA,8355.071414,8272.25706,FALSE,NA,NA,NA,NA,NA,NA,TRUE
"39","A69-1105-246",39,"EMMN","40","VR2W-100562",70.006333,23.319167,2007-10-05 05:15:30,2007-10-05 05:36:01,7,NA,NA,NA,8355.071414,8272.25706,NA,NA,NA,NA,NA,NA,NA,TRUE
"40","A69-1105-246",40,"EMMN","44","VR2W-100567",70.019167,23.339667,2007-10-05 06:50:59,2007-10-05 07:21:29,12,4498,1725.982909,0.383722,10081.054323,8636.048227,NA,NA,NA,NA,NA,NA,NA,TRUE
"41","A69-1105-249",41,"EMMN","rel_emmn1","none",69.95785,23.344467,2007-10-03,2007-10-03,1,NA,NA,NA,0,0,TRUE,8040.348712,3,2007-10-03 20:18:52,8040.348712,73132,0.109942962205327,TRUE
"42","A69-1105-249",42,"EMMN","59","VR2-6743",69.972376,23.398833,2007-10-03 17:20:41,2007-10-03 17:52:52,14,62441,2840.740721,0.045495,2840.740721,2840.740721,TRUE,8040.348712,3,2007-10-03 20:18:52,5199.607991,10691,0.486353754653447,TRUE
"43","A69-1105-249",43,"EMMN","38","VR2W-100560",70.000167,23.310167,2007-10-03 20:18:52,2007-10-03 20:22:45,2,8760,5282.422345,0.603016,8123.163066,8040.348712,TRUE,20564.262904,6,2007-10-09 23:21:10,12523.914192,529338,0.0236595789306643,TRUE
"44","A69-1105-249",44,"EMMN","36","VR2W-100558",69.993667,23.300167,2007-10-09 02:59:40,2007-10-09 03:04:24,7,455815,842.287866,0.001848,8965.450932,8223.35771,TRUE,20564.262904,6,2007-10-09 23:21:10,12340.905194,73290,0.168384570800928,TRUE
"45","A69-1105-249",45,"EMMN","43","VR2W-100566",70.0165,23.337333,2007-10-09 18:00:43,2007-10-09 18:05:45,5,53779,3110.228383,0.057834,12075.679315,8511.573024,TRUE,20564.262904,6,2007-10-09 23:21:10,12052.68988,19227,0.626862738856816,TRUE
"46","A69-1105-249",46,"EMMN","35","VR2W-100557",70.085333,23.126467,2007-10-09 23:21:10,2007-10-09 23:31:37,13,18925,12052.68988,0.636866,24128.369195,20564.262904,TRUE,34910.075675,7,2007-10-10 19:05:48,14345.812771,71078,0.201831970103267,TRUE
"47","A69-1105-249",47,"EMMN","11","VR2-6059",70.203667,23.070167,2007-10-10 19:05:48,2007-10-10 19:57:15,37,70451,14463.049475,0.205292,38591.41867,34910.075675,NA,NA,NA,NA,NA,NA,NA,TRUE
"48","A69-1105-250",48,"EMMN","rel_emmn1","none",69.95785,23.344467,2007-10-03,2007-10-03,1,NA,NA,NA,0,0,TRUE,8272.25706,3,2007-10-04 23:45:40,8272.25706,171940,0.0481113008026056,TRUE
"49","A69-1105-250",49,"EMMN","59","VR2-6743",69.972376,23.398833,2007-10-04 19:23:40,2007-10-04 19:59:49,29,156220,2840.740721,0.018184,2840.740721,2840.740721,TRUE,8272.25706,3,2007-10-04 23:45:40,5431.516339,15720,0.345516306552163,TRUE
"50","A69-1105-250",50,"EMMN","40","VR2W-100562",70.006333,23.319167,2007-10-04 23:45:40,2007-10-04 23:45:40,1,13551,5514.330693,0.406932,8355.071414,8272.25706,FALSE,NA,NA,NA,NA,NA,NA,TRUE
"51","A69-1105-250",51,"EMMN","40","VR2W-100562",70.006333,23.319167,2007-10-05 05:26:23,2007-10-05 06:23:35,47,NA,NA,NA,8355.071414,8272.25706,NA,NA,NA,NA,NA,NA,NA,TRUE
"52","A69-1105-250",52,"EMMN","43","VR2W-100566",70.0165,23.337333,2007-10-05 06:24:11,2007-10-05 12:08:32,295,36,1425.652651,39.601463,9780.724065,8511.573024,FALSE,NA,NA,NA,NA,NA,NA,TRUE
"53","A69-1105-250",53,"EMMN","43","VR2W-100566",70.0165,23.337333,2007-10-05 15:31:32,2007-10-05 15:34:20,2,NA,NA,NA,9780.724065,8511.573024,NA,NA,NA,NA,NA,NA,NA,TRUE
"54","A69-1105-252",54,"EMMN","rel_emmn1","none",69.95785,23.344467,2007-10-03,2007-10-03,1,NA,NA,NA,0,0,TRUE,8106.290122,3,2007-10-04 21:17:43,8106.290122,163063,0.0497126271563751,TRUE
"55","A69-1105-252",55,"EMMN","59","VR2-6743",69.972376,23.398833,2007-10-03 22:22:39,2007-10-03 23:23:12,33,80559,2840.740721,0.035263,2840.740721,2840.740721,TRUE,8106.290122,3,2007-10-04 21:17:43,5265.549401,82504,0.063821746836517,TRUE
"56","A69-1105-252",56,"EMMN","39","VR2W-100561",70.003333,23.315,2007-10-04 21:17:43,2007-10-04 21:35:50,29,78871,5348.363755,0.067812,8189.104476,8106.290122,TRUE,21815.695421,4,2007-10-05 19:02:01,13709.405299,78258,0.175182157721894,TRUE
"57","A69-1105-252",57,"EMMN","31","VR2W-100553",70.084833,23.084667,2007-10-05 19:02:01,2007-10-05 19:56:35,84,77171,13709.405299,0.17765,21898.509775,21815.695421,NA,NA,NA,NA,NA,NA,NA,TRUE
"58","A69-1105-252",58,"EMMN","28","VR2W-100550",70.085,23.0525,2007-10-05 19:56:41,2007-10-05 20:53:09,26,6,1366.273278,227.712213,23264.783053,22850.034823,NA,NA,NA,NA,NA,NA,NA,TRUE
"59","A69-1105-252",59,"EMMN","25","VR2W-100547",70.085,23.021833,2007-10-05 20:55:02,2007-10-05 23:49:36,224,113,1266.247749,11.205732,24531.030802,23784.348696,NA,NA,NA,NA,NA,NA,NA,TRUE
"60","A69-1105-252",60,"EMMN","24","VR2W-100546",70.085167,23.010833,2007-10-08 01:27:18,2007-10-08 03:12:10,66,178662,441.593848,0.002472,24972.62465,24142.959075,FALSE,NA,NA,NA,NA,NA,NA,TRUE
"61","A69-1105-252",61,"EMMN","26","VR2-5352",70.085,23.0425,2007-10-08 03:12:18,2007-10-08 03:38:59,46,8,1266.247749,158.280969,26238.872399,23208.645201,NA,NA,NA,NA,NA,NA,NA,TRUE
"62","A69-1105-253",62,"EMMN","rel_emmn1","none",69.95785,23.344467,2007-10-03,2007-10-03,1,NA,NA,NA,0,0,FALSE,8404.13988,3,2007-10-19 01:29:26,8404.13988,1387766,0.00605587676885008,FALSE
"63","A69-1105-253",63,"EMMN","59","VR2-6743",69.972376,23.398833,2007-10-17 22:00:09,2007-10-17 22:12:47,8,1288809,2840.740721,0.002204,2840.740721,2840.740721,TRUE,8404.13988,3,2007-10-19 01:29:26,5563.399159,98957,0.0562203700496175,TRUE
"64","A69-1105-253",64,"EMMN","42","VR2W-100564",70.012667,23.3305,2007-10-19 01:29:26,2007-10-19 01:56:32,16,98199,5646.213512,0.057498,8486.954233,8404.13988,TRUE,22491.424444,4,2007-10-20 00:33:02,14087.284564,83016,0.169693608027368,TRUE
"65","A69-1105-253",65,"EMMN","29","VR2W-100551",70.084833,23.0635,2007-10-20 00:33:02,2007-10-20 01:36:17,14,81390,14087.284565,0.173084,22574.238798,22491.424444,TRUE,35196.774513,7,2007-10-21 00:45:26,12705.350069,87144,0.145797187058202,TRUE
"66","A69-1105-253",66,"EMMN","27","VR2W-100548",70.0845,23.032167,2007-10-20 01:36:42,2007-10-20 03:03:28,92,25,1266.247749,50.64991,23840.486547,23425.738317,FALSE,NA,NA,NA,NA,NA,NA,TRUE
"67","A69-1105-253",67,"EMMN","28","VR2W-100550",70.085,23.0525,2007-10-20 17:35:31,2007-10-20 17:53:48,9,52323,824.653902,0.015761,24665.140449,22850.034823,TRUE,35196.774513,7,2007-10-21 00:45:26,12346.73969,25795,0.478648563287459,TRUE
"68","A69-1105-253",68,"EMMN","14","VR2-6561",70.206667,23.100167,2007-10-21 00:45:26,2007-10-21 01:00:29,15,24698,14632.855407,0.592471,39297.995856,35196.774513,NA,NA,NA,NA,NA,NA,NA,TRUE
"69","A69-1105-253",69,"EMMN","17","VR2-6771",70.209833,23.131167,2007-10-21 03:05:30,2007-10-21 03:18:30,13,7501,1290.697425,0.17207,40588.693281,35483.47335,NA,NA,NA,NA,NA,NA,NA,TRUE
"70","A69-1105-253",70,"EMMN","20","VR2W-100542",70.213167,23.161,2007-10-21 03:35:57,2007-10-21 03:52:33,7,1047,1232.163631,1.176852,41820.856912,35911.689451,FALSE,NA,NA,NA,NA,NA,NA,TRUE
"71","A69-1105-253",71,"EMMN","3","VR2-4880",70.195333,22.987167,2007-10-22 15:39:17,2007-10-22 15:46:13,3,128804,7302.5907,0.056695,49123.447612,34125.977805,NA,NA,NA,NA,NA,NA,NA,TRUE
"72","A69-1105-254",72,"EMMN","rel_emmn1","none",69.95785,23.344467,2007-10-03,2007-10-03,1,NA,NA,NA,0,0,NA,NA,NA,NA,NA,NA,NA,FALSE
"73","A69-1105-254",73,"EMMN","59","VR2-6743",69.972376,23.398833,2007-10-08 18:15:03,2007-10-08 18:19:02,5,497703,2840.740721,0.005708,2840.740721,2840.740721,NA,NA,NA,NA,NA,NA,NA,FALSE
"74","A69-1105-255",74,"EMMN","rel_emmn1","none",69.95785,23.344467,2007-10-03,2007-10-03,1,NA,NA,NA,0,0,FALSE,8404.13988,4,2007-10-19 14:36:16,8404.13988,1434976,0.00585664142118056,FALSE
"75","A69-1105-255",75,"EMMN","59","VR2-6743",69.972376,23.398833,2007-10-17 23:53:21,2007-10-18 03:02:55,63,1295601,2840.740721,0.002193,2840.740721,2840.740721,FALSE,8404.13988,4,2007-10-19 14:36:16,5563.399159,139375,0.0399167652663677,FALSE
"76","A69-1105-255",76,"EMMN","59","VR2-6743",69.972376,23.398833,2007-10-18 17:38:09,2007-10-18 17:38:55,2,NA,NA,NA,2840.740721,2840.740721,TRUE,8404.13988,4,2007-10-19 14:36:16,5563.399159,75487,0.0737000961622531,TRUE
"77","A69-1105-255",77,"EMMN","42","VR2W-100564",70.012667,23.3305,2007-10-19 14:36:16,2007-10-19 15:18:33,37,75441,5646.213512,0.074843,8486.954233,8404.13988,FALSE,NA,NA,NA,NA,NA,NA,TRUE
"78","A69-1105-255",78,"EMMN","39","VR2W-100561",70.003333,23.315,2007-10-19 15:18:36,2007-10-19 16:02:28,39,3,1284.135388,428.045129,9771.089621,8106.290122,TRUE,23784.348696,6,2007-10-20 01:55:11,15678.058574,38195,0.410474108495876,TRUE
"79","A69-1105-255",79,"EMMN","25","VR2W-100547",70.085,23.021833,2007-10-20 01:55:11,2007-10-20 01:59:59,3,35563,15678.058574,0.440853,25449.148195,23784.348696,TRUE,35086.184404,7,2007-10-20 22:05:01,11301.835708,72590,0.155694113624466,TRUE
"80","A69-1105-255",80,"EMMN","12","VR2-6481",70.204833,23.080333,2007-10-20 22:05:01,2007-10-20 22:21:09,20,72302,14467.2267,0.200094,39916.374895,35086.184404,NA,NA,NA,NA,NA,NA,NA,TRUE
"81","A69-1105-256",81,"EMMN","rel_emmn1","none",69.95785,23.344467,2007-10-03,2007-10-03,1,NA,NA,NA,0,0,TRUE,8636.048227,3,2007-10-03 20:54:06,8636.048227,75246,0.114770861268373,TRUE
"82","A69-1105-256",82,"EMMN","59","VR2-6743",69.972376,23.398833,2007-10-03 17:23:58,2007-10-03 17:43:02,18,62638,2840.740721,0.045352,2840.740721,2840.740721,TRUE,8636.048227,3,2007-10-03 20:54:06,5795.307506,12608,0.459653196859137,TRUE
"83","A69-1105-256",83,"EMMN","44","VR2W-100567",70.019167,23.339667,2007-10-03 20:54:06,2007-10-03 21:17:36,42,11464,5878.12186,0.512746,8718.862581,8636.048227,TRUE,22491.424444,4,2007-10-04 06:47:01,13855.376217,35575,0.389469464989459,TRUE
"84","A69-1105-256",84,"EMMN","29","VR2W-100551",70.084833,23.0635,2007-10-04 06:47:01,2007-10-04 07:06:19,13,34165,13855.376217,0.405543,22574.238798,22491.424444,TRUE,35120.77587,5,2007-10-04 20:48:28,12629.351426,50487,0.250150562045675,TRUE
"85","A69-1105-256",85,"EMMN","13","VR2-6560",70.205667,23.090167,2007-10-04 20:48:28,2007-10-04 21:32:50,11,49329,14622.375384,0.296426,37196.614182,35120.77587,FALSE,NA,NA,NA,NA,NA,NA,TRUE
"86","A69-1105-256",86,"EMMN","10","VR2-6058",70.202833,23.060167,2007-10-04 21:33:52,2007-10-04 22:28:15,9,62,1290.697425,20.8177,38487.311607,34834.077033,FALSE,NA,NA,NA,NA,NA,NA,TRUE
"87","A69-1105-256",87,"EMMN","7","VR2-6050",70.199667,23.028833,2007-10-04 22:49:23,2007-10-04 23:40:37,5,1268,1290.697425,1.0179,39778.009032,34547.378195,NA,NA,NA,NA,NA,NA,NA,TRUE
"88","A69-1206-372",88,"EMMN","rel_emmn1","none",69.95785,23.344467,2007-10-03,2007-10-03,1,NA,NA,NA,0,0,FALSE,8836.352958,3,2007-10-18 03:25:01,8836.352958,1308301,0.00675406726586619,FALSE
"89","A69-1206-372",89,"EMMN","59","VR2-6743",69.972376,23.398833,2007-10-17 23:19:06,2007-10-17 23:30:47,10,1293546,2840.740721,0.002196,2840.740721,2840.740721,TRUE,8836.352958,3,2007-10-18 03:25:01,5995.612237,14755,0.406344441680786,TRUE
"90","A69-1206-372",90,"EMMN","45","VR2W-100568",70.021667,23.343333,2007-10-18 03:25:01,2007-10-18 04:01:59,64,14054,6078.42659,0.432505,8919.167311,8836.352958,TRUE,22850.034823,4,2007-10-19 18:31:09,14013.681865,140768,0.0995516158857127,TRUE
"91","A69-1206-372",91,"EMMN","28","VR2W-100550",70.085,23.0525,2007-10-19 18:31:09,2007-10-19 20:48:47,123,138550,14189.53692,0.102415,23108.704231,22850.034823,TRUE,36046.391003,5,2007-10-21 17:58:54,13196.35618,170865,0.0772326467093904,TRUE
"92","A69-1206-372",92,"EMMN","21","VR2W-100543",70.215,23.173167,2007-10-21 17:58:54,2007-10-21 18:10:48,8,162607,15482.471897,0.095214,38591.176128,36046.391003,NA,NA,NA,NA,NA,NA,NA,TRUE
"93","A69-1206-373",93,"EMMN","rel_emmn1","none",69.95785,23.344467,2007-10-03,2007-10-03,1,NA,NA,NA,0,0,TRUE,8836.352958,3,2007-10-03 22:09:18,8836.352958,79758,0.110789550364854,TRUE
"94","A69-1206-373",94,"EMMN","59","VR2-6743",69.972376,23.398833,2007-10-03 18:44:01,2007-10-03 19:02:48,12,67441,2840.740721,0.042122,2840.740721,2840.740721,TRUE,8836.352958,3,2007-10-03 22:09:18,5995.612237,12317,0.486775370382398,TRUE
"95","A69-1206-373",95,"EMMN","45","VR2W-100568",70.021667,23.343333,2007-10-03 22:09:18,2007-10-03 22:28:58,20,11190,6078.42659,0.543202,8919.167311,8836.352958,FALSE,NA,NA,NA,NA,NA,NA,TRUE
"96","A69-1206-373",96,"EMMN","42","VR2W-100564",70.012667,23.3305,2007-10-03 22:29:42,2007-10-03 22:49:58,37,44,1184.025302,26.909666,10103.192613,8404.13988,TRUE,22491.424444,6,2007-10-05 00:56:16,14087.284564,95194,0.147985004979305,TRUE
"97","A69-1206-373",97,"EMMN","44","VR2W-100567",70.019167,23.339667,2007-10-04 00:09:57,2007-10-04 01:41:51,125,4799,842.287866,0.175513,10945.480479,8636.048227,TRUE,22491.424444,6,2007-10-05 00:56:16,13855.376217,89179,0.155365906962401,TRUE
"98","A69-1206-373",98,"EMMN","29","VR2W-100551",70.084833,23.0635,2007-10-05 00:56:16,2007-10-05 01:17:56,28,83665,13855.376217,0.165605,24800.856696,22491.424444,TRUE,34799.485567,7,2007-10-05 15:39:46,12308.061123,53010,0.232183760101868,TRUE
"99","A69-1206-373",99,"EMMN","9","VR2-6056",70.201667,23.049667,2007-10-05 15:39:46,2007-10-05 15:56:45,36,51710,14301.085081,0.276563,39101.941777,34799.485567,NA,NA,NA,NA,NA,NA,NA,TRUE
"100","A69-1206-375",100,"EMMN","rel_emmn1","none",69.95785,23.344467,2007-10-03,2007-10-03,1,NA,NA,NA,0,0,FALSE,8040.348712,3,2007-10-12 20:32:21,8040.348712,851541,0.00944211577833598,FALSE
"101","A69-1206-375",101,"EMMN","59","VR2-6743",69.972376,23.398833,2007-10-12 16:49:46,2007-10-12 17:00:11,12,838186,2840.740721,0.003389,2840.740721,2840.740721,TRUE,8040.348712,3,2007-10-12 20:32:21,5199.607991,13355,0.389337925196556,TRUE
"102","A69-1206-375",102,"EMMN","38","VR2W-100560",70.000167,23.310167,2007-10-12 20:32:21,2007-10-12 20:54:10,14,12730,5282.422345,0.414959,8123.163066,8040.348712,TRUE,34623.376838,4,2007-10-15 04:23:06,26583.028126,201045,0.132224268825387,TRUE
"103","A69-1206-375",103,"EMMN","8","VR2-6052",70.201,23.038667,2007-10-15 04:23:06,2007-10-15 05:06:07,9,199736,26583.028126,0.133091,34706.191192,34623.376838,NA,NA,NA,NA,NA,NA,NA,TRUE
"104","A69-1206-376",104,"EMMN","rel_emmn1","none",69.95785,23.344467,2007-10-03,2007-10-03,1,NA,NA,NA,0,0,TRUE,8223.35771,3,2007-10-10 18:48:51,8223.35771,672531,0.0122274775586553,TRUE
"105","A69-1206-376",105,"EMMN","59","VR2-6743",69.972376,23.398833,2007-10-03 20:19:11,2007-10-03 20:53:07,21,73151,2840.740721,0.038834,2840.740721,2840.740721,FALSE,8223.35771,3,2007-10-10 18:48:51,5382.616989,599380,0.00898030796656545,TRUE
"106","A69-1206-376",106,"EMMN","36","VR2W-100558",69.993667,23.300167,2007-10-10 18:48:51,2007-10-10 18:55:26,5,597344,5465.431342,0.00915,8306.172063,8223.35771,FALSE,34910.075675,6,2007-10-14 18:56:52,26686.717965,346081,0.0771111906316729,TRUE
"107","A69-1206-376",107,"EMMN","36","VR2W-100558",69.993667,23.300167,2007-10-10 20:55:57,2007-10-10 21:13:49,3,NA,NA,NA,8306.172063,8223.35771,TRUE,34910.075675,6,2007-10-14 18:56:52,26686.717965,338455,0.0788486444726773,TRUE
"108","A69-1206-376",108,"EMMN","42","VR2W-100564",70.012667,23.3305,2007-10-11 02:06:02,2007-10-11 02:40:16,12,17533,2568.270775,0.146482,10874.442838,8404.13988,TRUE,34910.075675,6,2007-10-14 18:56:52,26505.935795,319850,0.0828698946224793,TRUE
"109","A69-1206-376",109,"EMMN","11","VR2-6059",70.203667,23.070167,2007-10-14 18:56:52,2007-10-14 19:43:23,4,317796,26505.935796,0.083406,37380.378634,34910.075675,NA,NA,NA,NA,NA,NA,NA,TRUE
"110","A69-1206-376",110,"EMMN","12","VR2-6481",70.204833,23.080333,2007-10-14 20:44:48,2007-10-14 22:00:35,5,3685,424.551788,0.115211,37804.930422,35086.184404,FALSE,NA,NA,NA,NA,NA,NA,TRUE
"111","A69-1206-376",111,"EMMN","12","VR2-6481",70.204833,23.080333,2007-10-14 23:09:03,2007-10-14 23:09:03,1,NA,NA,NA,37804.930422,35086.184404,NA,NA,NA,NA,NA,NA,NA,TRUE
"112","A69-1206-377",112,"EMMN","rel_emmn2","none",69.968117,23.376517,2007-10-23,2007-10-23,1,NA,NA,NA,0,0,TRUE,6422.137179,3,2007-10-23 23:41:00,6422.137179,85260,0.0753241517593244,TRUE
"113","A69-1206-377",113,"EMMN","59","VR2-6743",69.972376,23.398833,2007-10-23 19:49:19,2007-10-23 19:59:06,8,71359,990.62084,0.013882,990.62084,990.62084,TRUE,6422.137179,3,2007-10-23 23:41:00,5431.516339,13901,0.390728461189842,TRUE
"114","A69-1206-377",114,"EMMN","40","VR2W-100562",70.006333,23.319167,2007-10-23 23:41:00,2007-10-23 23:43:23,3,13314,5514.330693,0.414175,6504.951533,6422.137179,TRUE,32773.256957,4,2007-10-24 19:34:34,26351.119778,71614,0.367960451559751,TRUE
"115","A69-1206-377",115,"EMMN","8","VR2-6052",70.201,23.038667,2007-10-24 19:34:34,2007-10-24 20:11:18,34,71471,26351.119778,0.368697,32856.071311,32773.256957,NA,NA,NA,NA,NA,NA,NA,TRUE
"116","A69-1206-378",116,"EMMN","rel_emmn2","none",69.968117,23.376517,2007-10-23,2007-10-23,1,NA,NA,NA,0,0,FALSE,6554.019998,4,2007-10-30 21:43:40,6554.019998,683020,0.00959564873356564,FALSE
"117","A69-1206-378",117,"EMMN","59","VR2-6743",69.972376,23.398833,2007-10-23 19:47:10,2007-10-23 19:55:32,6,71230,990.62084,0.013907,990.62084,990.62084,FALSE,6554.019998,4,2007-10-30 21:43:40,5563.399158,611790,0.00909364186730741,FALSE
"118","A69-1206-378",118,"EMMN","59","VR2-6743",69.972376,23.398833,2007-10-30 16:21:25,2007-10-30 17:13:55,13,NA,NA,NA,990.62084,990.62084,TRUE,6554.019998,4,2007-10-30 21:43:40,5563.399158,19335,0.287737220480993,TRUE
"119","A69-1206-378",119,"EMMN","42","VR2W-100564",70.012667,23.3305,2007-10-30 21:43:40,2007-10-30 22:09:10,17,16185,5646.213512,0.348855,6636.834352,6554.019998,TRUE,32773.256957,5,2007-11-02 04:41:52,26219.236959,197892,0.132492657404039,TRUE
"120","A69-1206-378",120,"EMMN","8","VR2-6052",70.201,23.038667,2007-11-02 04:41:52,2007-11-02 05:38:29,42,196362,26219.236958,0.133525,32856.07131,32773.256957,NA,NA,NA,NA,NA,NA,NA,TRUE
"121","A69-1206-379",121,"EMMN","rel_emmn2","none",69.968117,23.376517,2007-10-23,2007-10-23,1,NA,NA,NA,0,0,FALSE,6554.019998,33,2007-11-09 21:28:03,6554.019998,1546083,0.00423911264660435,FALSE
"122","A69-1206-379",122,"EMMN","59","VR2-6743",69.972376,23.398833,2007-10-23 19:40:28,2007-10-23 20:59:37,10,70828,990.62084,0.013986,990.62084,990.62084,FALSE,6554.019998,33,2007-11-09 21:28:03,5563.399158,1475255,0.00377114407882027,FALSE
"123","A69-1206-379",123,"EMMN","59","VR2-6743",69.972376,23.398833,2007-10-25 00:47:28,2007-10-25 00:47:28,1,NA,NA,NA,990.62084,990.62084,FALSE,6554.019998,33,2007-11-09 21:28:03,5563.399158,1370435,0.00405958630507831,FALSE
"124","A69-1206-379",124,"EMMN","59","VR2-6743",69.972376,23.398833,2007-10-25 21:12:06,2007-10-25 21:12:06,1,NA,NA,NA,990.62084,990.62084,FALSE,6554.019998,33,2007-11-09 21:28:03,5563.399158,1296957,0.00428957872774502,FALSE
"125","A69-1206-379",125,"EMMN","59","VR2-6743",69.972376,23.398833,2007-10-26 01:55:41,2007-10-26 02:18:23,4,NA,NA,NA,990.62084,990.62084,FALSE,6554.019998,33,2007-11-09 21:28:03,5563.399158,1279942,0.00434660254761544,FALSE
"126","A69-1206-379",126,"EMMN","59","VR2-6743",69.972376,23.398833,2007-10-26 14:58:23,2007-10-26 14:58:23,1,NA,NA,NA,990.62084,990.62084,FALSE,6554.019998,33,2007-11-09 21:28:03,5563.399158,1232980,0.00451215685412578,FALSE
"127","A69-1206-379",127,"EMMN","59","VR2-6743",69.972376,23.398833,2007-10-27 15:44:36,2007-10-27 15:44:36,1,NA,NA,NA,990.62084,990.62084,FALSE,6554.019998,33,2007-11-09 21:28:03,5563.399158,1143807,0.00486393172799257,FALSE
"128","A69-1206-379",128,"EMMN","59","VR2-6743",69.972376,23.398833,2007-10-29 03:00:30,2007-10-29 03:00:30,1,NA,NA,NA,990.62084,990.62084,FALSE,6554.019998,33,2007-11-09 21:28:03,5563.399158,1016853,0.00547119314001139,FALSE
"129","A69-1206-379",129,"EMMN","59","VR2-6743",69.972376,23.398833,2007-10-29 11:46:47,2007-10-29 11:56:44,2,NA,NA,NA,990.62084,990.62084,FALSE,6554.019998,33,2007-11-09 21:28:03,5563.399158,985276,0.00564653879522083,FALSE
"130","A69-1206-379",130,"EMMN","59","VR2-6743",69.972376,23.398833,2007-10-29 14:30:08,2007-10-29 15:34:19,14,NA,NA,NA,990.62084,990.62084,FALSE,6554.019998,33,2007-11-09 21:28:03,5563.399158,975475,0.00570327190138138,FALSE
"131","A69-1206-379",131,"EMMN","59","VR2-6743",69.972376,23.398833,2007-10-29 16:58:31,2007-10-29 18:20:07,22,NA,NA,NA,990.62084,990.62084,FALSE,6554.019998,33,2007-11-09 21:28:03,5563.399158,966572,0.0057558041801335,FALSE
"132","A69-1206-379",132,"EMMN","59","VR2-6743",69.972376,23.398833,2007-10-29 22:56:02,2007-10-29 22:56:02,1,NA,NA,NA,990.62084,990.62084,FALSE,6554.019998,33,2007-11-09 21:28:03,5563.399158,945121,0.00588644116256014,FALSE
"133","A69-1206-379",133,"EMMN","59","VR2-6743",69.972376,23.398833,2007-10-30 00:16:26,2007-10-30 00:22:11,4,NA,NA,NA,990.62084,990.62084,FALSE,6554.019998,33,2007-11-09 21:28:03,5563.399158,940297,0.00591664033597895,FALSE
"134","A69-1206-379",134,"EMMN","59","VR2-6743",69.972376,23.398833,2007-10-30 05:19:42,2007-10-30 07:09:51,40,NA,NA,NA,990.62084,990.62084,FALSE,6554.019998,33,2007-11-09 21:28:03,5563.399158,922101,0.00603339456089951,FALSE
"135","A69-1206-379",135,"EMMN","59","VR2-6743",69.972376,23.398833,2007-10-30 12:06:13,2007-10-30 14:35:52,40,NA,NA,NA,990.62084,990.62084,FALSE,6554.019998,33,2007-11-09 21:28:03,5563.399158,897710,0.00619732336500652,FALSE
"136","A69-1206-379",136,"EMMN","59","VR2-6743",69.972376,23.398833,2007-10-30 16:20:33,2007-10-30 16:54:59,4,NA,NA,NA,990.62084,990.62084,FALSE,6554.019998,33,2007-11-09 21:28:03,5563.399158,882450,0.00630449221825599,FALSE
"137","A69-1206-379",137,"EMMN","59","VR2-6743",69.972376,23.398833,2007-10-30 18:59:54,2007-10-30 19:43:14,16,NA,NA,NA,990.62084,990.62084,FALSE,6554.019998,33,2007-11-09 21:28:03,5563.399158,872889,0.0063735471039273,FALSE
"138","A69-1206-379",138,"EMMN","59","VR2-6743",69.972376,23.398833,2007-10-30 23:56:49,2007-10-31 08:24:58,89,NA,NA,NA,990.62084,990.62084,FALSE,6554.019998,33,2007-11-09 21:28:03,5563.399158,855074,0.00650633647848023,FALSE
"139","A69-1206-379",139,"EMMN","59","VR2-6743",69.972376,23.398833,2007-10-31 10:53:34,2007-10-31 10:54:21,2,NA,NA,NA,990.62084,990.62084,FALSE,6554.019998,33,2007-11-09 21:28:03,5563.399158,815669,0.006820657837922,FALSE
"140","A69-1206-379",140,"EMMN","59","VR2-6743",69.972376,23.398833,2007-10-31 12:46:12,2007-10-31 13:33:04,17,NA,NA,NA,990.62084,990.62084,FALSE,6554.019998,33,2007-11-09 21:28:03,5563.399158,808911,0.00687764062795536,FALSE
"141","A69-1206-379",141,"EMMN","59","VR2-6743",69.972376,23.398833,2007-10-31 14:48:17,2007-10-31 14:48:17,1,NA,NA,NA,990.62084,990.62084,FALSE,6554.019998,33,2007-11-09 21:28:03,5563.399158,801586,0.00694048942721056,FALSE
"142","A69-1206-379",142,"EMMN","59","VR2-6743",69.972376,23.398833,2007-10-31 20:27:50,2007-10-31 20:27:50,1,NA,NA,NA,990.62084,990.62084,FALSE,6554.019998,33,2007-11-09 21:28:03,5563.399158,781213,0.00712148819592096,FALSE
"143","A69-1206-379",143,"EMMN","59","VR2-6743",69.972376,23.398833,2007-11-01 08:11:20,2007-11-01 09:59:50,54,NA,NA,NA,990.62084,990.62084,FALSE,6554.019998,33,2007-11-09 21:28:03,5563.399158,739003,0.00752824976082641,FALSE
"144","A69-1206-379",144,"EMMN","59","VR2-6743",69.972376,23.398833,2007-11-01 13:22:50,2007-11-01 13:29:28,2,NA,NA,NA,990.62084,990.62084,FALSE,6554.019998,33,2007-11-09 21:28:03,5563.399158,720313,0.00772358566067807,FALSE
"145","A69-1206-379",145,"EMMN","59","VR2-6743",69.972376,23.398833,2007-11-02 08:44:22,2007-11-02 08:44:22,1,NA,NA,NA,990.62084,990.62084,FALSE,6554.019998,33,2007-11-09 21:28:03,5563.399158,650621,0.00855090622343884,FALSE
"146","A69-1206-379",146,"EMMN","59","VR2-6743",69.972376,23.398833,2007-11-02 15:47:17,2007-11-02 17:15:33,32,NA,NA,NA,990.62084,990.62084,FALSE,6554.019998,33,2007-11-09 21:28:03,5563.399158,625246,0.00889793642502311,FALSE
"147","A69-1206-379",147,"EMMN","59","VR2-6743",69.972376,23.398833,2007-11-02 18:34:26,2007-11-02 18:40:53,3,NA,NA,NA,990.62084,990.62084,FALSE,6554.019998,33,2007-11-09 21:28:03,5563.399158,615217,0.00904298671525657,FALSE
"148","A69-1206-379",148,"EMMN","59","VR2-6743",69.972376,23.398833,2007-11-04 16:10:06,2007-11-04 18:10:18,17,NA,NA,NA,990.62084,990.62084,FALSE,6554.019998,33,2007-11-09 21:28:03,5563.399158,451077,0.0123335908459088,FALSE
"149","A69-1206-379",149,"EMMN","59","VR2-6743",69.972376,23.398833,2007-11-05 06:13:55,2007-11-05 06:16:48,2,NA,NA,NA,990.62084,990.62084,FALSE,6554.019998,33,2007-11-09 21:28:03,5563.399158,400448,0.0138929378046588,FALSE
"150","A69-1206-379",150,"EMMN","59","VR2-6743",69.972376,23.398833,2007-11-06 06:53:47,2007-11-06 09:55:56,21,NA,NA,NA,990.62084,990.62084,FALSE,6554.019998,33,2007-11-09 21:28:03,5563.399158,311656,0.0178510895281978,FALSE
"151","A69-1206-379",151,"EMMN","59","VR2-6743",69.972376,23.398833,2007-11-06 18:29:25,2007-11-06 20:20:34,55,NA,NA,NA,990.62084,990.62084,FALSE,6554.019998,33,2007-11-09 21:28:03,5563.399158,269918,0.0206114418378915,FALSE
"152","A69-1206-379",152,"EMMN","59","VR2-6743",69.972376,23.398833,2007-11-06 21:41:20,2007-11-06 21:41:20,1,NA,NA,NA,990.62084,990.62084,TRUE,6554.019998,33,2007-11-09 21:28:03,5563.399158,258403,0.0215299325394829,TRUE
"153","A69-1206-379",153,"EMMN","42","VR2W-100564",70.012667,23.3305,2007-11-09 21:28:03,2007-11-09 22:03:03,20,258403,5646.213512,0.02185,6636.834352,6554.019998,NA,NA,NA,NA,NA,NA,NA,TRUE
"154","A69-1206-380",154,"EMMN","rel_emmn2","none",69.968117,23.376517,2007-10-23,2007-10-23,1,NA,NA,NA,0,0,TRUE,6422.137179,3,2007-10-23 23:02:56,6422.137179,82976,0.0773975267426726,TRUE
"155","A69-1206-380",155,"EMMN","59","VR2-6743",69.972376,23.398833,2007-10-23 20:16:58,2007-10-23 20:34:20,7,73018,990.62084,0.013567,990.62084,990.62084,TRUE,6422.137179,3,2007-10-23 23:02:56,5431.516339,9958,0.545442492367945,TRUE
"156","A69-1206-380",156,"EMMN","40","VR2W-100562",70.006333,23.319167,2007-10-23 23:02:56,2007-10-23 23:11:40,10,8916,5514.330693,0.618476,6504.951533,6422.137179,TRUE,20999.914942,4,2007-10-24 04:20:09,14577.777763,19033,0.765921177060894,TRUE
"157","A69-1206-380",157,"EMMN","28","VR2W-100550",70.085,23.0525,2007-10-24 04:20:09,2007-10-24 05:32:37,79,18509,14577.777763,0.787605,21082.729296,20999.914942,FALSE,NA,NA,NA,NA,NA,NA,TRUE
"158","A69-1206-380",158,"EMMN","30","VR2W-100552",70.084333,23.071167,2007-10-25 07:41:51,2007-10-25 08:36:21,11,94154,783.162167,0.008318,21865.891463,20382.719713,TRUE,32773.256957,6,2007-10-27 13:28:31,12390.537244,193600,0.0640007089049587,TRUE
"159","A69-1206-380",159,"EMMN","8","VR2-6052",70.201,23.038667,2007-10-27 13:28:31,2007-10-27 14:10:00,7,190330,14149.087795,0.07434,36014.979258,32773.256957,NA,NA,NA,NA,NA,NA,NA,TRUE
"160","A69-1206-380",160,"EMMN","10","VR2-6058",70.202833,23.060167,2007-10-27 15:19:35,2007-10-27 16:13:38,50,4175,907.637371,0.217398,36922.616629,32983.957152,FALSE,NA,NA,NA,NA,NA,NA,TRUE
"161","A69-1206-380",161,"EMMN","9","VR2-6056",70.201667,23.049667,2007-10-27 17:55:00,2007-10-27 18:52:28,75,6082,483.085582,0.079429,37405.702211,32949.365686,FALSE,NA,NA,NA,NA,NA,NA,TRUE
"162","A69-1206-380",162,"EMMN","7","VR2-6050",70.199667,23.028833,2007-10-28 09:40:18,2007-10-28 09:40:18,1,53270,807.611842,0.015161,38213.314053,32697.258314,NA,NA,NA,NA,NA,NA,NA,TRUE
"163","A69-1206-380",163,"EMMN","13","VR2-6560",70.205667,23.090167,2007-10-28 14:41:55,2007-10-28 15:12:57,23,18097,2581.394849,0.142642,40794.708902,33270.655989,NA,NA,NA,NA,NA,NA,NA,TRUE
"164","A69-1206-381",164,"EMMN","rel_emmn2","none",69.968117,23.376517,2007-10-23,2007-10-23,1,NA,NA,NA,0,0,TRUE,6422.137179,3,2007-10-24 18:27:10,6422.137179,152830,0.0420214432964732,TRUE
"165","A69-1206-381",165,"EMMN","59","VR2-6743",69.972376,23.398833,2007-10-23 21:59:40,2007-10-23 22:05:13,7,79180,990.62084,0.012511,990.62084,990.62084,TRUE,6422.137179,3,2007-10-24 18:27:10,5431.516339,73650,0.0737476760217244,TRUE
"166","A69-1206-381",166,"EMMN","40","VR2W-100562",70.006333,23.319167,2007-10-24 18:27:10,2007-10-24 18:46:48,16,73317,5514.330693,0.075212,6504.951533,6422.137179,TRUE,19965.57554,4,2007-10-25 03:35:29,13543.438361,32899,0.411667174108636,TRUE
"167","A69-1206-381",167,"EMMN","31","VR2W-100553",70.084833,23.084667,2007-10-25 03:35:29,2007-10-25 03:42:37,12,31721,13543.438361,0.426955,20048.389894,19965.57554,TRUE,32486.558119,5,2007-10-25 19:10:27,12520.982579,56098,0.223198377464437,TRUE
"168","A69-1206-381",168,"EMMN","5","VR2-5559",70.1975,23.009167,2007-10-25 19:10:27,2007-10-25 19:20:11,8,55670,13869.204668,0.249132,33917.594562,32486.558119,NA,NA,NA,NA,NA,NA,NA,TRUE
"169","A69-1206-383",169,"EMMN","rel_emmn2","none",69.968117,23.376517,2007-10-23,2007-10-23,1,NA,NA,NA,0,0,TRUE,6661.453143,4,2007-10-24 18:33:00,6661.453143,153180,0.0434877473756365,TRUE
"170","A69-1206-383",170,"EMMN","59","VR2-6743",69.972376,23.398833,2007-10-23 21:58:40,2007-10-23 22:03:11,3,79120,990.62084,0.01252,990.62084,990.62084,FALSE,6661.453143,4,2007-10-24 18:33:00,5670.832303,74060,0.0765707845395625,TRUE
"171","A69-1206-383",171,"EMMN","59","VR2-6743",69.972376,23.398833,2007-10-24 01:57:36,2007-10-24 01:59:34,3,NA,NA,NA,990.62084,990.62084,TRUE,6661.453143,4,2007-10-24 18:33:00,5670.832303,59724,0.0949506446822048,TRUE
"172","A69-1206-383",172,"EMMN","43","VR2W-100566",70.0165,23.337333,2007-10-24 18:33:00,2007-10-24 18:52:16,25,59606,5753.646656,0.096528,6744.267496,6661.453143,TRUE,20999.914942,5,2007-10-25 03:40:50,14338.461799,32870,0.436217274079708,TRUE
"173","A69-1206-383",173,"EMMN","28","VR2W-100550",70.085,23.0525,2007-10-25 03:40:50,2007-10-25 04:41:15,80,31714,14338.461799,0.452118,21082.729295,20999.914942,TRUE,32697.258314,10,2007-10-25 23:51:09,11697.343372,72619,0.161078276649362,TRUE
"174","A69-1206-383",174,"EMMN","27","VR2W-100548",70.0845,23.032167,2007-10-25 05:45:27,2007-10-25 05:56:39,5,3852,824.653902,0.214085,21907.383197,21575.618436,FALSE,NA,NA,NA,NA,NA,NA,TRUE
"175","A69-1206-383",175,"EMMN","28","VR2W-100550",70.085,23.0525,2007-10-25 07:03:44,2007-10-25 07:22:20,13,4025,824.653902,0.204883,22732.037099,20999.914942,FALSE,NA,NA,NA,NA,NA,NA,TRUE
"176","A69-1206-383",176,"EMMN","29","VR2W-100551",70.084833,23.0635,2007-10-25 12:21:51,2007-10-25 12:28:13,2,17971,441.593848,0.024573,23173.630947,20641.304563,TRUE,32697.258314,10,2007-10-25 23:51:09,12055.953751,41358,0.291502339353934,TRUE
"177","A69-1206-383",177,"EMMN","25","VR2W-100547",70.085,23.021833,2007-10-25 14:32:30,2007-10-25 14:44:40,8,7457,1707.841597,0.229025,24881.472544,21934.228815,TRUE,32697.258314,10,2007-10-25 23:51:09,10763.029499,33519,0.321102344908858,TRUE
"178","A69-1206-383",178,"EMMN","7","VR2-6050",70.199667,23.028833,2007-10-25 23:51:09,2007-10-26 00:14:56,47,32789,13928.420491,0.424789,38809.893035,32697.258314,NA,NA,NA,NA,NA,NA,NA,TRUE
