"","animal_project_code","tag_id","station_name","receiver_id","deploy_latitude","deploy_longitude","arrival","departure","detections"
"1","2004_Gudena","A69-1008-101","rel_gudena","none","56.364919","9.900337",2004-05-10 12:00:00,2004-05-10 12:00:00,1
"2","2004_Gudena","A69-1008-101","GUD2","VR2-1908","56.38312088","9.901577397",2004-05-10 19:34:31,2004-05-10 19:34:31,1
"3","2004_Gudena","A69-1008-101","RAN1","VR2-3538","56.45735379","10.01770257",2004-05-11 04:48:57,2004-05-11 05:01:12,14
"4","2004_Gudena","A69-1008-101","RAN2","VR2-1909","56.45552792","10.03316608",2004-05-11 05:15:43,2004-05-11 05:20:53,8
"5","2004_Gudena","A69-1008-101","UGEL1","VR2-3536","56.48324094","10.2181103",2004-05-11 23:47:11,2004-05-12 03:43:47,186
"6","2004_Gudena","A69-1008-101","UGEL2","VR2-3539","56.47968471","10.21517113",2004-05-12 23:31:00,2004-05-13 00:56:34,74
"7","2004_Gudena","A69-1008-101","UGEL2","VR2-3539","56.47968471","10.21517113",2004-05-13 04:02:19,2004-05-13 05:50:21,55
"8","2004_Gudena","A69-1008-101","RAN2","VR2-1909","56.45552792","10.03316608",2004-05-14 21:31:20,2004-05-14 22:45:00,19
"9","2004_Gudena","A69-1008-101","RAN2","VR2-1909","56.45552792","10.03316608",2004-05-24 14:38:06,2004-05-24 16:16:16,57
"10","2004_Gudena","A69-1008-101","RAN2","VR2-1909","56.45552792","10.03316608",2004-05-25 02:28:48,2004-05-25 02:41:48,14
"11","2004_Gudena","A69-1008-101","UGEL2","VR2-3539","56.47968471","10.21517113",2004-09-09 00:08:34,2004-09-09 00:59:26,21
"12","2004_Gudena","A69-1008-101","UGEL1","VR2-3536","56.48324094","10.2181103",2004-09-09 05:10:36,2004-09-09 05:10:36,1
"13","2004_Gudena","A69-1008-101","UGEL2","VR2-3539","56.47968471","10.21517113",2004-09-09 11:16:17,2004-09-09 12:06:41,53
"14","2004_Gudena","A69-1008-101","UGEL2","VR2-3539","56.47968471","10.21517113",2004-09-11 10:28:08,2004-09-11 11:46:20,44
"15","2004_Gudena","A69-1008-101","UGEL2","VR2-3539","56.47968471","10.21517113",2004-09-13 11:03:17,2004-09-13 11:58:48,70
"16","2004_Gudena","A69-1008-101","UGEL2","VR2-3539","56.47968471","10.21517113",2004-09-15 10:39:47,2004-09-15 11:57:14,65
"17","2004_Gudena","A69-1008-101","UGEL2","VR2-3539","56.47968471","10.21517113",2004-09-17 10:18:21,2004-09-17 11:04:32,57
"18","2004_Gudena","A69-1008-101","UGEL2","VR2-3539","56.47968471","10.21517113",2004-09-19 09:53:26,2004-09-19 09:58:02,4
"19","2004_Gudena","A69-1008-101","UGEL2","VR2-3539","56.47968471","10.21517113",2004-09-19 11:24:36,2004-09-19 12:07:17,42
"20","2004_Gudena","A69-1008-101","GUD2","VR2-1908","56.38312088","9.901577397",2004-12-10 15:13:17,2004-12-10 15:13:17,1
"21","2004_Gudena","A69-1008-102","rel_gudena","none","56.364919","9.900337",2004-05-10 12:00:00,2004-05-10 12:00:00,1
"22","2004_Gudena","A69-1008-102","GUD2","VR2-1908","56.38312088","9.901577397",2004-05-10 20:50:12,2004-05-10 20:50:43,2
"23","2004_Gudena","A69-1008-102","RAN1","VR2-3538","56.45735379","10.01770257",2004-05-11 05:48:05,2004-05-11 05:56:26,10
"24","2004_Gudena","A69-1008-102","RAN2","VR2-1909","56.45552792","10.03316608",2004-05-11 06:15:51,2004-05-11 06:28:12,9
"25","2004_Gudena","A69-1008-102","UGEL2","VR2-3539","56.47968471","10.21517113",2004-06-02 20:31:25,2004-06-02 21:57:49,68
"26","2004_Gudena","A69-1008-103","rel_gudena","none","56.364919","9.900337",2004-05-18 12:00:00,2004-05-18 12:00:00,1
"27","2004_Gudena","A69-1008-103","GUD2","VR2-1908","56.38312088","9.901577397",2004-05-18 23:03:40,2004-05-18 23:05:17,3
"28","2004_Gudena","A69-1008-103","RAN1","VR2-3538","56.45735379","10.01770257",2004-05-19 02:59:29,2004-05-19 03:02:51,5
"29","2004_Gudena","A69-1008-103","RAN2","VR2-1909","56.45552792","10.03316608",2004-05-19 03:17:40,2004-05-19 03:22:04,5
"30","2004_Gudena","A69-1008-104","rel_gudena","none","56.364919","9.900337",2004-05-18 12:00:00,2004-05-18 12:00:00,1
"31","2004_Gudena","A69-1008-104","GUD1","VR20-2029","56.38230254","9.897962798",2004-05-18 20:58:24,2004-05-18 21:21:07,5
"32","2004_Gudena","A69-1008-104","RAN1","VR2-3538","56.45735379","10.01770257",2004-05-19 23:50:35,2004-05-19 23:57:34,10
"33","2004_Gudena","A69-1008-104","RAN2","VR2-1909","56.45552792","10.03316608",2004-05-20 00:25:55,2004-05-20 00:45:08,16
"34","2004_Gudena","A69-1008-104","UGEL2","VR2-3539","56.47968471","10.21517113",2004-09-16 21:17:24,2004-09-16 22:36:04,86
"35","2004_Gudena","A69-1008-104","UGEL2","VR2-3539","56.47968471","10.21517113",2004-09-30 18:07:31,2004-09-30 18:22:59,7
"36","2004_Gudena","A69-1008-104","UDBY2","VR2-3530","56.60980547","10.30384199",2004-10-03 06:30:58,2004-10-03 06:40:12,6
"37","2004_Gudena","A69-1008-104","UDBY1","VR20-2027","56.60799107","10.29949461",2004-10-03 11:10:32,2004-10-03 11:10:32,1
"38","2004_Gudena","A69-1008-104","UDBY2","VR2-3530","56.60980547","10.30384199",2004-10-03 17:23:31,2004-10-03 17:23:31,1
"39","2004_Gudena","A69-1008-104","UDBY1","VR20-2027","56.60799107","10.29949461",2004-10-03 18:55:36,2004-10-03 18:55:36,1
"40","2004_Gudena","A69-1008-105","rel_gudena","none","56.364919","9.900337",2004-05-18 12:00:00,2004-05-18 12:00:00,1
"41","2004_Gudena","A69-1008-105","GUD2","VR2-1908","56.38312088","9.901577397",2004-05-18 21:27:42,2004-05-18 21:34:55,7
"42","2004_Gudena","A69-1008-105","RAN1","VR2-3538","56.45735379","10.01770257",2004-05-19 01:51:32,2004-05-19 01:57:23,7
"43","2004_Gudena","A69-1008-105","RAN2","VR2-1909","56.45552792","10.03316608",2004-05-19 02:10:37,2004-05-19 02:22:26,15
"44","2004_Gudena","A69-1008-105","UGEL1","VR2-3536","56.48324094","10.2181103",2004-05-31 23:51:27,2004-06-01 00:56:06,71
"45","2004_Gudena","A69-1008-105","UGEL1","VR2-3536","56.48324094","10.2181103",2004-06-01 03:35:26,2004-06-01 04:00:44,27
"46","2004_Gudena","A69-1008-105","UGEL1","VR2-3536","56.48324094","10.2181103",2004-06-03 00:51:22,2004-06-03 02:19:03,67
"47","2004_Gudena","A69-1008-105","UGEL1","VR2-3536","56.48324094","10.2181103",2004-06-04 22:49:34,2004-06-04 22:49:34,1
"48","2004_Gudena","A69-1008-105","UDBY1","VR20-2027","56.60799107","10.29949461",2004-06-15 23:58:41,2004-06-16 00:04:20,6
"49","2004_Gudena","A69-1008-106","rel_gudena","none","56.364919","9.900337",2004-05-18 12:00:00,2004-05-18 12:00:00,1
"50","2004_Gudena","A69-1008-106","GUD2","VR2-1908","56.38312088","9.901577397",2004-05-31 00:26:49,2004-05-31 00:28:42,3
"51","2004_Gudena","A69-1008-106","RAN1","VR2-3538","56.45735379","10.01770257",2004-06-01 23:49:29,2004-06-02 00:06:37,15
"52","2004_Gudena","A69-1008-106","RAN2","VR2-1909","56.45552792","10.03316608",2004-06-02 00:33:57,2004-06-02 00:40:55,11
"53","2004_Gudena","A69-1008-106","RAN2","VR2-1909","56.45552792","10.03316608",2004-06-03 22:21:15,2004-06-03 22:21:15,1
"54","2004_Gudena","A69-1008-106","RAN2","VR2-1909","56.45552792","10.03316608",2004-06-03 23:45:37,2004-06-04 00:01:19,23
"55","2004_Gudena","A69-1008-106","RAN2","VR2-1909","56.45552792","10.03316608",2004-10-11 19:59:27,2004-10-11 20:03:59,6
"56","2004_Gudena","A69-1008-106","UGEL2","VR2-3539","56.47968471","10.21517113",2004-10-13 00:11:44,2004-10-13 00:13:11,3
"57","2004_Gudena","A69-1008-107","rel_gudena","none","56.364919","9.900337",2004-05-18 12:00:00,2004-05-18 12:00:00,1
"58","2004_Gudena","A69-1008-107","GUD1","VR20-2029","56.38230254","9.897962798",2004-05-18 23:32:40,2004-05-18 23:55:21,8
"59","2004_Gudena","A69-1008-107","RAN1","VR2-3538","56.45735379","10.01770257",2004-05-20 22:51:53,2004-05-20 23:04:24,17
"60","2004_Gudena","A69-1008-107","RAN2","VR2-1909","56.45552792","10.03316608",2004-05-20 23:26:30,2004-05-20 23:51:19,16
"61","2004_Gudena","A69-1008-107","UGEL2","VR2-3539","56.47968471","10.21517113",2004-06-29 01:14:07,2004-06-29 01:15:08,3
"62","2004_Gudena","A69-1008-107","UGEL2","VR2-3539","56.47968471","10.21517113",2004-06-29 17:46:00,2004-06-29 17:46:00,1
"63","2004_Gudena","A69-1008-107","UGEL2","VR2-3539","56.47968471","10.21517113",2004-06-29 22:04:53,2004-06-29 23:09:12,48
"64","2004_Gudena","A69-1008-107","UGEL1","VR2-3536","56.48324094","10.2181103",2004-07-04 02:54:00,2004-07-04 03:46:57,37
"65","2004_Gudena","A69-1008-107","UGEL1","VR2-3536","56.48324094","10.2181103",2004-07-07 00:57:08,2004-07-07 02:57:32,81
"66","2004_Gudena","A69-1008-107","UGEL1","VR2-3536","56.48324094","10.2181103",2004-07-07 05:08:24,2004-07-07 05:16:17,3
"67","2004_Gudena","A69-1008-107","UGEL2","VR2-3539","56.47968471","10.21517113",2004-07-07 08:53:34,2004-07-07 09:09:10,7
"68","2004_Gudena","A69-1008-107","UGEL1","VR2-3536","56.48324094","10.2181103",2004-07-14 02:02:40,2004-07-14 02:41:34,26
"69","2004_Gudena","A69-1008-107","UGEL2","VR2-3539","56.47968471","10.21517113",2004-07-14 23:35:31,2004-07-15 00:37:37,76
"70","2004_Gudena","A69-1008-107","UGEL1","VR2-3536","56.48324094","10.2181103",2004-07-23 00:00:04,2004-07-23 03:09:38,106
"71","2004_Gudena","A69-1008-107","UGEL1","VR2-3536","56.48324094","10.2181103",2004-07-23 05:00:14,2004-07-23 05:32:13,2
"72","2004_Gudena","A69-1008-107","UGEL1","VR2-3536","56.48324094","10.2181103",2004-07-23 09:05:02,2004-07-23 09:05:02,1
"73","2004_Gudena","A69-1008-107","UGEL1","VR2-3536","56.48324094","10.2181103",2004-07-23 23:41:38,2004-07-24 01:51:19,12
"74","2004_Gudena","A69-1008-107","UGEL1","VR2-3536","56.48324094","10.2181103",2004-07-24 10:22:36,2004-07-24 11:00:26,3
"75","2004_Gudena","A69-1008-107","UGEL1","VR2-3536","56.48324094","10.2181103",2004-07-24 13:01:38,2004-07-24 13:33:15,28
"76","2004_Gudena","A69-1008-108","rel_gudena","none","56.364919","9.900337",2004-05-18 12:00:00,2004-05-18 12:00:00,1
"77","2004_Gudena","A69-1008-108","GUD2","VR2-1908","56.38312088","9.901577397",2004-05-19 02:51:01,2004-05-19 03:28:49,13
"78","2004_Gudena","A69-1008-108","GUD2","VR2-1908","56.38312088","9.901577397",2004-05-29 00:14:37,2004-05-29 00:14:37,1
"79","2004_Gudena","A69-1008-108","GUD2","VR2-1908","56.38312088","9.901577397",2004-05-30 20:24:10,2004-05-30 20:24:39,2
"80","2004_Gudena","A69-1008-108","GUD2","VR2-1908","56.38312088","9.901577397",2004-05-30 21:27:10,2004-05-30 22:41:19,22
"81","2004_Gudena","A69-1008-108","RAN1","VR2-3538","56.45735379","10.01770257",2004-05-31 22:54:30,2004-05-31 22:58:05,6
"82","2004_Gudena","A69-1008-108","RAN2","VR2-1909","56.45552792","10.03316608",2004-05-31 23:17:32,2004-05-31 23:23:13,8
"83","2004_Gudena","A69-1008-108","UGEL2","VR2-3539","56.47968471","10.21517113",2004-06-09 02:25:05,2004-06-09 03:24:42,52
"84","2004_Gudena","A69-1008-108","UGEL2","VR2-3539","56.47968471","10.21517113",2004-06-09 17:55:17,2004-06-09 18:33:28,51
"85","2004_Gudena","A69-1008-108","UDBY2","VR2-3533","56.60980547","10.30384199",2004-06-28 23:57:10,2004-06-29 00:13:52,10
"86","2004_Gudena","A69-1008-108","UDBY2","VR2-3533","56.60980547","10.30384199",2004-06-29 02:08:24,2004-06-29 02:24:13,19
"87","2004_Gudena","A69-1008-109","rel_gudena","none","56.364919","9.900337",2004-05-18 12:00:00,2004-05-18 12:00:00,1
"88","2004_Gudena","A69-1008-109","GUD1","VR20-2029","56.38230254","9.897962798",2004-06-11 01:39:33,2004-06-11 01:39:33,1
"89","2004_Gudena","A69-1008-109","GUD2","VR2-1908","56.38312088","9.901577397",2004-06-11 22:05:33,2004-06-11 22:07:58,4
"90","2004_Gudena","A69-1008-109","RAN1","VR2-3538","56.45735379","10.01770257",2004-06-12 22:02:47,2004-06-12 22:11:04,5
"91","2004_Gudena","A69-1008-109","RAN2","VR2-1909","56.45552792","10.03316608",2004-06-12 22:29:07,2004-06-12 22:35:26,7
"92","2004_Gudena","A69-1008-109","UGEL2","VR2-2718","56.47968471","10.21517113",2005-04-21 04:54:18,2005-04-21 04:54:18,1
"93","2004_Gudena","A69-1008-110","rel_gudena","none","56.364919","9.900337",2004-05-18 12:00:00,2004-05-18 12:00:00,1
"94","2004_Gudena","A69-1008-110","GUD2","VR2-1908","56.38312088","9.901577397",2004-05-18 23:06:48,2004-05-18 23:09:43,6
"95","2004_Gudena","A69-1008-110","RAN1","VR2-3538","56.45735379","10.01770257",2004-05-20 20:58:45,2004-05-20 21:13:38,20
"96","2004_Gudena","A69-1008-110","RAN2","VR2-1909","56.45552792","10.03316608",2004-05-20 21:36:00,2004-05-20 21:40:16,8
"97","2004_Gudena","A69-1008-110","UGEL2","VR2-3539","56.47968471","10.21517113",2004-05-21 05:21:26,2004-05-21 05:42:24,18
"98","2004_Gudena","A69-1008-110","UGEL2","VR2-3539","56.47968471","10.21517113",2004-05-21 21:30:25,2004-05-21 23:46:39,110
"99","2004_Gudena","A69-1008-180","rel_gudena","none","56.364919","9.900337",2005-09-08 14:00:00,2005-09-08 14:00:00,1
"100","2004_Gudena","A69-1008-180","GUD1","VR2-3536","56.38230254","9.897962798",2005-09-10 03:25:40,2005-09-10 03:34:15,11
"101","2004_Gudena","A69-1008-180","RAN1","VR2-3538","56.45735379","10.01770257",2005-09-11 00:53:46,2005-09-11 01:06:23,16
"102","2004_Gudena","A69-1008-180","RAN2","VR2-1909","56.45552792","10.03316608",2005-09-11 01:42:29,2005-09-11 01:42:29,1
"103","2004_Gudena","A69-1008-180","RAN1","VR2-3538","56.45735379","10.01770257",2005-09-11 01:46:11,2005-09-11 03:04:03,39
"104","2004_Gudena","A69-1008-180","RAN1","VR2-3538","56.45735379","10.01770257",2005-09-11 20:54:58,2005-09-11 21:16:51,19
"105","2004_Gudena","A69-1008-180","RAN2","VR2-1909","56.45552792","10.03316608",2005-09-11 21:35:32,2005-09-12 00:49:08,141
"106","2004_Gudena","A69-1008-180","RAN1","VR2-3538","56.45735379","10.01770257",2005-09-12 02:15:49,2005-09-12 02:23:42,9
"107","2004_Gudena","A69-1008-180","RAN1","VR2-3538","56.45735379","10.01770257",2005-09-12 21:20:55,2005-09-12 21:46:02,20
"108","2004_Gudena","A69-1008-180","RAN2","VR2-1909","56.45552792","10.03316608",2005-09-12 21:54:50,2005-09-12 23:37:48,122
"109","2004_Gudena","A69-1008-180","RAN1","VR2-3538","56.45735379","10.01770257",2005-09-13 01:52:47,2005-09-13 02:12:31,21
"110","2004_Gudena","A69-1008-180","RAN1","VR2-3538","56.45735379","10.01770257",2005-09-27 19:31:34,2005-09-27 19:40:34,13
"111","2004_Gudena","A69-1008-180","RAN2","VR2-1909","56.45552792","10.03316608",2005-09-27 20:11:11,2005-09-27 23:10:19,154
"112","2004_Gudena","A69-1008-180","RAN1","VR2-3538","56.45735379","10.01770257",2005-09-28 00:02:54,2005-09-28 00:31:29,38
"113","2004_Gudena","A69-1008-180","RAN1","VR2-3538","56.45735379","10.01770257",2005-09-28 19:40:51,2005-09-28 20:06:23,25
"114","2004_Gudena","A69-1008-180","RAN2","VR2-1909","56.45552792","10.03316608",2005-09-28 20:21:06,2005-09-28 20:56:53,45
"115","2004_Gudena","A69-1008-180","RAN1","VR2-3538","56.45735379","10.01770257",2005-09-28 21:41:01,2005-09-28 22:09:24,13
"116","2004_Gudena","A69-1008-180","RAN2","VR2-1909","56.45552792","10.03316608",2005-09-28 22:23:36,2005-09-28 23:21:58,61
"117","2004_Gudena","A69-1008-180","RAN1","VR2-3538","56.45735379","10.01770257",2005-09-28 23:58:32,2005-09-29 00:48:33,47
"118","2004_Gudena","A69-1008-180","RAN1","VR2-3538","56.45735379","10.01770257",2005-09-29 21:43:07,2005-09-29 21:46:18,6
"119","2004_Gudena","A69-1008-180","RAN1","VR2-3538","56.45735379","10.01770257",2005-09-30 20:05:12,2005-09-30 20:11:40,10
"120","2004_Gudena","A69-1008-180","RAN2","VR2-1909","56.45552792","10.03316608",2005-09-30 20:58:46,2005-09-30 21:50:43,44
"121","2004_Gudena","A69-1008-180","UGEL2","VR2-2718","56.47968471","10.21517113",2005-10-01 04:14:51,2005-10-01 04:28:03,13
"122","2004_Gudena","A69-1008-180","UGEL1","VR2-3080","56.48324094","10.2181103",2005-10-01 15:19:21,2005-10-01 15:34:55,10
"123","2004_Gudena","A69-1008-181","rel_gudena","none","56.364919","9.900337",2005-09-08 14:00:00,2005-09-08 14:00:00,1
"124","2004_Gudena","A69-1008-181","GUD1","VR2-3536","56.38230254","9.897962798",2005-09-09 21:44:59,2005-09-09 21:52:30,11
"125","2004_Gudena","A69-1008-181","RAN1","VR2-3538","56.45735379","10.01770257",2005-09-10 04:11:10,2005-09-10 04:26:55,14
"126","2004_Gudena","A69-1008-181","RAN2","VR2-1909","56.45552792","10.03316608",2005-09-10 04:41:05,2005-09-10 11:04:37,127
"127","2004_Gudena","A69-1008-181","RAN2","VR2-1909","56.45552792","10.03316608",2005-09-10 12:36:27,2005-09-10 13:06:25,8
"128","2004_Gudena","A69-1008-181","RAN2","VR2-1909","56.45552792","10.03316608",2005-09-10 14:17:21,2005-09-12 02:57:35,971
"129","2004_Gudena","A69-1008-181","RAN2","VR2-1909","56.45552792","10.03316608",2005-09-15 00:15:29,2005-09-15 00:20:51,9
"130","2004_Gudena","A69-1008-181","RAN2","VR2-1909","56.45552792","10.03316608",2005-10-23 17:54:54,2005-10-23 18:25:31,31
"131","2004_Gudena","A69-1008-181","UGEL2","VR2-2718","56.47968471","10.21517113",2005-10-24 19:11:56,2005-10-24 19:26:37,17
"132","2004_Gudena","A69-1008-182","rel_gudena","none","56.364919","9.900337",2005-09-08 14:00:00,2005-09-08 14:00:00,1
"133","2004_Gudena","A69-1008-182","GUD1","VR2-3536","56.38230254","9.897962798",2005-09-10 02:32:10,2005-09-10 02:44:01,8
"134","2004_Gudena","A69-1008-182","RAN1","VR2-3538","56.45735379","10.01770257",2005-09-28 21:16:11,2005-09-28 21:34:44,15
"135","2004_Gudena","A69-1008-182","RAN2","VR2-1909","56.45552792","10.03316608",2005-09-28 23:06:56,2005-09-28 23:50:14,34
"136","2004_Gudena","A69-1008-182","RAN1","VR2-3538","56.45735379","10.01770257",2005-09-29 00:26:10,2005-09-29 02:52:09,186
"137","2004_Gudena","A69-1008-182","RAN1","VR2-3538","56.45735379","10.01770257",2005-10-23 21:23:33,2005-10-23 21:23:33,1
"138","2004_Gudena","A69-1008-182","RAN1","VR2-3538","56.45735379","10.01770257",2005-10-23 23:55:54,2005-10-24 04:36:43,34
"139","2004_Gudena","A69-1008-182","RAN1","VR2-3538","56.45735379","10.01770257",2005-10-24 11:05:54,2005-10-24 13:10:25,14
"140","2004_Gudena","A69-1008-182","RAN1","VR2-3538","56.45735379","10.01770257",2005-10-24 14:54:58,2005-10-24 15:11:56,12
"141","2004_Gudena","A69-1008-182","RAN1","VR2-3538","56.45735379","10.01770257",2005-10-24 18:50:56,2005-10-24 19:15:46,30
"142","2004_Gudena","A69-1008-182","RAN2","VR2-1909","56.45552792","10.03316608",2005-10-24 19:59:51,2005-10-24 20:18:44,15
"143","2004_Gudena","A69-1008-182","UGEL2","VR2-2718","56.47968471","10.21517113",2005-10-26 01:39:57,2005-10-26 02:24:27,49
"144","2004_Gudena","A69-1008-183","rel_gudena","none","56.364919","9.900337",2005-09-08 14:00:00,2005-09-08 14:00:00,1
"145","2004_Gudena","A69-1008-183","GUD1","VR2-3536","56.38230254","9.897962798",2005-09-09 21:18:00,2005-09-09 21:29:16,12
"146","2004_Gudena","A69-1008-183","RAN1","VR2-3538","56.45735379","10.01770257",2005-09-10 02:50:11,2005-09-10 04:14:52,90
"147","2004_Gudena","A69-1008-183","RAN2","VR2-1909","56.45552792","10.03316608",2005-09-10 04:35:50,2005-09-10 04:49:22,19
"148","2004_Gudena","A69-1008-183","RAN2","VR2-1909","56.45552792","10.03316608",2005-09-15 02:20:54,2005-09-15 02:20:54,1
"149","2004_Gudena","A69-1008-183","UGEL2","VR2-2718","56.47968471","10.21517113",2005-09-30 22:22:54,2005-09-30 22:50:04,38
"150","2004_Gudena","A69-1008-183","UGEL2","VR2-2718","56.47968471","10.21517113",2005-10-01 15:10:16,2005-10-01 15:35:35,24
"151","2004_Gudena","A69-1008-184","rel_gudena","none","56.364919","9.900337",2005-09-08 14:00:00,2005-09-08 14:00:00,1
"152","2004_Gudena","A69-1008-184","GUD1","VR2-3536","56.38230254","9.897962798",2005-09-09 21:27:22,2005-09-09 21:43:59,14
"153","2004_Gudena","A69-1008-184","RAN1","VR2-3538","56.45735379","10.01770257",2005-09-12 20:26:42,2005-09-12 21:06:27,22
"154","2004_Gudena","A69-1008-184","RAN2","VR2-1909","56.45552792","10.03316608",2005-09-12 22:32:34,2005-09-12 22:53:51,18
"155","2004_Gudena","A69-1008-184","RAN1","VR2-3538","56.45735379","10.01770257",2005-09-12 22:54:13,2005-09-12 22:54:13,1
"156","2004_Gudena","A69-1008-184","RAN2","VR2-1909","56.45552792","10.03316608",2005-09-12 22:54:29,2005-09-12 23:27:47,15
"157","2004_Gudena","A69-1008-184","RAN1","VR2-3538","56.45735379","10.01770257",2005-09-12 23:51:55,2005-09-13 01:10:13,80
"158","2004_Gudena","A69-1008-184","RAN1","VR2-3538","56.45735379","10.01770257",2005-09-24 03:52:45,2005-09-24 04:09:49,13
"159","2004_Gudena","A69-1008-184","RAN1","VR2-3538","56.45735379","10.01770257",2005-10-02 03:11:48,2005-10-02 03:11:48,1
"160","2004_Gudena","A69-1008-184","RAN1","VR2-3538","56.45735379","10.01770257",2005-10-08 23:42:12,2005-10-09 00:35:43,16
"161","2004_Gudena","A69-1008-184","RAN1","VR2-3538","56.45735379","10.01770257",2005-10-09 01:41:15,2005-10-09 01:47:59,5
"162","2004_Gudena","A69-1008-184","RAN1","VR2-3538","56.45735379","10.01770257",2005-10-11 03:44:24,2005-10-11 03:57:02,2
"163","2004_Gudena","A69-1008-184","RAN1","VR2-3538","56.45735379","10.01770257",2005-10-11 18:20:55,2005-10-11 18:23:50,2
"164","2004_Gudena","A69-1008-184","RAN1","VR2-3538","56.45735379","10.01770257",2005-10-12 03:09:04,2005-10-12 03:09:04,1
"165","2004_Gudena","A69-1008-184","RAN1","VR2-3538","56.45735379","10.01770257",2005-10-12 04:28:17,2005-10-12 04:28:17,1
"166","2004_Gudena","A69-1008-185","rel_gudena","none","56.364919","9.900337",2005-09-08 14:00:00,2005-09-08 14:00:00,1
"167","2004_Gudena","A69-1008-185","GUD1","VR2-3536","56.38230254","9.897962798",2005-09-09 20:04:35,2005-09-09 20:09:13,8
"168","2004_Gudena","A69-1008-185","RAN1","VR2-3538","56.45735379","10.01770257",2005-09-10 20:54:18,2005-09-10 21:09:03,14
"169","2004_Gudena","A69-1008-185","RAN2","VR2-1909","56.45552792","10.03316608",2005-09-10 21:24:47,2005-09-10 21:38:02,10
"170","2004_Gudena","A69-1008-185","UGEL2","VR2-2718","56.47968471","10.21517113",2005-10-23 19:21:49,2005-10-23 19:44:11,21
"171","2004_Gudena","A69-1008-185","GUD1","VR2-3536","56.38230254","9.897962798",2006-03-10 05:04:56,2006-03-10 05:04:56,1
"172","2004_Gudena","A69-1008-186","rel_gudena","none","56.364919","9.900337",2005-09-08 14:00:00,2005-09-08 14:00:00,1
"173","2004_Gudena","A69-1008-186","GUD1","VR2-3536","56.38230254","9.897962798",2005-09-11 20:15:20,2005-09-11 20:27:08,12
"174","2004_Gudena","A69-1008-186","RAN1","VR2-3538","56.45735379","10.01770257",2005-09-12 20:52:47,2005-09-12 21:07:09,16
"175","2004_Gudena","A69-1008-186","RAN2","VR2-1909","56.45552792","10.03316608",2005-09-12 21:36:06,2005-09-12 21:48:37,17
"176","2004_Gudena","A69-1008-186","UGEL2","VR2-2718","56.47968471","10.21517113",2005-10-19 03:42:16,2005-10-19 05:45:15,76
"177","2004_Gudena","A69-1008-186","UGEL2","VR2-2718","56.47968471","10.21517113",2005-10-23 19:57:55,2005-10-23 20:22:41,15
"178","2004_Gudena","A69-1008-187","rel_gudena","none","56.364919","9.900337",2005-09-08 14:00:00,2005-09-08 14:00:00,1
"179","2004_Gudena","A69-1008-187","GUD1","VR2-3536","56.38230254","9.897962798",2005-09-09 22:49:28,2005-09-09 22:54:53,7
"180","2004_Gudena","A69-1008-187","RAN1","VR2-3538","56.45735379","10.01770257",2005-09-28 19:52:41,2005-09-28 20:24:35,30
"181","2004_Gudena","A69-1008-187","RAN2","VR2-1909","56.45552792","10.03316608",2005-09-28 20:43:50,2005-09-29 21:41:09,1470
"182","2004_Gudena","A69-1008-187","UGEL1","VR2-3080","56.48324094","10.2181103",2005-10-03 00:09:49,2005-10-03 04:56:30,348
"183","2004_Gudena","A69-1008-187","UGEL1","VR2-3080","56.48324094","10.2181103",2005-10-03 07:56:48,2005-10-03 07:56:48,1
"184","2004_Gudena","A69-1008-187","UGEL1","VR2-3080","56.48324094","10.2181103",2005-10-03 19:59:57,2005-10-03 19:59:57,1
"185","2004_Gudena","A69-1008-187","UGEL1","VR2-3080","56.48324094","10.2181103",2005-10-03 22:25:01,2005-10-03 23:22:27,33
"186","2004_Gudena","A69-1008-187","UGEL1","VR2-3080","56.48324094","10.2181103",2005-10-04 03:53:30,2005-10-04 06:02:44,96
"187","2004_Gudena","A69-1008-187","UGEL1","VR2-3080","56.48324094","10.2181103",2005-10-04 21:30:13,2005-10-04 21:30:13,1
"188","2004_Gudena","A69-1008-187","UDBY1","VR2-3530","56.60799107","10.29949461",2005-10-20 21:46:54,2005-10-20 21:46:54,1
"189","2004_Gudena","A69-1008-187","UDBY1","VR2-3530","56.60799107","10.29949461",2005-10-21 20:23:14,2005-10-21 23:26:58,144
"190","2004_Gudena","A69-1008-187","KATNORD","VR2-2566","56.61897787","10.35937256",2005-10-22 21:21:44,2005-10-22 21:36:12,17
"191","2004_Gudena","A69-1008-188","rel_gudena","none","56.364919","9.900337",2005-09-08 14:00:00,2005-09-08 14:00:00,1
"192","2004_Gudena","A69-1008-188","GUD1","VR2-3536","56.38230254","9.897962798",2005-10-25 02:16:26,2005-10-25 03:12:34,43
"193","2004_Gudena","A69-1008-188","GUD2","VR2-1908","56.38312088","9.901577397",2005-10-25 17:47:23,2005-10-25 17:48:13,2
"194","2004_Gudena","A69-1008-188","RAN1","VR2-3538","56.45735379","10.01770257",2005-10-25 22:01:32,2005-10-25 22:06:33,9
"195","2004_Gudena","A69-1008-188","RAN2","VR2-1909","56.45552792","10.03316608",2005-10-25 22:30:18,2005-10-25 22:39:59,16
"196","2004_Gudena","A69-1008-188","UGEL2","VR2-2718","56.47968471","10.21517113",2005-10-26 12:25:29,2005-10-26 12:59:35,31
"197","2004_Gudena","A69-1008-189","rel_gudena","none","56.364919","9.900337",2005-09-08 14:00:00,2005-09-08 14:00:00,1
"198","2004_Gudena","A69-1008-189","GUD1","VR2-3536","56.38230254","9.897962798",2005-09-09 21:16:19,2005-09-09 21:22:33,10
"199","2004_Gudena","A69-1008-189","RAN1","VR2-3538","56.45735379","10.01770257",2005-09-10 03:24:51,2005-09-10 03:34:42,11
"200","2004_Gudena","A69-1008-189","RAN2","VR2-1909","56.45552792","10.03316608",2005-09-10 04:00:20,2005-09-10 04:38:01,15
"201","2004_Gudena","A69-1008-189","RAN1","VR2-3538","56.45735379","10.01770257",2005-09-10 19:55:04,2005-09-10 20:06:31,15
"202","2004_Gudena","A69-1008-189","RAN2","VR2-1909","56.45552792","10.03316608",2005-09-22 04:44:20,2005-09-22 05:00:15,17
"203","2004_Gudena","A69-1008-189","RAN1","VR2-3538","56.45735379","10.01770257",2005-10-20 18:20:51,2005-10-20 18:20:51,1
"204","2004_Gudena","A69-1008-189","RAN2","VR2-1909","56.45552792","10.03316608",2005-10-20 18:29:43,2005-10-20 18:51:48,24
"205","2004_Gudena","A69-1008-189","UGEL2","VR2-2718","56.47968471","10.21517113",2005-10-25 00:14:36,2005-10-25 00:27:06,6
"206","2004_Gudena","A69-1008-189","UGEL2","VR2-2718","56.47968471","10.21517113",2005-10-25 02:02:49,2005-10-25 02:36:36,30
"207","2004_Gudena","A69-1008-190","rel_gudena","none","56.364919","9.900337",2005-09-08 14:00:00,2005-09-08 14:00:00,1
"208","2004_Gudena","A69-1008-190","GUD1","VR2-3536","56.38230254","9.897962798",2005-10-25 20:30:44,2005-10-25 20:50:56,10
"209","2004_Gudena","A69-1008-190","RAN1","VR2-3538","56.45735379","10.01770257",2005-10-26 20:31:38,2005-10-26 20:33:14,4
"210","2004_Gudena","A69-1008-190","RAN2","VR2-1909","56.45552792","10.03316608",2005-10-26 20:59:38,2005-10-26 21:11:11,16
"211","2004_Gudena","A69-1008-190","UGEL1","VR2-3080","56.48324094","10.2181103",2005-10-27 21:24:52,2005-10-27 21:46:20,24
"212","2004_Gudena","A69-1008-192","rel_gudena","none","56.364919","9.900337",2005-09-08 14:00:00,2005-09-08 14:00:00,1
"213","2004_Gudena","A69-1008-192","GUD1","VR2-3536","56.38230254","9.897962798",2005-09-26 21:51:05,2005-09-26 21:56:49,7
"214","2004_Gudena","A69-1008-192","GUD2","VR2-1908","56.38312088","9.901577397",2005-09-27 12:39:33,2005-09-27 12:46:58,2
"215","2004_Gudena","A69-1008-192","GUD2","VR2-1908","56.38312088","9.901577397",2005-09-28 11:42:27,2005-09-28 11:42:27,1
"216","2004_Gudena","A69-1008-192","GUD1","VR2-3536","56.38230254","9.897962798",2005-09-28 17:45:38,2005-09-28 17:45:38,1
"217","2004_Gudena","A69-1008-192","GUD1","VR2-3536","56.38230254","9.897962798",2005-09-28 18:49:41,2005-09-28 19:34:02,10
"218","2004_Gudena","A69-1008-192","GUD1","VR2-3536","56.38230254","9.897962798",2005-09-30 11:06:00,2005-09-30 11:06:00,1
"219","2004_Gudena","A69-1008-192","GUD2","VR2-1908","56.38312088","9.901577397",2005-10-03 14:25:17,2005-10-03 14:25:17,1
"220","2004_Gudena","A69-1008-192","GUD2","VR2-1908","56.38312088","9.901577397",2005-10-04 10:35:04,2005-10-04 10:35:04,1
"221","2004_Gudena","A69-1008-192","GUD2","VR2-1908","56.38312088","9.901577397",2005-10-04 19:19:16,2005-10-04 19:19:16,1
"222","2004_Gudena","A69-1008-192","GUD1","VR2-3536","56.38230254","9.897962798",2005-10-06 03:52:26,2005-10-06 03:52:26,1
"223","2004_Gudena","A69-1008-192","GUD2","VR2-1908","56.38312088","9.901577397",2005-10-25 01:17:50,2005-10-25 01:28:34,16
"224","2004_Gudena","A69-1008-192","GUD2","VR2-1908","56.38312088","9.901577397",2005-10-25 07:03:33,2005-10-25 07:21:12,17
"225","2004_Gudena","A69-1008-192","GUD2","VR2-1908","56.38312088","9.901577397",2005-10-25 17:43:10,2005-10-25 17:46:31,6
"226","2004_Gudena","A69-1008-192","RAN1","VR2-3538","56.45735379","10.01770257",2005-10-25 22:26:48,2005-10-25 22:29:09,4
"227","2004_Gudena","A69-1008-192","RAN2","VR2-1909","56.45552792","10.03316608",2005-10-25 22:57:43,2005-10-25 23:01:51,6
"228","2004_Gudena","A69-1008-192","UGEL1","VR2-3080","56.48324094","10.2181103",2005-10-26 18:58:17,2005-10-26 19:42:04,18
"229","2004_Gudena","A69-1008-192","UDBY1","VR2-3530","56.60799107","10.29949461",2005-10-27 00:57:58,2005-10-27 01:05:00,9
"230","2004_Gudena","A69-1008-192","UDBY2","VR2-2567","56.60980547","10.30384199",2005-10-27 02:08:19,2005-10-27 02:14:21,2
"231","2004_Gudena","A69-1008-192","UDBY1","VR2-3530","56.60799107","10.29949461",2005-10-27 03:53:19,2005-10-27 07:34:01,93
"232","2004_Gudena","A69-1008-192","UDBY1","VR2-3530","56.60799107","10.29949461",2005-10-27 10:19:59,2005-10-27 10:44:18,6
"233","2004_Gudena","A69-1008-192","UDBY1","VR2-3530","56.60799107","10.29949461",2005-10-27 15:31:18,2005-10-27 19:19:07,219
"234","2004_Gudena","A69-1008-193","rel_gudena","none","56.364919","9.900337",2005-09-08 14:00:00,2005-09-08 14:00:00,1
"235","2004_Gudena","A69-1008-193","GUD1","VR2-3536","56.38230254","9.897962798",2005-09-10 01:22:56,2005-09-10 01:28:28,7
"236","2004_Gudena","A69-1008-193","RAN1","VR2-3538","56.45735379","10.01770257",2005-09-10 22:09:06,2005-09-10 22:23:26,18
"237","2004_Gudena","A69-1008-193","RAN2","VR2-1909","56.45552792","10.03316608",2005-09-10 22:50:42,2005-09-10 23:51:07,49
"238","2004_Gudena","A69-1008-193","RAN2","VR2-1909","56.45552792","10.03316608",2005-09-11 02:10:48,2005-09-11 02:16:42,7
"239","2004_Gudena","A69-1008-193","RAN1","VR2-3538","56.45735379","10.01770257",2005-09-11 02:22:29,2005-09-11 03:39:54,32
"240","2004_Gudena","A69-1008-193","RAN1","VR2-3538","56.45735379","10.01770257",2005-09-11 22:03:06,2005-09-11 23:37:47,38
"241","2004_Gudena","A69-1008-193","RAN1","VR2-3538","56.45735379","10.01770257",2005-09-12 00:47:39,2005-09-12 01:23:08,14
"242","2004_Gudena","A69-1008-193","RAN1","VR2-3538","56.45735379","10.01770257",2005-09-12 02:31:45,2005-09-12 03:34:24,48
"243","2004_Gudena","A69-1008-193","RAN1","VR2-3538","56.45735379","10.01770257",2005-09-12 19:53:06,2005-09-12 19:53:06,1
"244","2004_Gudena","A69-1008-193","RAN1","VR2-3538","56.45735379","10.01770257",2005-09-12 21:08:52,2005-09-12 23:07:11,16
"245","2004_Gudena","A69-1008-193","RAN1","VR2-3538","56.45735379","10.01770257",2005-09-13 03:57:45,2005-09-13 06:39:46,39
"246","2004_Gudena","A69-1008-193","RAN1","VR2-3538","56.45735379","10.01770257",2005-09-18 19:18:19,2005-09-18 19:45:22,35
"247","2004_Gudena","A69-1008-193","RAN1","VR2-3538","56.45735379","10.01770257",2005-09-27 20:41:38,2005-09-27 20:51:27,13
"248","2004_Gudena","A69-1008-193","RAN2","VR2-1909","56.45552792","10.03316608",2005-09-27 21:15:46,2005-09-27 21:50:57,12
"249","2004_Gudena","A69-1008-193","UGEL1","VR2-3080","56.48324094","10.2181103",2005-09-29 02:09:01,2005-09-29 03:18:10,51
"250","2004_Gudena","A69-1008-193","UGEL1","VR2-3080","56.48324094","10.2181103",2005-09-29 21:10:21,2005-09-29 21:50:25,10
"251","2004_Gudena","A69-1008-193","UDBY1","VR2-3530","56.60799107","10.29949461",2005-09-30 20:00:17,2005-09-30 20:03:01,4
"252","2004_Gudena","A69-1008-193","UDBY2","VR2-2567","56.60980547","10.30384199",2005-09-30 21:10:48,2005-09-30 21:21:43,8
"253","2004_Gudena","A69-1008-194","rel_gudena","none","56.364919","9.900337",2005-09-08 14:00:00,2005-09-08 14:00:00,1
"254","2004_Gudena","A69-1008-194","GUD1","VR2-3536","56.38230254","9.897962798",2005-10-22 19:03:53,2005-10-22 19:06:43,5
"255","2004_Gudena","A69-1008-194","RAN1","VR2-3538","56.45735379","10.01770257",2005-10-23 00:18:46,2005-10-23 02:04:48,50
"256","2004_Gudena","A69-1008-194","RAN1","VR2-3538","56.45735379","10.01770257",2005-10-23 03:41:58,2005-10-23 05:06:50,19
"257","2004_Gudena","A69-1008-194","RAN2","VR2-1909","56.45552792","10.03316608",2005-10-23 05:43:32,2005-10-23 05:57:55,11
"258","2004_Gudena","A69-1008-194","UGEL2","VR2-2718","56.47968471","10.21517113",2005-10-24 01:46:01,2005-10-24 01:49:00,4
"259","2004_Gudena","A69-1008-194","UGEL2","VR2-2718","56.47968471","10.21517113",2005-10-24 21:06:56,2005-10-24 21:22:32,18
"260","2004_Gudena","A69-1008-195","rel_gudena","none","56.364919","9.900337",2005-09-08 14:00:00,2005-09-08 14:00:00,1
"261","2004_Gudena","A69-1008-195","GUD1","VR2-3536","56.38230254","9.897962798",2005-09-30 21:07:37,2005-09-30 21:21:40,19
"262","2004_Gudena","A69-1008-195","RAN1","VR2-3538","56.45735379","10.01770257",2005-10-01 02:25:11,2005-10-01 02:43:57,14
"263","2004_Gudena","A69-1008-195","RAN2","VR2-1909","56.45552792","10.03316608",2005-10-01 03:11:00,2005-10-01 03:42:28,31
"264","2004_Gudena","A69-1008-195","RAN2","VR2-1909","56.45552792","10.03316608",2005-10-02 05:36:03,2005-10-02 05:54:52,4
"265","2004_Gudena","A69-1008-195","RAN2","VR2-1909","56.45552792","10.03316608",2005-10-02 19:41:55,2005-10-02 19:41:55,1
"266","2004_Gudena","A69-1008-195","RAN2","VR2-1909","56.45552792","10.03316608",2005-10-02 22:57:54,2005-10-02 23:18:15,2
"267","2004_Gudena","A69-1008-195","UGEL2","VR2-2718","56.47968471","10.21517113",2005-10-04 21:48:27,2005-10-04 22:31:33,39
"268","2004_Gudena","A69-1008-195","UDBY1","VR2-3530","56.60799107","10.29949461",2005-10-05 23:04:53,2005-10-06 00:52:52,41
"269","2004_Gudena","A69-1008-196","rel_gudena","none","56.364919","9.900337",2005-09-08 14:00:00,2005-09-08 14:00:00,1
"270","2004_Gudena","A69-1008-196","GUD1","VR2-3536","56.38230254","9.897962798",2005-09-10 20:51:14,2005-09-10 21:56:29,15
"271","2004_Gudena","A69-1008-196","RAN1","VR2-3538","56.45735379","10.01770257",2005-09-12 22:47:29,2005-09-12 23:06:28,14
"272","2004_Gudena","A69-1008-196","RAN2","VR2-1909","56.45552792","10.03316608",2005-09-12 23:27:14,2005-09-12 23:47:09,9
"273","2004_Gudena","A69-1008-196","UGEL2","VR2-2718","56.47968471","10.21517113",2005-10-21 02:23:37,2005-10-21 02:37:32,16
"274","2004_Gudena","A69-1008-196","UDBY1","VR2-3530","56.60799107","10.29949461",2005-10-23 23:15:50,2005-10-23 23:22:45,6
"275","2004_Gudena","A69-1008-196","UDBY2","VR2-2567","56.60980547","10.30384199",2005-10-24 00:32:58,2005-10-24 18:39:21,616
"276","2004_Gudena","A69-1008-197","rel_gudena","none","56.364919","9.900337",2005-09-08 14:00:00,2005-09-08 14:00:00,1
"277","2004_Gudena","A69-1008-197","GUD1","VR2-3536","56.38230254","9.897962798",2005-09-09 22:07:16,2005-09-09 22:08:48,3
"278","2004_Gudena","A69-1008-198","rel_gudena","none","56.364919","9.900337",2005-09-08 14:00:00,2005-09-08 14:00:00,1
"279","2004_Gudena","A69-1008-198","GUD1","VR2-3536","56.38230254","9.897962798",2005-09-09 22:11:22,2005-09-09 23:02:47,47
"280","2004_Gudena","A69-1008-198","RAN1","VR2-3538","56.45735379","10.01770257",2005-09-28 21:32:07,2005-09-28 21:42:27,16
"281","2004_Gudena","A69-1008-198","RAN2","VR2-1909","56.45552792","10.03316608",2005-09-28 22:07:15,2005-09-28 22:21:16,17
"282","2004_Gudena","A69-1008-198","UGEL1","VR2-3080","56.48324094","10.2181103",2005-10-21 23:07:27,2005-10-21 23:37:35,24
"283","2004_Gudena","A69-1008-198","UDBY1","VR2-3530","56.60799107","10.29949461",2005-10-25 19:08:01,2005-10-25 19:09:44,3
"284","2004_Gudena","A69-1008-198","UDBY2","VR2-2567","56.60980547","10.30384199",2005-10-25 20:26:17,2005-10-25 20:30:17,8
"285","2004_Gudena","A69-1008-199","rel_gudena","none","56.364919","9.900337",2005-09-08 14:00:00,2005-09-08 14:00:00,1
"286","2004_Gudena","A69-1008-199","GUD1","VR2-3536","56.38230254","9.897962798",2005-09-15 19:51:59,2005-09-15 20:21:35,21
"287","2004_Gudena","A69-1008-199","RAN1","VR2-3538","56.45735379","10.01770257",2005-09-27 20:58:10,2005-09-27 21:13:17,17
"288","2004_Gudena","A69-1008-199","RAN2","VR2-1909","56.45552792","10.03316608",2005-09-27 21:48:33,2005-09-27 22:59:09,71
"289","2004_Gudena","A69-1008-199","RAN1","VR2-3538","56.45735379","10.01770257",2005-09-27 23:16:46,2005-09-27 23:27:03,11
"290","2004_Gudena","A69-1008-199","RAN1","VR2-3538","56.45735379","10.01770257",2005-09-28 22:41:04,2005-09-28 22:54:30,19
"291","2004_Gudena","A69-1008-199","RAN2","VR2-1909","56.45552792","10.03316608",2005-09-28 23:23:14,2005-09-29 00:35:40,60
"292","2004_Gudena","A69-1008-199","RAN1","VR2-3538","56.45735379","10.01770257",2005-09-29 00:53:15,2005-09-29 01:25:21,25
"293","2004_Gudena","A69-1008-199","RAN1","VR2-3538","56.45735379","10.01770257",2005-10-01 21:24:13,2005-10-01 22:59:44,41
"294","2004_Gudena","A69-1008-199","RAN1","VR2-3538","56.45735379","10.01770257",2005-10-15 07:45:06,2005-10-15 07:45:06,1
"295","2004_Gudena","A69-1008-199","RAN1","VR2-3538","56.45735379","10.01770257",2005-10-23 17:36:35,2005-10-23 18:11:14,23
"296","2004_Gudena","A69-1008-199","RAN2","VR2-1909","56.45552792","10.03316608",2005-10-23 18:27:20,2005-10-23 18:55:06,40
"297","2004_Gudena","A69-1008-199","UGEL2","VR2-2718","56.47968471","10.21517113",2005-10-24 21:02:54,2005-10-24 22:10:12,46
"298","2004_Gudena","A69-1008-199","UGEL1","VR2-3080","56.48324094","10.2181103",2005-10-25 01:55:12,2005-10-25 02:00:13,7
"299","2004_Gudena","A69-1008-199","UGEL1","VR2-3080","56.48324094","10.2181103",2005-10-25 05:39:40,2005-10-25 05:47:18,8
"300","2004_Gudena","A69-1008-200","rel_gudena","none","56.364919","9.900337",2005-09-08 14:00:00,2005-09-08 14:00:00,1
"301","2004_Gudena","A69-1008-200","GUD1","VR2-3536","56.38230254","9.897962798",2005-09-09 20:58:45,2005-09-09 21:04:35,8
"302","2004_Gudena","A69-1008-200","RAN1","VR2-3538","56.45735379","10.01770257",2005-09-10 03:33:22,2005-09-10 03:43:29,14
"303","2004_Gudena","A69-1008-200","RAN2","VR2-1909","56.45552792","10.03316608",2005-09-10 04:07:16,2005-09-10 04:29:44,30
"304","2004_Gudena","A69-1008-200","RAN1","VR2-3538","56.45735379","10.01770257",2005-09-10 04:46:43,2005-09-10 05:42:10,63
"305","2004_Gudena","A69-1008-200","RAN1","VR2-3538","56.45735379","10.01770257",2005-09-10 06:43:01,2005-09-10 06:43:01,1
"306","2004_Gudena","A69-1008-200","RAN1","VR2-3538","56.45735379","10.01770257",2005-09-10 08:29:24,2005-09-10 13:08:06,160
"307","2004_Gudena","A69-1008-200","RAN1","VR2-3538","56.45735379","10.01770257",2005-09-10 15:20:44,2005-09-10 20:59:29,135
"308","2004_Gudena","A69-1008-200","RAN2","VR2-1909","56.45552792","10.03316608",2005-09-10 21:32:29,2005-09-10 21:49:49,8
"309","2004_Gudena","A69-1008-200","UGEL2","VR2-2718","56.47968471","10.21517113",2005-09-11 05:45:41,2005-09-11 06:14:04,23
"310","2004_Gudena","A69-1008-200","UGEL1","VR2-3080","56.48324094","10.2181103",2005-09-11 21:04:26,2005-09-11 23:04:19,145
"311","2004_Gudena","A69-1008-200","RAN2","VR2-1909","56.45552792","10.03316608",2005-09-12 03:12:48,2005-09-12 03:27:52,12
"312","2004_Gudena","A69-1008-200","RAN1","VR2-3538","56.45735379","10.01770257",2005-09-12 03:28:53,2005-09-12 03:28:53,1
"313","2004_Gudena","A69-1008-200","RAN2","VR2-1909","56.45552792","10.03316608",2005-09-12 03:29:07,2005-09-12 03:29:07,1
"314","2004_Gudena","A69-1008-200","RAN1","VR2-3538","56.45735379","10.01770257",2005-09-12 03:29:21,2005-09-12 03:29:55,2
"315","2004_Gudena","A69-1008-200","RAN2","VR2-1909","56.45552792","10.03316608",2005-09-12 03:30:09,2005-09-12 03:30:09,1
"316","2004_Gudena","A69-1008-200","RAN1","VR2-3538","56.45735379","10.01770257",2005-09-12 03:30:39,2005-09-12 03:31:04,2
"317","2004_Gudena","A69-1008-200","RAN2","VR2-1909","56.45552792","10.03316608",2005-09-12 03:31:10,2005-09-12 03:31:10,1
"318","2004_Gudena","A69-1008-200","RAN1","VR2-3538","56.45735379","10.01770257",2005-09-12 03:32:47,2005-09-12 03:48:34,17
"319","2004_Gudena","A69-1008-200","RAN1","VR2-3538","56.45735379","10.01770257",2005-09-12 04:49:26,2005-09-12 07:11:33,46
"320","2004_Gudena","A69-1008-200","RAN1","VR2-3538","56.45735379","10.01770257",2005-09-12 08:25:42,2005-09-12 09:43:23,7
"321","2004_Gudena","A69-1008-200","RAN1","VR2-3538","56.45735379","10.01770257",2005-09-12 16:32:18,2005-09-12 20:11:05,60
"322","2004_Gudena","A69-1008-200","RAN1","VR2-3538","56.45735379","10.01770257",2005-09-12 21:16:55,2005-09-12 21:16:55,1
"323","2004_Gudena","A69-1008-200","RAN1","VR2-3538","56.45735379","10.01770257",2005-09-12 22:27:51,2005-09-12 22:27:51,1
"324","2004_Gudena","A69-1008-200","RAN1","VR2-3538","56.45735379","10.01770257",2005-09-13 01:11:23,2005-09-13 01:38:45,2
"325","2004_Gudena","A69-1008-200","RAN1","VR2-3538","56.45735379","10.01770257",2005-09-13 04:28:53,2005-09-13 08:24:52,79
"326","2004_Gudena","A69-1008-200","RAN1","VR2-3538","56.45735379","10.01770257",2005-09-13 18:03:07,2005-09-13 21:41:04,61
"327","2004_Gudena","A69-1008-200","RAN1","VR2-3538","56.45735379","10.01770257",2005-09-14 06:59:13,2005-09-14 07:58:13,31
"328","2004_Gudena","A69-1008-200","RAN1","VR2-3538","56.45735379","10.01770257",2005-09-14 09:24:27,2005-09-14 09:35:09,2
"329","2004_Gudena","A69-1008-200","RAN1","VR2-3538","56.45735379","10.01770257",2005-09-14 10:44:43,2005-09-14 10:44:43,1
"330","2004_Gudena","A69-1008-200","RAN1","VR2-3538","56.45735379","10.01770257",2005-09-14 18:01:10,2005-09-15 00:47:47,100
"331","2004_Gudena","A69-1008-200","RAN1","VR2-3538","56.45735379","10.01770257",2005-09-15 02:46:06,2005-09-16 03:42:23,1039
"332","2004_Gudena","A69-1008-200","RAN1","VR2-3538","56.45735379","10.01770257",2005-09-16 05:23:59,2005-09-17 12:34:55,1540
"333","2004_Gudena","A69-1008-200","RAN1","VR2-3538","56.45735379","10.01770257",2005-09-17 13:54:41,2005-09-17 16:15:43,86
"334","2004_Gudena","A69-1008-200","RAN1","VR2-3538","56.45735379","10.01770257",2005-09-17 17:21:42,2005-09-17 17:25:23,3
"335","2004_Gudena","A69-1008-200","RAN1","VR2-3538","56.45735379","10.01770257",2005-09-17 18:52:59,2005-09-18 17:54:09,946
"336","2004_Gudena","A69-1008-200","RAN1","VR2-3538","56.45735379","10.01770257",2005-09-18 19:22:44,2005-09-18 19:30:07,6
"337","2004_Gudena","A69-1008-200","RAN1","VR2-3538","56.45735379","10.01770257",2005-09-18 21:22:43,2005-09-18 22:45:01,93
"338","2004_Gudena","A69-1008-200","RAN1","VR2-3538","56.45735379","10.01770257",2005-09-19 01:11:59,2005-09-20 06:10:20,1792
"339","2004_Gudena","A69-1008-200","RAN1","VR2-3538","56.45735379","10.01770257",2005-09-20 07:45:08,2005-09-21 15:22:44,1403
"340","2004_Gudena","A69-1008-200","RAN1","VR2-3538","56.45735379","10.01770257",2005-09-21 16:24:34,2005-09-21 17:37:00,9
"341","2004_Gudena","A69-1008-200","RAN1","VR2-3538","56.45735379","10.01770257",2005-09-21 18:44:15,2005-09-22 10:22:20,513
"342","2004_Gudena","A69-1008-200","RAN1","VR2-3538","56.45735379","10.01770257",2005-09-22 11:57:41,2005-09-22 12:37:35,13
"343","2004_Gudena","A69-1008-200","RAN1","VR2-3538","56.45735379","10.01770257",2005-09-22 13:46:21,2005-09-22 13:54:07,3
"344","2004_Gudena","A69-1008-200","RAN1","VR2-3538","56.45735379","10.01770257",2005-09-22 16:51:40,2005-09-22 17:23:03,5
"345","2004_Gudena","A69-1008-200","RAN1","VR2-3538","56.45735379","10.01770257",2005-09-22 19:46:51,2005-09-22 19:57:30,2
"346","2004_Gudena","A69-1008-200","RAN1","VR2-3538","56.45735379","10.01770257",2005-09-22 21:00:11,2005-09-23 05:58:21,374
"347","2004_Gudena","A69-1008-200","RAN1","VR2-3538","56.45735379","10.01770257",2005-09-23 08:00:56,2005-09-23 14:45:52,81
"348","2004_Gudena","A69-1008-200","RAN1","VR2-3538","56.45735379","10.01770257",2005-09-23 23:23:15,2005-09-27 21:00:01,5682
"349","2004_Gudena","A69-1008-200","RAN2","VR2-1909","56.45552792","10.03316608",2005-09-27 21:17:56,2005-09-27 21:30:53,12
"350","2004_Gudena","A69-1008-200","RAN2","VR2-1909","56.45552792","10.03316608",2005-09-28 01:37:27,2005-09-28 01:56:58,28
"351","2004_Gudena","A69-1008-200","RAN2","VR2-1909","56.45552792","10.03316608",2005-09-28 19:27:52,2005-09-28 20:10:35,49
"352","2004_Gudena","A69-1008-200","UGEL1","VR2-3080","56.48324094","10.2181103",2005-09-29 02:57:23,2005-09-29 04:01:32,63
"353","2004_Gudena","A69-1008-201","rel_gudena","none","56.364919","9.900337",2005-09-08 14:00:00,2005-09-08 14:00:00,1
"354","2004_Gudena","A69-1008-201","GUD1","VR2-3536","56.38230254","9.897962798",2005-09-12 23:04:26,2005-09-12 23:19:11,18
"355","2004_Gudena","A69-1008-201","RAN1","VR2-3538","56.45735379","10.01770257",2005-09-14 00:03:22,2005-09-14 00:07:41,5
"356","2004_Gudena","A69-1008-201","RAN1","VR2-3538","56.45735379","10.01770257",2005-09-28 20:23:23,2005-09-28 20:39:43,21
"357","2004_Gudena","A69-1008-201","RAN2","VR2-1909","56.45552792","10.03316608",2005-09-28 21:14:28,2005-09-28 21:54:39,32
"358","2004_Gudena","A69-1008-201","UGEL2","VR2-2718","56.47968471","10.21517113",2005-09-30 05:22:23,2005-09-30 20:21:15,778
"359","2004_Gudena","A69-1008-201","UDBY1","VR2-3530","56.60799107","10.29949461",2005-10-01 01:31:38,2005-10-01 01:37:57,6
"360","2004_Gudena","A69-1008-201","UDBY2","VR2-2567","56.60980547","10.30384199",2005-10-01 02:46:07,2005-10-01 05:30:20,94
"361","2004_Gudena","A69-1008-201","UDBY1","VR2-3530","56.60799107","10.29949461",2005-10-01 19:55:45,2005-10-01 20:20:51,15
"362","2004_Gudena","A69-1008-201","UDBY2","VR2-2567","56.60980547","10.30384199",2005-10-01 21:23:40,2005-10-01 21:50:14,27
"363","2004_Gudena","A69-1008-201","KATNORD","VR2-2566","56.61897787","10.35937256",2005-10-01 22:21:24,2005-10-01 22:31:44,10
"364","2004_Gudena","A69-1008-202","rel_gudena","none","56.364919","9.900337",2005-09-08 14:00:00,2005-09-08 14:00:00,1
"365","2004_Gudena","A69-1008-203","rel_gudena","none","56.364919","9.900337",2005-09-08 14:00:00,2005-09-08 14:00:00,1
"366","2004_Gudena","A69-1008-203","GUD1","VR2-3536","56.38230254","9.897962798",2005-09-09 20:59:23,2005-09-09 21:03:22,6
"367","2004_Gudena","A69-1008-203","RAN2","VR2-1909","56.45552792","10.03316608",2005-09-10 03:23:35,2005-09-10 03:59:15,49
"368","2004_Gudena","A69-1008-203","UGEL2","VR2-2718","56.47968471","10.21517113",2005-10-23 02:53:41,2005-10-23 03:05:15,5
"369","2004_Gudena","A69-1008-204","rel_gudena","none","56.364919","9.900337",2005-09-08 14:00:00,2005-09-08 14:00:00,1
"370","2004_Gudena","A69-1008-205","rel_gudena","none","56.364919","9.900337",2005-09-08 14:00:00,2005-09-08 14:00:00,1
"371","2004_Gudena","A69-1008-205","GUD1","VR2-3536","56.38230254","9.897962798",2005-09-10 01:59:16,2005-09-10 02:21:15,13
"372","2004_Gudena","A69-1008-205","RAN1","VR2-3538","56.45735379","10.01770257",2005-09-28 20:58:37,2005-09-28 21:04:37,8
"373","2004_Gudena","A69-1008-205","RAN2","VR2-1909","56.45552792","10.03316608",2005-09-28 21:57:47,2005-09-28 22:06:49,7
"374","2004_Gudena","A69-1008-205","UGEL2","VR2-2718","56.47968471","10.21517113",2005-09-30 00:08:05,2005-09-30 00:08:05,1
"375","2004_Gudena","A69-1008-205","UGEL2","VR2-2718","56.47968471","10.21517113",2005-10-18 22:44:34,2005-10-18 22:44:34,1
"376","2004_Gudena","A69-1008-206","rel_gudena","none","56.364919","9.900337",2005-10-04 14:00:00,2005-10-04 14:00:00,1
"377","2004_Gudena","A69-1008-207","rel_gudena","none","56.364919","9.900337",2005-10-04 14:00:00,2005-10-04 14:00:00,1
"378","2004_Gudena","A69-1008-207","GUD1","VR2-3536","56.38230254","9.897962798",2005-10-05 20:17:23,2005-10-05 20:28:15,10
"379","2004_Gudena","A69-1008-207","RAN1","VR2-3538","56.45735379","10.01770257",2005-10-06 04:13:20,2005-10-06 04:28:26,19
"380","2004_Gudena","A69-1008-207","RAN2","VR2-1909","56.45552792","10.03316608",2005-10-06 04:58:01,2005-10-06 05:07:26,11
"381","2004_Gudena","A69-1008-207","UGEL2","VR2-2718","56.47968471","10.21517113",2005-10-11 21:05:07,2005-10-11 21:47:24,49
"382","2004_Gudena","A69-1008-207","UGEL1","VR2-3080","56.48324094","10.2181103",2005-10-11 22:55:59,2005-10-11 23:29:23,38
"383","2004_Gudena","A69-1008-207","UGEL2","VR2-2718","56.47968471","10.21517113",2005-10-14 01:50:12,2005-10-14 04:50:58,106
"384","2004_Gudena","A69-1008-207","UGEL2","VR2-2718","56.47968471","10.21517113",2005-10-26 21:18:38,2005-10-26 21:37:10,15
"385","2004_Gudena","A69-1008-207","UDBY1","VR2-3530","56.60799107","10.29949461",2005-10-27 22:19:37,2005-10-27 22:27:16,12
"386","2004_Gudena","A69-1008-207","UDBY2","VR2-2567","56.60980547","10.30384199",2005-10-27 23:31:03,2005-10-27 23:53:09,23
"387","2004_Gudena","A69-1008-208","rel_gudena","none","56.364919","9.900337",2005-10-04 14:00:00,2005-10-04 14:00:00,1
"388","2004_Gudena","A69-1008-208","GUD1","VR2-3536","56.38230254","9.897962798",2005-10-05 19:57:18,2005-10-05 20:03:33,8
"389","2004_Gudena","A69-1008-208","RAN1","VR2-3538","56.45735379","10.01770257",2005-10-06 00:34:20,2005-10-06 00:44:19,15
"390","2004_Gudena","A69-1008-208","RAN2","VR2-1909","56.45552792","10.03316608",2005-10-06 01:04:18,2005-10-06 01:19:10,16
"391","2004_Gudena","A69-1008-208","UGEL1","VR2-3080","56.48324094","10.2181103",2005-10-07 04:48:56,2005-10-07 05:04:34,5
"392","2004_Gudena","A69-1008-208","UGEL1","VR2-3080","56.48324094","10.2181103",2005-10-09 01:02:35,2005-10-09 02:07:19,57
"393","2004_Gudena","A69-1008-208","UGEL1","VR2-3080","56.48324094","10.2181103",2005-10-09 10:05:01,2005-10-09 11:19:17,36
"394","2004_Gudena","A69-1008-208","UGEL1","VR2-3080","56.48324094","10.2181103",2005-10-11 00:04:37,2005-10-11 00:49:12,3
"395","2004_Gudena","A69-1008-208","UGEL1","VR2-3080","56.48324094","10.2181103",2005-10-18 19:46:55,2005-10-18 19:54:41,3
"396","2004_Gudena","A69-1008-208","UGEL1","VR2-3080","56.48324094","10.2181103",2005-10-25 18:51:18,2005-10-25 19:22:11,31
"397","2004_Gudena","A69-1008-209","rel_gudena","none","56.364919","9.900337",2005-10-04 14:00:00,2005-10-04 14:00:00,1
"398","2004_Gudena","A69-1008-209","GUD1","VR2-3536","56.38230254","9.897962798",2005-10-05 19:20:11,2005-10-05 20:13:26,9
"399","2004_Gudena","A69-1008-209","RAN1","VR2-3538","56.45735379","10.01770257",2005-10-07 22:36:05,2005-10-07 22:56:31,25
"400","2004_Gudena","A69-1008-209","RAN2","VR2-1909","56.45552792","10.03316608",2005-10-07 23:24:38,2005-10-07 23:54:35,37
"401","2004_Gudena","A69-1008-209","RAN2","VR2-1909","56.45552792","10.03316608",2005-10-08 01:12:11,2005-10-08 01:12:11,1
"402","2004_Gudena","A69-1008-209","UGEL2","VR2-2718","56.47968471","10.21517113",2005-11-16 05:34:47,2005-11-16 05:59:14,30
"403","2004_Gudena","A69-1008-209","UDBY1","VR2-3530","56.60799107","10.29949461",2005-11-24 18:18:51,2005-11-24 18:19:44,2
"404","2004_Gudena","A69-1008-209","UDBY2","VR2-2567","56.60980547","10.30384199",2005-11-24 19:35:16,2005-11-24 19:35:49,2
"405","2004_Gudena","A69-1008-210","rel_gudena","none","56.364919","9.900337",2005-10-04 14:00:00,2005-10-04 14:00:00,1
"406","2004_Gudena","A69-1008-210","GUD1","VR2-3536","56.38230254","9.897962798",2005-11-03 20:54:40,2005-11-03 21:05:08,6
"407","2004_Gudena","A69-1008-210","RAN1","VR2-3538","56.45735379","10.01770257",2005-11-04 01:39:08,2005-11-04 01:44:50,7
"408","2004_Gudena","A69-1008-210","RAN2","VR2-1909","56.45552792","10.03316608",2005-11-04 02:10:10,2005-11-04 02:51:59,42
"409","2004_Gudena","A69-1008-210","RAN2","VR2-1909","56.45552792","10.03316608",2005-11-04 17:30:00,2005-11-04 17:49:46,7
"410","2004_Gudena","A69-1008-210","UGEL2","VR2-2718","56.47968471","10.21517113",2005-11-08 19:20:16,2005-11-08 19:38:34,18
"411","2004_Gudena","A69-1008-211","rel_gudena","none","56.364919","9.900337",2005-10-04 14:00:00,2005-10-04 14:00:00,1
"412","2004_Gudena","A69-1008-211","GUD1","VR2-3536","56.38230254","9.897962798",2005-10-05 20:22:51,2005-10-05 20:27:27,6
"413","2004_Gudena","A69-1008-211","RAN1","VR2-3538","56.45735379","10.01770257",2005-10-10 02:53:13,2005-10-10 03:30:06,34
"414","2004_Gudena","A69-1008-211","RAN2","VR2-1909","56.45552792","10.03316608",2005-10-14 20:04:29,2005-10-14 20:04:29,1
"415","2004_Gudena","A69-1008-211","RAN2","VR2-1909","56.45552792","10.03316608",2005-10-18 19:48:28,2005-10-18 21:36:06,51
"416","2004_Gudena","A69-1008-211","UGEL2","VR2-2718","56.47968471","10.21517113",2005-10-28 00:08:11,2005-10-28 00:26:26,28
"417","2004_Gudena","A69-1008-212","rel_gudena","none","56.364919","9.900337",2005-10-04 14:00:00,2005-10-04 14:00:00,1
"418","2004_Gudena","A69-1008-212","GUD1","VR2-3536","56.38230254","9.897962798",2005-10-05 20:55:25,2005-10-05 21:00:41,7
"419","2004_Gudena","A69-1008-212","RAN1","VR2-3538","56.45735379","10.01770257",2005-10-07 19:31:14,2005-10-07 19:45:25,19
"420","2004_Gudena","A69-1008-212","RAN1","VR2-3538","56.45735379","10.01770257",2005-10-07 21:46:58,2005-10-07 22:21:30,47
"421","2004_Gudena","A69-1008-212","RAN1","VR2-3538","56.45735379","10.01770257",2005-10-07 23:54:32,2005-10-08 01:01:36,91
"422","2004_Gudena","A69-1008-212","RAN1","VR2-3538","56.45735379","10.01770257",2005-10-09 18:33:33,2005-10-09 18:53:53,18
"423","2004_Gudena","A69-1008-212","RAN2","VR2-1909","56.45552792","10.03316608",2005-10-09 19:16:10,2005-10-09 19:29:49,14
"424","2004_Gudena","A69-1008-212","UGEL2","VR2-2718","56.47968471","10.21517113",2005-10-10 05:41:18,2005-10-11 18:03:10,2185
"425","2004_Gudena","A69-1008-212","UDBY1","VR2-3530","56.60799107","10.29949461",2005-10-12 01:31:26,2005-10-12 03:28:19,70
"426","2004_Gudena","A69-1008-213","rel_gudena","none","56.364919","9.900337",2005-10-04 14:00:00,2005-10-04 14:00:00,1
"427","2004_Gudena","A69-1008-213","GUD1","VR2-3536","56.38230254","9.897962798",2005-10-25 23:45:16,2005-10-25 23:56:45,9
"428","2004_Gudena","A69-1008-213","RAN1","VR2-3538","56.45735379","10.01770257",2005-10-26 21:14:07,2005-10-26 21:18:26,5
"429","2004_Gudena","A69-1008-213","RAN2","VR2-1909","56.45552792","10.03316608",2005-10-26 21:40:13,2005-10-26 21:50:42,18
"430","2004_Gudena","A69-1008-213","UGEL2","VR2-2718","56.47968471","10.21517113",2005-10-27 22:57:24,2005-10-27 23:16:13,39
"431","2004_Gudena","A69-1008-213","UDBY2","VR2-2567","56.60980547","10.30384199",2005-10-28 19:20:52,2005-10-28 19:33:30,12
"432","2004_Gudena","A69-1008-214","rel_gudena","none","56.364919","9.900337",2005-10-04 14:00:00,2005-10-04 14:00:00,1
"433","2004_Gudena","A69-1008-214","GUD1","VR2-3536","56.38230254","9.897962798",2005-10-11 22:24:13,2005-10-11 22:35:09,10
"434","2004_Gudena","A69-1008-214","RAN1","VR2-3538","56.45735379","10.01770257",2005-10-17 01:22:53,2005-10-17 01:37:09,16
"435","2004_Gudena","A69-1008-214","RAN2","VR2-1909","56.45552792","10.03316608",2005-10-17 01:57:56,2005-10-17 02:15:52,21
"436","2004_Gudena","A69-1008-215","rel_gudena","none","56.364919","9.900337",2005-10-04 14:00:00,2005-10-04 14:00:00,1
"437","2004_Gudena","A69-1008-215","GUD1","VR2-3536","56.38230254","9.897962798",2005-10-05 21:07:13,2005-10-05 21:19:11,7
"438","2004_Gudena","A69-1008-215","RAN2","VR2-1909","56.45552792","10.03316608",2005-10-08 18:56:30,2005-10-08 21:16:17,176
"439","2004_Gudena","A69-1008-215","UGEL1","VR2-3080","56.48324094","10.2181103",2005-10-10 00:00:25,2005-10-10 01:16:28,57
"440","2004_Gudena","A69-1008-216","rel_gudena","none","56.364919","9.900337",2005-10-04 14:00:00,2005-10-04 14:00:00,1
"441","2004_Gudena","A69-1008-216","GUD1","VR2-3536","56.38230254","9.897962798",2005-10-06 20:42:18,2005-10-06 20:54:33,8
"442","2004_Gudena","A69-1008-216","RAN1","VR2-3538","56.45735379","10.01770257",2005-10-09 21:17:29,2005-10-09 21:56:37,47
"443","2004_Gudena","A69-1008-216","RAN2","VR2-1909","56.45552792","10.03316608",2005-10-11 19:13:39,2005-10-11 19:23:34,11
"444","2004_Gudena","A69-1008-216","UGEL2","VR2-2718","56.47968471","10.21517113",2005-10-12 12:58:24,2005-10-12 13:28:08,28
"445","2004_Gudena","A69-1008-216","UDBY1","VR2-3530","56.60799107","10.29949461",2005-10-12 20:23:55,2005-10-12 23:51:12,80
"446","2004_Gudena","A69-1008-216","UDBY1","VR2-3530","56.60799107","10.29949461",2005-10-25 02:19:34,2005-10-25 04:28:51,15
"447","2004_Gudena","A69-1008-216","UDBY2","VR2-2567","56.60980547","10.30384199",2005-10-25 05:41:10,2005-10-25 05:44:09,5
"448","2004_Gudena","A69-1008-217","rel_gudena","none","56.364919","9.900337",2005-10-04 14:00:00,2005-10-04 14:00:00,1
"449","2004_Gudena","A69-1008-217","GUD1","VR2-3536","56.38230254","9.897962798",2005-10-06 01:29:30,2005-10-06 01:38:08,11
"450","2004_Gudena","A69-1008-217","RAN1","VR2-3538","56.45735379","10.01770257",2005-10-25 19:34:01,2005-10-25 19:53:57,17
"451","2004_Gudena","A69-1008-217","RAN2","VR2-1909","56.45552792","10.03316608",2005-10-25 20:05:32,2005-10-25 20:16:58,13
"452","2004_Gudena","A69-1008-217","UGEL1","VR2-3080","56.48324094","10.2181103",2005-10-26 04:46:39,2005-10-26 06:40:31,63
"453","2004_Gudena","A69-1008-217","UDBY1","VR2-3530","56.60799107","10.29949461",2005-10-26 22:10:54,2005-10-26 22:13:52,5
"454","2004_Gudena","A69-1008-217","UDBY2","VR2-2567","56.60980547","10.30384199",2005-10-26 23:16:58,2005-10-26 23:48:23,24
"455","2004_Gudena","A69-1008-218","rel_gudena","none","56.364919","9.900337",2005-10-04 14:00:00,2005-10-04 14:00:00,1
"456","2004_Gudena","A69-1008-218","GUD1","VR2-3536","56.38230254","9.897962798",2005-10-08 02:32:27,2005-10-08 02:54:31,16
"457","2004_Gudena","A69-1008-218","RAN1","VR2-3538","56.45735379","10.01770257",2005-10-26 18:51:59,2005-10-26 19:16:23,24
"458","2004_Gudena","A69-1008-218","RAN2","VR2-1909","56.45552792","10.03316608",2005-10-26 19:48:45,2005-10-26 19:58:28,14
"459","2004_Gudena","A69-1008-218","UGEL1","VR2-3080","56.48324094","10.2181103",2005-10-27 02:42:18,2005-10-27 03:19:54,42
"460","2004_Gudena","A69-1008-218","UGEL2","VR2-2718","56.47968471","10.21517113",2005-10-27 04:35:49,2005-10-27 05:10:03,36
"461","2004_Gudena","A69-1008-218","UDBY1","VR2-3530","56.60799107","10.29949461",2005-10-27 22:20:44,2005-10-27 23:58:49,32
"462","2004_Gudena","A69-1008-219","rel_gudena","none","56.364919","9.900337",2005-10-04 14:00:00,2005-10-04 14:00:00,1
"463","2004_Gudena","A69-1008-219","GUD1","VR2-3536","56.38230254","9.897962798",2005-11-01 22:58:25,2005-11-01 23:09:34,8
"464","2004_Gudena","A69-1008-220","rel_gudena","none","56.364919","9.900337",2005-10-04 14:00:00,2005-10-04 14:00:00,1
"465","2004_Gudena","A69-1008-220","GUD1","VR2-3536","56.38230254","9.897962798",2005-10-06 21:01:56,2005-10-06 21:51:59,13
"466","2004_Gudena","A69-1008-220","RAN1","VR2-3538","56.45735379","10.01770257",2005-10-09 00:31:25,2005-10-09 01:04:46,40
"467","2004_Gudena","A69-1008-220","RAN1","VR2-3538","56.45735379","10.01770257",2005-10-09 02:37:43,2005-10-09 02:56:16,21
"468","2004_Gudena","A69-1008-220","RAN2","VR2-1909","56.45552792","10.03316608",2005-10-09 03:08:36,2005-10-09 03:17:29,7
"469","2004_Gudena","A69-1008-220","RAN2","VR2-1909","56.45552792","10.03316608",2005-10-09 05:43:25,2005-10-09 06:02:00,4
"470","2004_Gudena","A69-1008-220","RAN2","VR2-1909","56.45552792","10.03316608",2005-10-09 13:31:17,2005-10-09 13:46:00,2
"471","2004_Gudena","A69-1008-220","RAN2","VR2-1909","56.45552792","10.03316608",2005-10-09 14:50:40,2005-10-09 18:02:28,138
"472","2004_Gudena","A69-1008-220","RAN2","VR2-1909","56.45552792","10.03316608",2005-10-09 20:27:44,2005-10-09 21:08:00,20
"473","2004_Gudena","A69-1008-220","RAN2","VR2-1909","56.45552792","10.03316608",2005-10-09 22:38:32,2005-10-10 02:52:49,120
"474","2004_Gudena","A69-1008-220","RAN2","VR2-1909","56.45552792","10.03316608",2005-10-10 09:09:28,2005-10-10 09:16:37,3
"475","2004_Gudena","A69-1008-220","RAN2","VR2-1909","56.45552792","10.03316608",2005-10-10 10:39:03,2005-10-10 10:39:03,1
"476","2004_Gudena","A69-1008-220","RAN2","VR2-1909","56.45552792","10.03316608",2005-10-10 13:25:05,2005-10-10 13:39:01,4
"477","2004_Gudena","A69-1008-220","RAN2","VR2-1909","56.45552792","10.03316608",2005-10-10 15:03:40,2005-10-10 15:55:00,12
"478","2004_Gudena","A69-1008-220","RAN2","VR2-1909","56.45552792","10.03316608",2005-10-10 18:43:26,2005-10-10 19:16:50,26
"479","2004_Gudena","A69-1008-220","UGEL1","VR2-3080","56.48324094","10.2181103",2005-10-18 01:13:27,2005-10-18 06:12:25,111
"480","2004_Gudena","A69-1008-220","UGEL2","VR2-2718","56.47968471","10.21517113",2005-10-18 22:44:24,2005-10-18 22:44:40,2
"481","2004_Gudena","A69-1008-220","UGEL2","VR2-2718","56.47968471","10.21517113",2005-10-19 00:20:40,2005-10-19 01:23:16,67
"482","2004_Gudena","A69-1008-221","rel_gudena","none","56.364919","9.900337",2005-10-04 14:00:00,2005-10-04 14:00:00,1
"483","2004_Gudena","A69-1008-221","GUD1","VR2-3536","56.38230254","9.897962798",2005-10-05 20:46:21,2005-10-05 21:07:05,10
"484","2004_Gudena","A69-1008-221","RAN1","VR2-3538","56.45735379","10.01770257",2005-10-10 03:36:26,2005-10-10 03:59:08,25
"485","2004_Gudena","A69-1008-221","RAN2","VR2-1909","56.45552792","10.03316608",2005-10-10 04:24:45,2005-10-10 04:59:05,42
"486","2004_Gudena","A69-1008-221","UGEL1","VR2-3080","56.48324094","10.2181103",2005-10-12 02:21:47,2005-10-12 03:19:32,62
"487","2004_Gudena","A69-1008-221","UDBY1","VR2-3530","56.60799107","10.29949461",2005-10-12 21:33:34,2005-10-12 21:36:28,5
"488","2004_Gudena","A69-1008-221","UDBY2","VR2-2567","56.60980547","10.30384199",2005-10-12 22:40:16,2005-10-12 23:07:49,24
"489","2004_Gudena","A69-1008-222","rel_gudena","none","56.364919","9.900337",2005-10-04 14:00:00,2005-10-04 14:00:00,1
"490","2004_Gudena","A69-1008-223","rel_gudena","none","56.364919","9.900337",2005-10-04 14:00:00,2005-10-04 14:00:00,1
"491","2004_Gudena","A69-1008-223","GUD1","VR2-3536","56.38230254","9.897962798",2005-10-05 21:57:37,2005-10-05 22:05:32,12
"492","2004_Gudena","A69-1008-223","RAN1","VR2-3538","56.45735379","10.01770257",2005-10-11 23:36:54,2005-10-12 00:02:02,26
"493","2004_Gudena","A69-1008-223","RAN1","VR2-3538","56.45735379","10.01770257",2005-10-12 01:53:29,2005-10-12 03:13:08,84
"494","2004_Gudena","A69-1008-223","RAN1","VR2-3538","56.45735379","10.01770257",2005-10-18 06:38:22,2005-10-18 06:43:29,3
"495","2004_Gudena","A69-1008-223","RAN1","VR2-3538","56.45735379","10.01770257",2005-10-23 19:14:34,2005-10-23 19:45:48,26
"496","2004_Gudena","A69-1008-223","RAN2","VR2-1909","56.45552792","10.03316608",2005-10-23 20:09:43,2005-10-23 20:29:20,23
"497","2004_Gudena","A69-1008-223","UGEL2","VR2-2718","56.47968471","10.21517113",2005-10-24 22:56:02,2005-10-24 23:27:48,27
"498","2004_Gudena","A69-1008-224","rel_gudena","none","56.364919","9.900337",2005-10-04 14:00:00,2005-10-04 14:00:00,1
"499","2004_Gudena","A69-1008-224","GUD1","VR2-3536","56.38230254","9.897962798",2005-10-05 21:04:56,2005-10-05 21:17:12,10
"500","2004_Gudena","A69-1008-224","RAN1","VR2-3538","56.45735379","10.01770257",2005-10-25 23:30:17,2005-10-25 23:43:23,16
"501","2004_Gudena","A69-1008-224","RAN2","VR2-1909","56.45552792","10.03316608",2005-10-26 00:02:59,2005-10-26 00:25:38,26
"502","2004_Gudena","A69-1008-224","UGEL1","VR2-3080","56.48324094","10.2181103",2005-10-27 06:02:47,2005-10-27 06:49:38,36
"503","2004_Gudena","A69-1008-224","UDBY1","VR2-3530","56.60799107","10.29949461",2005-10-28 00:46:35,2005-10-28 02:30:17,48
"504","2004_Gudena","A69-1008-224","UDBY2","VR2-2567","56.60980547","10.30384199",2005-10-28 05:34:44,2005-10-28 06:16:03,14
"505","2004_Gudena","A69-1008-224","UDBY2","VR2-2567","56.60980547","10.30384199",2005-10-28 18:57:04,2005-10-28 19:07:44,11
"506","2004_Gudena","A69-1008-225","rel_gudena","none","56.364919","9.900337",2005-10-04 14:00:00,2005-10-04 14:00:00,1
"507","2004_Gudena","A69-1008-225","GUD1","VR2-3536","56.38230254","9.897962798",2005-10-25 20:25:45,2005-10-25 20:38:41,11
"508","2004_Gudena","A69-1008-225","RAN1","VR2-3538","56.45735379","10.01770257",2005-12-03 18:58:17,2005-12-03 20:15:19,49
"509","2004_Gudena","A69-1008-225","RAN2","VR2-1909","56.45552792","10.03316608",2005-12-03 20:48:59,2005-12-03 22:45:28,98
"510","2004_Gudena","A69-1008-225","RAN2","VR2-1909","56.45552792","10.03316608",2006-04-25 00:02:47,2006-04-25 00:30:48,29
"511","2004_Gudena","A69-1008-225","RAN1","VR2-3538","56.45735379","10.01770257",2006-04-25 01:35:57,2006-04-25 03:00:52,52
"512","2004_Gudena","A69-1008-225","RAN1","VR2-3538","56.45735379","10.01770257",2006-04-28 02:54:39,2006-04-28 03:16:49,19
"513","2004_Gudena","A69-1008-225","RAN2","VR2-1909","56.45552792","10.03316608",2006-04-28 03:22:39,2006-04-28 03:46:30,23
"514","2004_Gudena","A69-1008-226","rel_gudena","none","56.364919","9.900337",2005-10-04 14:00:00,2005-10-04 14:00:00,1
"515","2004_Gudena","A69-1008-226","GUD1","VR2-3536","56.38230254","9.897962798",2005-10-06 03:15:26,2005-10-06 04:56:42,23
"516","2004_Gudena","A69-1008-226","GUD1","VR2-3536","56.38230254","9.897962798",2005-10-06 18:54:38,2005-10-06 18:54:38,1
"517","2004_Gudena","A69-1008-226","GUD1","VR2-3536","56.38230254","9.897962798",2005-10-07 02:28:40,2005-10-07 02:29:08,2
"518","2004_Gudena","A69-1008-226","RAN1","VR2-3538","56.45735379","10.01770257",2005-10-10 02:59:19,2005-10-10 04:12:09,27
"519","2004_Gudena","A69-1008-226","RAN2","VR2-1909","56.45552792","10.03316608",2005-10-10 04:50:47,2005-10-11 00:33:25,692
"520","2004_Gudena","A69-1008-226","RAN2","VR2-1909","56.45552792","10.03316608",2005-10-11 01:35:51,2005-10-11 07:21:28,170
"521","2004_Gudena","A69-1008-226","RAN2","VR2-1909","56.45552792","10.03316608",2005-10-11 08:22:18,2005-10-11 09:03:38,3
"522","2004_Gudena","A69-1008-226","RAN2","VR2-1909","56.45552792","10.03316608",2005-10-11 12:32:10,2005-10-11 14:09:18,28
"523","2004_Gudena","A69-1008-226","RAN2","VR2-1909","56.45552792","10.03316608",2005-10-11 15:52:10,2005-10-11 22:12:00,175
"524","2004_Gudena","A69-1008-227","rel_gudena","none","56.364919","9.900337",2005-10-04 14:00:00,2005-10-04 14:00:00,1
"525","2004_Gudena","A69-1008-227","GUD1","VR2-3536","56.38230254","9.897962798",2005-11-03 18:42:48,2005-11-03 18:53:38,7
"526","2004_Gudena","A69-1008-227","RAN1","VR2-3538","56.45735379","10.01770257",2005-11-05 20:02:14,2005-11-05 20:13:44,17
"527","2004_Gudena","A69-1008-227","RAN2","VR2-1909","56.45552792","10.03316608",2005-11-05 22:32:32,2005-11-05 23:23:05,24
"528","2004_Gudena","A69-1008-227","UGEL1","VR2-3080","56.48324094","10.2181103",2005-11-10 05:46:30,2005-11-10 06:20:12,34
"529","2004_Gudena","A69-1008-227","UDBY1","VR2-3530","56.60799107","10.29949461",2005-11-10 21:50:03,2005-11-10 21:56:31,8
"530","2004_Gudena","A69-1008-227","UDBY2","VR2-2567","56.60980547","10.30384199",2005-11-10 23:08:13,2005-11-10 23:25:34,20
"531","2004_Gudena","A69-1008-227","UDBY1","VR2-3530","56.60799107","10.29949461",2005-11-11 02:03:32,2005-11-11 02:03:32,1
"532","2004_Gudena","A69-1008-227","UDBY2","VR2-2567","56.60980547","10.30384199",2005-11-11 03:09:19,2005-11-11 03:12:54,8
"533","2004_Gudena","A69-1008-227","UDBY1","VR2-3530","56.60799107","10.29949461",2005-11-22 02:09:24,2005-11-22 02:21:33,13
"534","2004_Gudena","A69-1008-227","UDBY2","VR2-2567","56.60980547","10.30384199",2005-11-22 03:26:28,2005-11-22 03:35:36,7
"535","2004_Gudena","A69-1008-227","UDBY2","VR2-2567","56.60980547","10.30384199",2005-11-22 23:18:09,2005-11-22 23:20:46,3
"536","2004_Gudena","A69-1008-227","UDBY2","VR2-2567","56.60980547","10.30384199",2005-11-24 20:13:41,2005-11-24 20:13:41,1
"537","2004_Gudena","A69-1008-228","rel_gudena","none","56.364919","9.900337",2005-10-04 14:00:00,2005-10-04 14:00:00,1
"538","2004_Gudena","A69-1008-228","GUD1","VR2-3536","56.38230254","9.897962798",2005-10-06 02:55:40,2005-10-07 01:25:12,1425
"539","2004_Gudena","A69-1008-228","RAN1","VR2-3538","56.45735379","10.01770257",2005-10-10 21:20:50,2005-10-10 21:32:24,13
"540","2004_Gudena","A69-1008-228","RAN2","VR2-1909","56.45552792","10.03316608",2005-10-10 21:57:17,2005-10-10 22:41:10,49
"541","2004_Gudena","A69-1008-228","UGEL2","VR2-2718","56.47968471","10.21517113",2005-10-13 22:28:02,2005-10-13 23:08:11,43
"542","2004_Gudena","A69-1008-229","rel_gudena","none","56.364919","9.900337",2005-10-04 14:00:00,2005-10-04 14:00:00,1
"543","2004_Gudena","A69-1008-230","rel_gudena","none","56.364919","9.900337",2005-10-04 14:00:00,2005-10-04 14:00:00,1
"544","2004_Gudena","A69-1008-230","GUD1","VR2-3536","56.38230254","9.897962798",2005-11-03 18:53:38,2005-11-03 19:03:05,6
"545","2004_Gudena","A69-1008-230","RAN1","VR2-3538","56.45735379","10.01770257",2005-11-04 00:08:34,2005-11-04 00:25:43,23
"546","2004_Gudena","A69-1008-230","RAN2","VR2-1909","56.45552792","10.03316608",2005-11-04 00:38:47,2005-11-04 00:44:55,11
"547","2004_Gudena","A69-1008-230","UGEL2","VR2-2718","56.47968471","10.21517113",2005-11-04 23:49:28,2005-11-05 00:06:06,22
"548","2004_Gudena","A69-1008-74","rel_gudena","none","56.364919","9.900337",2004-05-10 12:00:00,2004-05-10 12:00:00,1
"549","2004_Gudena","A69-1008-74","GUD1","VR20-2029","56.38230254","9.897962798",2004-05-10 19:48:00,2004-05-10 20:00:27,2
"550","2004_Gudena","A69-1008-74","RAN1","VR2-3538","56.45735379","10.01770257",2004-05-10 23:40:15,2004-05-10 23:41:16,2
"551","2004_Gudena","A69-1008-74","RAN1","VR2-3538","56.45735379","10.01770257",2004-05-11 01:07:07,2004-05-11 03:26:53,16
"552","2004_Gudena","A69-1008-74","RAN1","VR2-3538","56.45735379","10.01770257",2004-05-11 09:08:41,2004-05-11 09:08:41,1
"553","2004_Gudena","A69-1008-74","RAN1","VR2-3538","56.45735379","10.01770257",2004-05-11 11:19:57,2004-05-11 15:53:54,112
"554","2004_Gudena","A69-1008-74","RAN1","VR2-3538","56.45735379","10.01770257",2004-05-11 20:40:14,2004-05-11 20:40:14,1
"555","2004_Gudena","A69-1008-74","RAN1","VR2-3538","56.45735379","10.01770257",2004-05-12 02:28:48,2004-05-12 04:38:57,42
"556","2004_Gudena","A69-1008-74","RAN1","VR2-3538","56.45735379","10.01770257",2004-05-12 05:44:43,2004-05-12 05:59:02,4
"557","2004_Gudena","A69-1008-74","RAN1","VR2-3538","56.45735379","10.01770257",2004-05-12 08:15:32,2004-05-12 08:51:28,2
"558","2004_Gudena","A69-1008-74","RAN1","VR2-3538","56.45735379","10.01770257",2004-05-12 09:51:50,2004-05-12 09:51:50,1
"559","2004_Gudena","A69-1008-74","RAN1","VR2-3538","56.45735379","10.01770257",2004-05-12 14:48:29,2004-05-12 18:30:31,72
"560","2004_Gudena","A69-1008-74","RAN1","VR2-3538","56.45735379","10.01770257",2004-05-12 20:52:33,2004-05-12 21:01:26,12
"561","2004_Gudena","A69-1008-74","RAN2","VR2-1909","56.45552792","10.03316608",2004-05-12 21:20:30,2004-05-12 21:24:19,6
"562","2004_Gudena","A69-1008-74","RAN2","VR2-1909","56.45552792","10.03316608",2004-05-29 18:06:05,2004-05-29 18:06:05,1
"563","2004_Gudena","A69-1008-74","RAN2","VR2-1909","56.45552792","10.03316608",2004-06-06 02:59:43,2004-06-06 03:04:20,8
"564","2004_Gudena","A69-1008-74","RAN1","VR2-3538","56.45735379","10.01770257",2004-08-01 22:52:54,2004-08-01 22:55:26,3
"565","2004_Gudena","A69-1008-74","RAN2","VR2-1909","56.45552792","10.03316608",2004-08-02 02:05:01,2004-08-02 02:05:01,1
"566","2004_Gudena","A69-1008-74","RAN2","VR2-1909","56.45552792","10.03316608",2004-08-02 03:10:42,2004-08-02 03:12:13,2
"567","2004_Gudena","A69-1008-74","RAN1","VR2-3538","56.45735379","10.01770257",2004-08-02 03:45:19,2004-08-02 03:45:19,1
"568","2004_Gudena","A69-1008-75","rel_gudena","none","56.364919","9.900337",2004-05-10 12:00:00,2004-05-10 12:00:00,1
"569","2004_Gudena","A69-1008-75","GUD1","VR20-2029","56.38230254","9.897962798",2004-05-10 15:35:43,2004-05-10 15:50:32,6
"570","2004_Gudena","A69-1008-75","RAN1","VR2-3538","56.45735379","10.01770257",2004-05-11 21:44:27,2004-05-11 21:51:29,9
"571","2004_Gudena","A69-1008-75","RAN2","VR2-1909","56.45552792","10.03316608",2004-05-11 22:05:46,2004-05-11 22:16:06,14
"572","2004_Gudena","A69-1008-75","RAN2","VR2-1909","56.45552792","10.03316608",2004-05-16 00:32:27,2004-05-16 00:40:38,3
"573","2004_Gudena","A69-1008-75","RAN2","VR2-1909","56.45552792","10.03316608",2004-06-17 22:36:27,2004-06-17 23:15:43,21
"574","2004_Gudena","A69-1008-75","RAN2","VR2-1909","56.45552792","10.03316608",2004-06-18 00:17:11,2004-06-18 01:52:12,16
"575","2004_Gudena","A69-1008-75","RAN2","VR2-1909","56.45552792","10.03316608",2004-07-11 00:30:59,2004-07-11 00:46:39,22
"576","2004_Gudena","A69-1008-75","RAN1","VR2-3538","56.45735379","10.01770257",2004-07-12 02:23:13,2004-07-12 02:30:00,13
"577","2004_Gudena","A69-1008-75","RAN1","VR2-3538","56.45735379","10.01770257",2004-07-23 01:03:45,2004-07-23 01:12:12,14
"578","2004_Gudena","A69-1008-75","RAN2","VR2-1909","56.45552792","10.03316608",2004-07-23 01:46:32,2004-07-23 01:53:50,8
"579","2004_Gudena","A69-1008-75","UGEL2","VR2-3539","56.47968471","10.21517113",2004-08-02 00:08:40,2004-08-02 03:16:09,136
"580","2004_Gudena","A69-1008-75","UGEL2","VR2-3539","56.47968471","10.21517113",2004-09-12 21:09:15,2004-09-12 21:39:50,47
"581","2004_Gudena","A69-1008-75","UGEL2","VR2-3539","56.47968471","10.21517113",2004-09-15 11:06:37,2004-09-15 11:55:40,57
"582","2004_Gudena","A69-1008-76","rel_gudena","none","56.364919","9.900337",2004-05-10 12:00:00,2004-05-10 12:00:00,1
"583","2004_Gudena","A69-1008-76","GUD1","VR20-2029","56.38230254","9.897962798",2004-05-10 22:29:19,2004-05-10 22:48:57,4
"584","2004_Gudena","A69-1008-77","rel_gudena","none","56.364919","9.900337",2004-05-10 12:00:00,2004-05-10 12:00:00,1
"585","2004_Gudena","A69-1008-77","GUD1","VR20-2029","56.38230254","9.897962798",2004-05-15 21:29:09,2004-05-15 21:40:01,7
"586","2004_Gudena","A69-1008-77","RAN1","VR2-3538","56.45735379","10.01770257",2004-05-16 02:33:44,2004-05-16 02:55:00,20
"587","2004_Gudena","A69-1008-77","RAN2","VR2-1909","56.45552792","10.03316608",2004-05-16 03:10:58,2004-05-16 03:18:06,11
"588","2004_Gudena","A69-1008-78","rel_gudena","none","56.364919","9.900337",2004-05-10 12:00:00,2004-05-10 12:00:00,1
"589","2004_Gudena","A69-1008-78","GUD1","VR20-2029","56.38230254","9.897962798",2004-05-11 21:08:46,2004-05-11 21:18:58,6
"590","2004_Gudena","A69-1008-78","RAN1","VR2-3538","56.45735379","10.01770257",2004-05-12 00:57:45,2004-05-12 01:07:49,13
"591","2004_Gudena","A69-1008-78","RAN2","VR2-1909","56.45552792","10.03316608",2004-05-12 22:09:51,2004-05-12 22:14:09,6
"592","2004_Gudena","A69-1008-78","UGEL2","VR2-3539","56.47968471","10.21517113",2004-07-28 05:03:23,2004-07-28 05:03:23,1
"593","2004_Gudena","A69-1008-78","UGEL2","VR2-3539","56.47968471","10.21517113",2004-09-17 21:49:06,2004-09-19 09:54:41,2826
"594","2004_Gudena","A69-1008-78","UGEL2","VR2-3539","56.47968471","10.21517113",2004-09-19 11:29:51,2004-09-19 12:09:17,37
"595","2004_Gudena","A69-1008-79","rel_gudena","none","56.364919","9.900337",2004-05-10 12:00:00,2004-05-10 12:00:00,1
"596","2004_Gudena","A69-1008-79","GUD1","VR20-2029","56.38230254","9.897962798",2004-05-13 19:43:48,2004-05-13 19:43:48,1
"597","2004_Gudena","A69-1008-79","GUD1","VR20-2029","56.38230254","9.897962798",2004-05-13 21:21:56,2004-05-13 23:00:10,8
"598","2004_Gudena","A69-1008-79","GUD1","VR20-2029","56.38230254","9.897962798",2004-05-14 00:10:23,2004-05-14 00:20:27,5
"599","2004_Gudena","A69-1008-79","RAN1","VR2-3538","56.45735379","10.01770257",2004-05-16 22:30:36,2004-05-16 22:33:23,6
"600","2004_Gudena","A69-1008-79","RAN2","VR2-1909","56.45552792","10.03316608",2004-05-20 10:04:26,2004-05-20 10:07:34,6
"601","2004_Gudena","A69-1008-79","RAN1","VR2-3538","56.45735379","10.01770257",2004-05-20 11:26:07,2004-05-20 11:37:13,18
"602","2004_Gudena","A69-1008-80","rel_gudena","none","56.364919","9.900337",2004-05-10 12:00:00,2004-05-10 12:00:00,1
"603","2004_Gudena","A69-1008-80","GUD1","VR20-2029","56.38230254","9.897962798",2004-05-10 21:40:19,2004-05-10 21:51:22,5
"604","2004_Gudena","A69-1008-80","RAN1","VR2-3538","56.45735379","10.01770257",2004-05-11 01:46:57,2004-05-11 02:34:30,55
"605","2004_Gudena","A69-1008-80","RAN2","VR2-1909","56.45552792","10.03316608",2004-05-12 23:43:11,2004-05-12 23:56:40,12
"606","2004_Gudena","A69-1008-81","rel_gudena","none","56.364919","9.900337",2004-05-10 12:00:00,2004-05-10 12:00:00,1
"607","2004_Gudena","A69-1008-81","GUD2","VR2-1908","56.38312088","9.901577397",2004-05-10 20:15:12,2004-05-10 20:15:12,1
"608","2004_Gudena","A69-1008-81","RAN1","VR2-3538","56.45735379","10.01770257",2004-05-12 21:25:50,2004-05-12 21:29:00,5
"609","2004_Gudena","A69-1008-81","RAN2","VR2-1909","56.45552792","10.03316608",2004-05-12 21:43:26,2004-05-12 21:46:25,5
"610","2004_Gudena","A69-1008-81","RAN2","VR2-1909","56.45552792","10.03316608",2004-05-21 01:19:14,2004-05-21 01:24:48,8
"611","2004_Gudena","A69-1008-81","RAN2","VR2-1909","56.45552792","10.03316608",2004-06-17 22:14:48,2004-06-17 22:17:08,3
