"","animal_project_code","acoustic_tag_id","station_name","receiver_id","deploy_latitude","deploy_longitude","arrival","departure","detections"
"1","DAK","A69-1602-10817","rel_suderpolder1","none","53.16028","5.535724",2018-10-18 12:45:00,2018-10-18 12:45:00,1
"2","DAK","A69-1602-10817","Suderpolder-1","VR2W-114178","53.165585","5.552393",2018-12-09 20:18:00,2018-12-19 08:40:00,11162
"3","DAK","A69-1602-10817","Suderpolder-2","VR2W-114164","53.165045","5.552381",2018-12-19 10:45:00,2018-12-19 10:45:00,1
"4","DAK","A69-1602-10817","Suderpolder-2","VR2W-114164","53.165045","5.552381",2018-12-19 13:17:00,2018-12-19 14:20:00,5
"5","DAK","A69-1602-10817","Suderpolder-2","VR2W-114164","53.165045","5.552381",2018-12-19 15:22:00,2018-12-20 01:26:00,242
"6","DAK","A69-1602-10817","Suderpolder-2","VR2W-114164","53.165045","5.552381",2019-01-10 22:44:00,2019-01-11 02:14:00,53
"7","DAK","A69-1602-10817","Suderpolder-2","VR2W-114164","53.165045","5.552381",2019-01-11 04:26:00,2019-01-11 04:26:00,1
"8","DAK","A69-1602-10817","Suderpolder-2","VR2W-114164","53.165045","5.552381",2019-01-11 08:48:00,2019-01-11 13:50:00,116
"9","DAK","A69-1602-10817","Suderpolder-2","VR2W-114164","53.165045","5.552381",2019-01-11 15:37:00,2019-01-11 18:39:00,88
"10","DAK","A69-1602-10817","Suderpolder-2","VR2W-114164","53.165045","5.552381",2019-01-11 21:00:00,2019-01-12 01:42:00,30
"11","DAK","A69-1602-10818","rel_suderpolder1","none","53.16028","5.535724",2018-10-18 12:45:00,2018-10-18 12:45:00,1
"12","DAK","A69-1602-10818","Suderpolder-1","VR2W-114178","53.165585","5.552393",2018-12-07 20:19:00,2018-12-07 23:12:00,93
"13","DAK","A69-1602-10818","Suderpolder-2","VR2W-114164","53.165045","5.552381",2018-12-08 00:19:00,2018-12-08 02:36:00,50
"14","DAK","A69-1602-10818","Suderpolder-2","VR2W-114164","53.165045","5.552381",2018-12-08 05:19:00,2018-12-09 03:49:00,1133
"15","DAK","A69-1602-10818","Suderpolder-2","VR2W-114164","53.165045","5.552381",2018-12-09 05:40:00,2018-12-09 06:07:00,4
"16","DAK","A69-1602-10818","Suderpolder-2","VR2W-114164","53.165045","5.552381",2018-12-09 16:15:00,2018-12-09 18:43:00,30
"17","DAK","A69-1602-10818","Suderpolder-2","VR2W-114164","53.165045","5.552381",2018-12-09 20:02:00,2018-12-09 20:10:00,7
"18","DAK","A69-1602-10818","Suderpolder-2","VR2W-114164","53.165045","5.552381",2018-12-09 21:36:00,2018-12-09 21:47:00,8
"19","DAK","A69-1602-10818","Suderpolder-2","VR2W-114164","53.165045","5.552381",2018-12-09 23:28:00,2018-12-10 00:44:00,14
"20","DAK","A69-1602-10818","Suderpolder-2","VR2W-114164","53.165045","5.552381",2018-12-10 04:43:00,2018-12-10 05:12:00,9
"21","DAK","A69-1602-10818","Suderpolder-2","VR2W-114164","53.165045","5.552381",2018-12-10 06:17:00,2018-12-10 09:41:00,146
"22","DAK","A69-1602-10818","Suderpolder-2","VR2W-114164","53.165045","5.552381",2018-12-11 05:07:00,2018-12-20 05:26:00,10688
"23","DAK","A69-1602-10818","Suderpolder-2","VR2W-114164","53.165045","5.552381",2018-12-20 19:23:00,2018-12-21 17:23:00,1087
"24","DAK","A69-1602-10818","Suderpolder-2","VR2W-114164","53.165045","5.552381",2018-12-21 21:12:00,2018-12-22 04:56:00,202
"25","DAK","A69-1602-10818","Suderpolder-2","VR2W-114164","53.165045","5.552381",2018-12-22 06:48:00,2018-12-22 13:11:00,183
"26","DAK","A69-1602-10818","Suderpolder-2","VR2W-114164","53.165045","5.552381",2018-12-22 16:13:00,2018-12-22 16:45:00,32
"27","DAK","A69-1602-10818","Suderpolder-2","VR2W-114164","53.165045","5.552381",2018-12-22 17:55:00,2018-12-22 17:55:00,1
"28","DAK","A69-1602-10818","Suderpolder-2","VR2W-114164","53.165045","5.552381",2018-12-22 19:12:00,2018-12-22 20:11:00,5
"29","DAK","A69-1602-10818","Suderpolder-2","VR2W-114164","53.165045","5.552381",2018-12-22 22:26:00,2018-12-23 09:01:00,441
"30","DAK","A69-1602-10818","Suderpolder-2","VR2W-114164","53.165045","5.552381",2018-12-23 10:02:00,2018-12-23 11:40:00,32
"31","DAK","A69-1602-10818","Suderpolder-2","VR2W-114164","53.165045","5.552381",2018-12-23 15:58:00,2018-12-23 16:56:00,52
"32","DAK","A69-1602-10818","Suderpolder-2","VR2W-114164","53.165045","5.552381",2018-12-23 19:17:00,2018-12-23 19:26:00,2
"33","DAK","A69-1602-10818","Suderpolder-2","VR2W-114164","53.165045","5.552381",2018-12-23 22:03:00,2018-12-23 22:21:00,2
"34","DAK","A69-1602-10818","Suderpolder-2","VR2W-114164","53.165045","5.552381",2018-12-24 02:23:00,2018-12-24 12:29:00,418
"35","DAK","A69-1602-10818","Suderpolder-2","VR2W-114164","53.165045","5.552381",2018-12-24 15:31:00,2018-12-24 15:31:00,1
"36","DAK","A69-1602-10818","Suderpolder-2","VR2W-114164","53.165045","5.552381",2018-12-24 16:33:00,2018-12-24 19:33:00,150
"37","DAK","A69-1602-10818","Suderpolder-2","VR2W-114164","53.165045","5.552381",2018-12-25 04:09:00,2018-12-25 05:51:00,34
"38","DAK","A69-1602-10818","Suderpolder-2","VR2W-114164","53.165045","5.552381",2018-12-25 21:46:00,2019-01-08 23:44:00,16737
"39","DAK","A69-1602-10818","Suderpolder-2","VR2W-114164","53.165045","5.552381",2019-01-09 05:51:00,2019-01-26 08:50:00,22212
"40","DAK","A69-1602-10818","Suderpolder-2","VR2W-114164","53.165045","5.552381",2019-01-26 12:29:00,2019-01-28 00:44:00,2114
"41","DAK","A69-1602-10818","Suderpolder-2","VR2W-114164","53.165045","5.552381",2019-01-28 02:28:00,2019-01-29 13:42:00,1975
"42","DAK","A69-1602-10818","Suderpolder-2","VR2W-114164","53.165045","5.552381",2019-01-29 19:39:00,2019-01-30 00:08:00,235
"43","DAK","A69-1602-10818","Suderpolder-2","VR2W-114164","53.165045","5.552381",2019-01-30 04:08:00,2019-02-04 18:24:00,7462
"44","DAK","A69-1602-10818","Suderpolder-2","VR2W-114164","53.165045","5.552381",2019-02-04 21:46:00,2019-02-10 18:47:00,7989
"45","DAK","A69-1602-10818","Suderpolder-2","VR2W-114164","53.165045","5.552381",2019-02-10 20:13:00,2019-02-11 09:15:00,133
"46","DAK","A69-1602-10818","Suderpolder-2","VR2W-114164","53.165045","5.552381",2019-02-11 12:55:00,2019-02-11 12:55:00,1
"47","DAK","A69-1602-10818","Suderpolder-2","VR2W-114164","53.165045","5.552381",2019-02-11 15:01:00,2019-02-11 15:01:00,1
"48","DAK","A69-1602-10818","Suderpolder-2","VR2W-114164","53.165045","5.552381",2019-02-11 16:07:00,2019-02-11 16:58:00,3
"49","DAK","A69-1602-10818","Suderpolder-2","VR2W-114164","53.165045","5.552381",2019-02-11 20:18:00,2019-02-13 23:35:00,2831
"50","DAK","A69-1602-10818","Suderpolder-2","VR2W-114164","53.165045","5.552381",2019-02-14 05:04:00,2019-02-18 14:37:00,5686
"51","DAK","A69-1602-10818","Suderpolder-2","VR2W-114164","53.165045","5.552381",2019-02-19 01:19:00,2019-02-20 13:17:00,1917
"52","DAK","A69-1602-10818","Suderpolder-2","VR2W-114164","53.165045","5.552381",2019-02-20 21:37:00,2019-02-28 23:54:00,10585
"53","DAK","A69-1602-10818","Suderpolder-2","VR2W-114164","53.165045","5.552381",2019-03-01 07:12:00,2019-03-04 23:35:00,4899
"54","DAK","A69-1602-10818","Suderpolder-2","VR2W-114164","53.165045","5.552381",2019-03-05 01:40:00,2019-03-05 01:40:00,1
"55","DAK","A69-1602-10818","Suderpolder-2","VR2W-114164","53.165045","5.552381",2019-03-05 03:51:00,2019-03-06 14:50:00,1783
"56","DAK","A69-1602-10818","Suderpolder-2","VR2W-114164","53.165045","5.552381",2019-03-06 21:32:00,2019-03-07 06:09:00,436
"57","DAK","A69-1602-10818","Suderpolder-2","VR2W-114164","53.165045","5.552381",2019-03-07 08:05:00,2019-03-07 18:52:00,471
"58","DAK","A69-1602-10818","Suderpolder-2","VR2W-114164","53.165045","5.552381",2019-03-07 20:30:00,2019-03-07 21:36:00,26
"59","DAK","A69-1602-10818","Suderpolder-2","VR2W-114164","53.165045","5.552381",2019-03-07 22:58:00,2019-03-08 00:50:00,54
"60","DAK","A69-1602-10818","Suderpolder-2","VR2W-114164","53.165045","5.552381",2019-03-08 02:16:00,2019-03-08 02:27:00,11
"61","DAK","A69-1602-10818","Suderpolder-2","VR2W-114164","53.165045","5.552381",2019-03-08 06:22:00,2019-03-08 14:21:00,254
"62","DAK","A69-1602-10818","Suderpolder-2","VR2W-114164","53.165045","5.552381",2019-03-08 17:34:00,2019-03-08 18:34:00,13
"63","DAK","A69-1602-10818","Suderpolder-2","VR2W-114164","53.165045","5.552381",2019-03-08 21:17:00,2019-03-08 21:28:00,10
"64","DAK","A69-1602-10818","Suderpolder-2","VR2W-114164","53.165045","5.552381",2019-03-09 02:52:00,2019-03-09 06:48:00,199
"65","DAK","A69-1602-10818","Suderpolder-2","VR2W-114164","53.165045","5.552381",2019-03-09 23:31:00,2019-03-09 23:38:00,8
"66","DAK","A69-1602-10818","Suderpolder-2","VR2W-114164","53.165045","5.552381",2019-03-12 06:53:00,2019-03-12 07:57:00,14
"67","DAK","A69-1602-10818","Suderpolder-2","VR2W-114164","53.165045","5.552381",2019-03-12 20:00:00,2019-03-12 20:32:00,4
"68","DAK","A69-1602-10818","Suderpolder-2","VR2W-114164","53.165045","5.552381",2019-03-13 03:52:00,2019-03-14 10:22:00,1664
"69","DAK","A69-1602-10818","Suderpolder-2","VR2W-114164","53.165045","5.552381",2019-03-16 12:07:00,2019-03-16 12:07:00,1
"70","DAK","A69-1602-10818","Suderpolder-2","VR2W-114164","53.165045","5.552381",2019-03-16 13:47:00,2019-03-16 13:47:00,1
"71","DAK","A69-1602-10818","Suderpolder-2","VR2W-114164","53.165045","5.552381",2019-03-16 15:26:00,2019-03-16 17:25:00,9
"72","DAK","A69-1602-10818","Suderpolder-2","VR2W-114164","53.165045","5.552381",2019-03-16 19:35:00,2019-03-16 22:40:00,37
"73","DAK","A69-1602-10818","Suderpolder-2","VR2W-114164","53.165045","5.552381",2019-03-17 08:57:00,2019-03-18 13:56:00,1697
"74","DAK","A69-1602-10818","Suderpolder-2","VR2W-114164","53.165045","5.552381",2019-03-18 20:51:00,2019-03-22 11:29:00,4727
"75","DAK","A69-1602-10818","Suderpolder-2","VR2W-114164","53.165045","5.552381",2019-03-23 01:16:00,2019-03-29 22:22:00,9041
"76","DAK","A69-1602-10818","Suderpolder-2","VR2W-114164","53.165045","5.552381",2019-03-30 05:02:00,2019-03-30 09:33:00,177
"77","DAK","A69-1602-10818","Suderpolder-2","VR2W-114164","53.165045","5.552381",2019-03-30 12:33:00,2019-04-07 12:42:00,10512
"78","DAK","A69-1602-10818","Suderpolder-2","VR2W-114164","53.165045","5.552381",2019-04-07 22:59:00,2019-04-25 21:36:00,23194
"79","DAK","A69-1602-10818","Suderpolder-2","VR2W-114164","53.165045","5.552381",2019-04-25 23:21:00,2019-04-25 23:34:00,13
"80","DAK","A69-1602-10818","Suderpolder-2","VR2W-114164","53.165045","5.552381",2019-04-26 02:19:00,2019-05-13 07:19:00,22449
"81","DAK","A69-1602-10818","Suderpolder-2","VR2W-114164","53.165045","5.552381",2019-05-13 10:29:00,2019-05-15 08:29:00,2539
"82","DAK","A69-1602-10819","rel_suderpolder1","none","53.16028","5.535724",2018-10-18 12:45:00,2018-10-18 12:45:00,1
"83","DAK","A69-1602-10819","Suderpolder-1","VR2W-114178","53.165585","5.552393",2018-12-07 19:31:00,2018-12-08 02:57:00,230
"84","DAK","A69-1602-10819","Suderpolder-2","VR2W-114164","53.165045","5.552381",2018-12-08 22:26:00,2018-12-08 23:28:00,28
"85","DAK","A69-1602-10819","Suderpolder-5","VR2W-114172","53.178774","5.539683",2018-12-09 01:40:00,2018-12-09 01:44:00,5
"86","DAK","A69-1602-10819","Suderpolder-6","VR2W-114165","53.179885","5.425022",2018-12-10 03:44:00,2018-12-16 16:32:00,4209
"87","DAK","A69-1602-10819","Suderpolder-6","VR2W-114165","53.179885","5.425022",2018-12-16 18:51:00,2018-12-16 19:18:00,4
"88","DAK","A69-1602-10819","Suderpolder-6","VR2W-114165","53.179885","5.425022",2018-12-16 20:29:00,2018-12-17 01:49:00,24
"89","DAK","A69-1602-10819","Suderpolder-6","VR2W-114165","53.179885","5.425022",2018-12-17 03:03:00,2018-12-17 08:43:00,115
"90","DAK","A69-1602-10820","rel_suderpolder1","none","53.16028","5.535724",2018-10-18 12:45:00,2018-10-18 12:45:00,1
"91","DAK","A69-1602-10820","Suderpolder-1","VR2W-114178","53.165585","5.552393",2018-11-02 18:26:00,2018-11-02 18:34:00,9
"92","DAK","A69-1602-10820","Suderpolder-1","VR2W-114178","53.165585","5.552393",2018-11-02 19:53:00,2018-11-08 18:52:00,7945
"93","DAK","A69-1602-10820","Suderpolder-2","VR2W-114164","53.165045","5.552381",2018-11-13 21:29:00,2018-11-13 21:44:00,16
"94","DAK","A69-1602-10821","rel_suderpolder1","none","53.16028","5.535724",2018-10-18 12:45:00,2018-10-18 12:45:00,1
"95","DAK","A69-1602-10821","Suderpolder-1","VR2W-114178","53.165585","5.552393",2018-12-24 21:38:00,2019-01-06 09:49:00,14782
"96","DAK","A69-1602-10822","rel_suderpolder1","none","53.16028","5.535724",2018-10-18 12:45:00,2018-10-18 12:45:00,1
"97","DAK","A69-1602-10822","Suderpolder-1","VR2W-114178","53.165585","5.552393",2018-11-13 00:42:00,2018-11-13 17:29:00,945
"98","DAK","A69-1602-10823","rel_suderpolder1","none","53.16028","5.535724",2018-10-18 12:45:00,2018-10-18 12:45:00,1
"99","DAK","A69-1602-10823","Suderpolder-1","VR2W-114178","53.165585","5.552393",2018-12-07 18:27:00,2018-12-07 22:29:00,189
"100","DAK","A69-1602-10823","Suderpolder-5","VR2W-114172","53.178774","5.539683",2018-12-08 01:41:00,2018-12-08 06:23:00,193
"101","DAK","A69-1602-10823","Suderpolder-5","VR2W-114172","53.178774","5.539683",2018-12-08 13:49:00,2018-12-08 14:20:00,2
"102","DAK","A69-1602-10823","Suderpolder-5","VR2W-114172","53.178774","5.539683",2018-12-08 16:39:00,2018-12-08 17:45:00,9
"103","DAK","A69-1602-10823","Suderpolder-5","VR2W-114172","53.178774","5.539683",2018-12-08 19:07:00,2018-12-08 19:52:00,10
"104","DAK","A69-1602-10823","Suderpolder-5","VR2W-114172","53.178774","5.539683",2018-12-08 21:23:00,2018-12-09 04:05:00,240
"105","DAK","A69-1602-10823","Suderpolder-5","VR2W-114172","53.178774","5.539683",2018-12-09 05:09:00,2018-12-09 07:06:00,34
"106","DAK","A69-1602-10823","Suderpolder-5","VR2W-114172","53.178774","5.539683",2018-12-09 08:22:00,2018-12-09 11:58:00,72
"107","DAK","A69-1602-10823","Suderpolder-5","VR2W-114172","53.178774","5.539683",2018-12-09 13:10:00,2018-12-09 13:16:00,2
"108","DAK","A69-1602-10823","Suderpolder-5","VR2W-114172","53.178774","5.539683",2018-12-09 14:39:00,2018-12-09 16:36:00,52
"109","DAK","A69-1602-10823","Suderpolder-5","VR2W-114172","53.178774","5.539683",2018-12-09 18:39:00,2018-12-10 01:06:00,219
"110","DAK","A69-1602-10823","Suderpolder-5","VR2W-114172","53.178774","5.539683",2018-12-10 03:11:00,2018-12-10 04:08:00,21
"111","DAK","A69-1602-10823","Suderpolder-5","VR2W-114172","53.178774","5.539683",2018-12-10 05:28:00,2018-12-11 00:10:00,408
"112","DAK","A69-1602-10823","Suderpolder-5","VR2W-114172","53.178774","5.539683",2018-12-12 19:14:00,2018-12-12 19:14:00,1
"113","DAK","A69-1602-10823","Suderpolder-5","VR2W-114172","53.178774","5.539683",2018-12-13 17:04:00,2018-12-13 17:20:00,15
"114","DAK","A69-1602-10823","Suderpolder-5","VR2W-114172","53.178774","5.539683",2018-12-14 17:32:00,2018-12-14 17:39:00,8
"115","DAK","A69-1602-10823","Suderpolder-5","VR2W-114172","53.178774","5.539683",2018-12-17 18:44:00,2018-12-17 19:06:00,19
"116","DAK","A69-1602-10823","Suderpolder-5","VR2W-114172","53.178774","5.539683",2019-03-01 02:34:00,2019-03-01 03:14:00,21
"117","DAK","A69-1602-10823","Suderpolder-5","VR2W-114172","53.178774","5.539683",2019-03-02 13:20:00,2019-03-02 13:38:00,18
"118","DAK","A69-1602-10823","Suderpolder-5","VR2W-114172","53.178774","5.539683",2019-03-02 15:12:00,2019-03-02 15:53:00,5
"119","DAK","A69-1602-10823","Suderpolder-5","VR2W-114172","53.178774","5.539683",2019-03-02 17:15:00,2019-03-02 17:39:00,16
"120","DAK","A69-1602-10824","rel_suderpolder1","none","53.16028","5.535724",2018-10-18 12:45:00,2018-10-18 12:45:00,1
"121","DAK","A69-1602-10824","Suderpolder-1","VR2W-114178","53.165585","5.552393",2018-12-07 21:35:00,2018-12-08 00:57:00,109
"122","DAK","A69-1602-10824","Suderpolder-2","VR2W-114164","53.165045","5.552381",2018-12-08 18:06:00,2018-12-08 18:17:00,10
"123","DAK","A69-1602-10824","Suderpolder-2","VR2W-114164","53.165045","5.552381",2018-12-09 00:08:00,2018-12-09 00:45:00,23
"124","DAK","A69-1602-10825","rel_suderpolder1","none","53.16028","5.535724",2018-10-18 12:45:00,2018-10-18 12:45:00,1
"125","DAK","A69-1602-10825","Suderpolder-1","VR2W-114178","53.165585","5.552393",2018-12-07 21:19:00,2018-12-08 03:59:00,164
"126","DAK","A69-1602-10825","Suderpolder-2","VR2W-114164","53.165045","5.552381",2018-12-08 05:18:00,2018-12-09 12:51:00,1306
"127","DAK","A69-1602-10825","Suderpolder-2","VR2W-114164","53.165045","5.552381",2018-12-09 14:41:00,2018-12-11 14:08:00,2033
"128","DAK","A69-1602-10826","rel_suderpolder1","none","53.16028","5.535724",2018-10-18 12:45:00,2018-10-18 12:45:00,1
"129","DAK","A69-1602-10826","Suderpolder-1","VR2W-114178","53.165585","5.552393",2018-12-09 05:47:00,2018-12-09 06:35:00,14
"130","DAK","A69-1602-10826","Suderpolder-2","VR2W-114164","53.165045","5.552381",2018-12-09 07:39:00,2018-12-09 07:50:00,8
"131","DAK","A69-1602-10826","Suderpolder-2","VR2W-114164","53.165045","5.552381",2018-12-09 09:35:00,2018-12-09 09:41:00,2
"132","DAK","A69-1602-10826","Suderpolder-2","VR2W-114164","53.165045","5.552381",2018-12-09 10:49:00,2018-12-09 11:23:00,2
"133","DAK","A69-1602-10826","Suderpolder-2","VR2W-114164","53.165045","5.552381",2018-12-10 09:06:00,2018-12-10 09:07:00,2
"134","DAK","A69-1602-10827","rel_suderpolder1","none","53.16028","5.535724",2018-10-18 12:45:00,2018-10-18 12:45:00,1
"135","DAK","A69-1602-10827","Suderpolder-1","VR2W-114178","53.165585","5.552393",2018-12-09 03:18:00,2018-12-09 19:56:00,636
"136","DAK","A69-1602-10828","rel_suderpolder1","none","53.16028","5.535724",2018-10-18 12:45:00,2018-10-18 12:45:00,1
"137","DAK","A69-1602-10828","Suderpolder-1","VR2W-114178","53.165585","5.552393",2018-12-09 08:19:00,2018-12-09 17:11:00,472
"138","DAK","A69-1602-10828","Suderpolder-2","VR2W-114164","53.165045","5.552381",2018-12-09 18:38:00,2018-12-09 18:42:00,4
"139","DAK","A69-1602-10828","Suderpolder-2","VR2W-114164","53.165045","5.552381",2018-12-09 20:02:00,2018-12-09 20:10:00,8
"140","DAK","A69-1602-10828","Suderpolder-2","VR2W-114164","53.165045","5.552381",2018-12-09 21:38:00,2018-12-09 21:46:00,5
"141","DAK","A69-1602-10828","Suderpolder-2","VR2W-114164","53.165045","5.552381",2018-12-09 23:28:00,2018-12-10 00:41:00,20
"142","DAK","A69-1602-10828","Suderpolder-2","VR2W-114164","53.165045","5.552381",2018-12-10 06:26:00,2018-12-10 09:40:00,133
"143","DAK","A69-1602-10828","Suderpolder-2","VR2W-114164","53.165045","5.552381",2018-12-11 05:08:00,2018-12-20 05:22:00,10736
"144","DAK","A69-1602-10828","Suderpolder-2","VR2W-114164","53.165045","5.552381",2018-12-20 19:25:00,2018-12-21 13:02:00,758
"145","DAK","A69-1602-10828","Suderpolder-2","VR2W-114164","53.165045","5.552381",2018-12-22 10:04:00,2018-12-22 11:26:00,4
"146","DAK","A69-1602-10828","Suderpolder-2","VR2W-114164","53.165045","5.552381",2018-12-22 12:54:00,2018-12-22 13:15:00,2
"147","DAK","A69-1602-10828","Suderpolder-2","VR2W-114164","53.165045","5.552381",2018-12-23 01:16:00,2018-12-23 08:03:00,194
"148","DAK","A69-1602-10828","Suderpolder-2","VR2W-114164","53.165045","5.552381",2018-12-23 10:49:00,2018-12-23 10:49:00,1
"149","DAK","A69-1602-10828","Suderpolder-2","VR2W-114164","53.165045","5.552381",2018-12-24 03:44:00,2018-12-24 03:44:00,1
"150","DAK","A69-1602-10828","Suderpolder-2","VR2W-114164","53.165045","5.552381",2018-12-24 04:57:00,2018-12-24 12:10:00,156
"151","DAK","A69-1602-10828","Suderpolder-2","VR2W-114164","53.165045","5.552381",2018-12-24 19:01:00,2018-12-24 19:15:00,8
"152","DAK","A69-1602-10828","Suderpolder-2","VR2W-114164","53.165045","5.552381",2018-12-25 23:23:00,2018-12-29 06:36:00,3930
"153","DAK","A69-1602-10828","Suderpolder-2","VR2W-114164","53.165045","5.552381",2018-12-29 22:18:00,2019-01-01 07:09:00,2842
"154","DAK","A69-1602-10828","Suderpolder-2","VR2W-114164","53.165045","5.552381",2019-01-01 18:29:00,2019-01-05 02:43:00,4042
"155","DAK","A69-1602-10828","Suderpolder-2","VR2W-114164","53.165045","5.552381",2019-01-05 18:12:00,2019-01-08 23:43:00,4175
"156","DAK","A69-1602-10828","Suderpolder-2","VR2W-114164","53.165045","5.552381",2019-01-09 13:15:00,2019-01-12 03:14:00,3345
"157","DAK","A69-1602-10828","Suderpolder-2","VR2W-114164","53.165045","5.552381",2019-01-12 20:48:00,2019-01-14 00:45:00,1511
"158","DAK","A69-1602-10828","Suderpolder-2","VR2W-114164","53.165045","5.552381",2019-01-14 02:02:00,2019-01-14 08:20:00,172
"159","DAK","A69-1602-10828","Suderpolder-2","VR2W-114164","53.165045","5.552381",2019-01-14 17:26:00,2019-01-15 21:42:00,1546
"160","DAK","A69-1602-10828","Suderpolder-2","VR2W-114164","53.165045","5.552381",2019-01-16 01:15:00,2019-01-16 01:43:00,6
"161","DAK","A69-1602-10828","Suderpolder-2","VR2W-114164","53.165045","5.552381",2019-01-16 18:13:00,2019-01-23 07:17:00,8396
"162","DAK","A69-1602-10828","Suderpolder-2","VR2W-114164","53.165045","5.552381",2019-01-24 03:28:00,2019-01-26 08:50:00,2915
"163","DAK","A69-1602-10828","Suderpolder-2","VR2W-114164","53.165045","5.552381",2019-01-30 07:55:00,2019-02-01 12:15:00,2683
"164","DAK","A69-1602-10828","Suderpolder-2","VR2W-114164","53.165045","5.552381",2019-02-01 22:35:00,2019-02-04 09:27:00,3229
"165","DAK","A69-1602-10828","Suderpolder-2","VR2W-114164","53.165045","5.552381",2019-02-04 21:46:00,2019-02-06 13:23:00,2151
"166","DAK","A69-1602-10828","Suderpolder-2","VR2W-114164","53.165045","5.552381",2019-02-08 03:48:00,2019-02-08 21:05:00,932
"167","DAK","A69-1602-10828","Suderpolder-2","VR2W-114164","53.165045","5.552381",2019-02-09 11:20:00,2019-02-10 02:43:00,842
"168","DAK","A69-1602-10828","Suderpolder-2","VR2W-114164","53.165045","5.552381",2019-02-10 05:25:00,2019-02-10 05:25:00,1
"169","DAK","A69-1602-10828","Suderpolder-2","VR2W-114164","53.165045","5.552381",2019-02-10 07:01:00,2019-02-10 07:02:00,2
"170","DAK","A69-1602-10828","Suderpolder-2","VR2W-114164","53.165045","5.552381",2019-02-10 09:48:00,2019-02-10 10:06:00,2
"171","DAK","A69-1602-10828","Suderpolder-2","VR2W-114164","53.165045","5.552381",2019-02-11 21:13:00,2019-02-11 21:17:00,4
"172","DAK","A69-1602-10828","Suderpolder-2","VR2W-114164","53.165045","5.552381",2019-02-11 23:13:00,2019-02-11 23:13:00,1
"173","DAK","A69-1602-10828","Suderpolder-2","VR2W-114164","53.165045","5.552381",2019-02-12 03:48:00,2019-02-12 10:20:00,173
"174","DAK","A69-1602-10828","Suderpolder-2","VR2W-114164","53.165045","5.552381",2019-02-12 21:15:00,2019-02-13 23:34:00,1419
"175","DAK","A69-1602-10828","Suderpolder-2","VR2W-114164","53.165045","5.552381",2019-02-14 06:33:00,2019-02-14 11:23:00,127
"176","DAK","A69-1602-10828","Suderpolder-2","VR2W-114164","53.165045","5.552381",2019-02-14 19:22:00,2019-02-18 14:37:00,4988
"177","DAK","A69-1602-10828","Suderpolder-2","VR2W-114164","53.165045","5.552381",2019-02-19 01:20:00,2019-02-20 08:39:00,1689
"178","DAK","A69-1602-10828","Suderpolder-2","VR2W-114164","53.165045","5.552381",2019-02-20 21:39:00,2019-02-28 23:54:00,10639
"179","DAK","A69-1602-10828","Suderpolder-2","VR2W-114164","53.165045","5.552381",2019-03-01 10:16:00,2019-03-04 05:29:00,3661
"180","DAK","A69-1602-10828","Suderpolder-2","VR2W-114164","53.165045","5.552381",2019-03-05 04:17:00,2019-03-06 12:10:00,1586
"181","DAK","A69-1602-10828","Suderpolder-2","VR2W-114164","53.165045","5.552381",2019-03-07 07:11:00,2019-03-07 07:54:00,5
"182","DAK","A69-1602-10828","Suderpolder-2","VR2W-114164","53.165045","5.552381",2019-03-07 20:38:00,2019-03-07 21:10:00,6
"183","DAK","A69-1602-10828","Suderpolder-2","VR2W-114164","53.165045","5.552381",2019-03-08 00:39:00,2019-03-08 00:47:00,8
"184","DAK","A69-1602-10828","Suderpolder-2","VR2W-114164","53.165045","5.552381",2019-03-08 21:15:00,2019-03-08 21:28:00,13
"185","DAK","A69-1602-10828","Suderpolder-2","VR2W-114164","53.165045","5.552381",2019-03-09 23:31:00,2019-03-09 23:38:00,8
"186","DAK","A69-1602-10828","Suderpolder-2","VR2W-114164","53.165045","5.552381",2019-03-13 07:09:00,2019-03-13 09:01:00,83
"187","DAK","A69-1602-10828","Suderpolder-2","VR2W-114164","53.165045","5.552381",2019-03-13 21:49:00,2019-03-14 08:23:00,260
"188","DAK","A69-1602-10828","Suderpolder-2","VR2W-114164","53.165045","5.552381",2019-03-17 09:05:00,2019-03-17 10:02:00,15
"189","DAK","A69-1602-10828","Suderpolder-2","VR2W-114164","53.165045","5.552381",2019-03-19 05:58:00,2019-03-22 05:10:00,3875
"190","DAK","A69-1602-10828","Suderpolder-2","VR2W-114164","53.165045","5.552381",2019-03-23 04:31:00,2019-03-29 22:21:00,8853
"191","DAK","A69-1602-10828","Suderpolder-2","VR2W-114164","53.165045","5.552381",2019-03-30 12:45:00,2019-04-07 12:26:00,10525
"192","DAK","A69-1602-10828","Suderpolder-2","VR2W-114164","53.165045","5.552381",2019-04-07 23:04:00,2019-04-25 13:41:00,23083
"193","DAK","A69-1602-10828","Suderpolder-2","VR2W-114164","53.165045","5.552381",2019-04-25 23:21:00,2019-04-25 23:32:00,11
"194","DAK","A69-1602-10828","Suderpolder-2","VR2W-114164","53.165045","5.552381",2019-04-26 02:58:00,2019-05-07 16:50:00,15199
"195","DAK","A69-1602-10828","Suderpolder-2","VR2W-114164","53.165045","5.552381",2019-05-08 00:47:00,2019-05-13 07:22:00,6921
"196","DAK","A69-1602-10828","Suderpolder-2","VR2W-114164","53.165045","5.552381",2019-05-13 10:30:00,2019-05-15 08:29:00,2542
"197","DAK","A69-1602-10829","rel_suderpolder1","none","53.16028","5.535724",2018-10-18 12:45:00,2018-10-18 12:45:00,1
"198","DAK","A69-1602-10830","rel_suderpolder1","none","53.16028","5.535724",2018-10-18 12:45:00,2018-10-18 12:45:00,1
"199","DAK","A69-1602-10831","rel_suderpolder1","none","53.16028","5.535724",2018-10-18 12:45:00,2018-10-18 12:45:00,1
"200","DAK","A69-1602-10857","rel_suderpolder2","none","53.15667","5.505508",2018-06-11 11:55:00,2018-06-11 11:55:00,1
"201","DAK","A69-1602-10857","Suderpolder-4","VR2W-114163","53.158767","5.508119",2018-11-06 11:18:00,2018-11-06 11:20:00,3
"202","DAK","A69-1602-10857","Suderpolder-4","VR2W-114163","53.158767","5.508119",2018-11-06 12:52:00,2018-11-06 12:52:00,1
"203","DAK","A69-1602-10857","Suderpolder-4","VR2W-114163","53.158767","5.508119",2018-11-06 14:31:00,2018-11-06 17:19:00,39
"204","DAK","A69-1602-10857","Suderpolder-4","VR2W-114163","53.158767","5.508119",2018-11-06 19:03:00,2018-11-06 20:43:00,12
"205","DAK","A69-1602-10857","Suderpolder-4","VR2W-114163","53.158767","5.508119",2018-11-06 22:00:00,2018-11-06 23:01:00,10
"206","DAK","A69-1602-10857","Suderpolder-4","VR2W-114163","53.158767","5.508119",2018-11-07 07:12:00,2018-11-07 16:25:00,426
"207","DAK","A69-1602-10857","Suderpolder-4","VR2W-114163","53.158767","5.508119",2018-11-08 09:59:00,2018-11-08 10:04:00,5
"208","DAK","A69-1602-10857","Suderpolder-4","VR2W-114163","53.158767","5.508119",2018-11-08 12:37:00,2018-11-09 01:54:00,297
"209","DAK","A69-1602-10857","Suderpolder-4","VR2W-114163","53.158767","5.508119",2018-11-09 21:20:00,2018-11-09 21:29:00,3
"210","DAK","A69-1602-10857","Suderpolder-4","VR2W-114163","53.158767","5.508119",2018-11-09 23:19:00,2018-11-09 23:19:00,1
"211","DAK","A69-1602-10857","Suderpolder-4","VR2W-114163","53.158767","5.508119",2018-11-10 12:34:00,2018-11-10 12:34:00,1
"212","DAK","A69-1602-10857","Suderpolder-4","VR2W-114163","53.158767","5.508119",2018-11-11 21:32:00,2018-11-11 22:31:00,2
"213","DAK","A69-1602-10857","Suderpolder-4","VR2W-114163","53.158767","5.508119",2018-11-12 00:35:00,2018-11-12 01:29:00,2
"214","DAK","A69-1602-10857","Suderpolder-4","VR2W-114163","53.158767","5.508119",2018-11-12 03:20:00,2018-11-12 03:53:00,17
"215","DAK","A69-1602-10857","Suderpolder-4","VR2W-114163","53.158767","5.508119",2018-11-12 05:42:00,2018-11-12 05:45:00,4
"216","DAK","A69-1602-10857","Suderpolder-4","VR2W-114163","53.158767","5.508119",2018-11-12 07:59:00,2018-11-12 09:11:00,13
"217","DAK","A69-1602-10857","Suderpolder-4","VR2W-114163","53.158767","5.508119",2018-11-12 16:16:00,2018-11-12 17:51:00,33
"218","DAK","A69-1602-10857","Suderpolder-4","VR2W-114163","53.158767","5.508119",2018-11-12 19:37:00,2018-11-12 22:39:00,15
"219","DAK","A69-1602-10857","Suderpolder-4","VR2W-114163","53.158767","5.508119",2018-11-13 01:52:00,2018-11-13 01:52:00,1
"220","DAK","A69-1602-10857","Suderpolder-4","VR2W-114163","53.158767","5.508119",2018-11-13 06:21:00,2018-11-13 06:21:00,1
"221","DAK","A69-1602-10857","Suderpolder-4","VR2W-114163","53.158767","5.508119",2018-11-13 07:52:00,2018-11-13 07:52:00,1
"222","DAK","A69-1602-10857","Suderpolder-4","VR2W-114163","53.158767","5.508119",2018-11-13 11:32:00,2018-11-13 11:32:00,1
"223","DAK","A69-1602-10857","Suderpolder-4","VR2W-114163","53.158767","5.508119",2018-11-13 13:03:00,2018-11-13 13:03:00,1
"224","DAK","A69-1602-10857","Suderpolder-4","VR2W-114163","53.158767","5.508119",2018-11-13 15:18:00,2018-11-13 15:18:00,1
"225","DAK","A69-1602-10857","Suderpolder-4","VR2W-114163","53.158767","5.508119",2018-11-13 19:05:00,2018-11-14 00:45:00,134
"226","DAK","A69-1602-10857","Suderpolder-4","VR2W-114163","53.158767","5.508119",2018-11-14 02:28:00,2018-11-14 09:24:00,53
"227","DAK","A69-1602-10857","Suderpolder-4","VR2W-114163","53.158767","5.508119",2018-11-14 12:18:00,2018-11-14 12:18:00,1
"228","DAK","A69-1602-10857","Suderpolder-4","VR2W-114163","53.158767","5.508119",2018-11-14 14:04:00,2018-11-14 18:04:00,92
"229","DAK","A69-1602-10857","Suderpolder-4","VR2W-114163","53.158767","5.508119",2018-11-14 21:50:00,2018-11-14 23:33:00,36
"230","DAK","A69-1602-10857","Suderpolder-4","VR2W-114163","53.158767","5.508119",2018-11-23 18:39:00,2018-11-23 18:46:00,4
"231","DAK","A69-1602-10857","Suderpolder-4","VR2W-114163","53.158767","5.508119",2018-11-24 14:42:00,2018-11-24 19:00:00,35
"232","DAK","A69-1602-10857","Suderpolder-4","VR2W-114163","53.158767","5.508119",2018-11-24 22:26:00,2018-11-24 23:29:00,7
"233","DAK","A69-1602-10857","Suderpolder-4","VR2W-114163","53.158767","5.508119",2018-11-25 02:20:00,2018-11-25 03:32:00,10
"234","DAK","A69-1602-10857","Suderpolder-4","VR2W-114163","53.158767","5.508119",2018-11-27 05:48:00,2018-11-27 05:48:00,1
"235","DAK","A69-1602-10857","Suderpolder-4","VR2W-114163","53.158767","5.508119",2018-11-27 21:21:00,2018-11-27 21:21:00,1
"236","DAK","A69-1602-10857","Suderpolder-4","VR2W-114163","53.158767","5.508119",2018-12-02 22:41:00,2018-12-03 00:15:00,3
"237","DAK","A69-1602-10857","Suderpolder-4","VR2W-114163","53.158767","5.508119",2018-12-03 21:29:00,2018-12-03 21:29:00,1
"238","DAK","A69-1602-10857","Suderpolder-4","VR2W-114163","53.158767","5.508119",2018-12-04 03:04:00,2018-12-04 03:04:00,1
"239","DAK","A69-1602-10857","Suderpolder-4","VR2W-114163","53.158767","5.508119",2018-12-05 22:27:00,2018-12-05 22:50:00,4
"240","DAK","A69-1602-10857","Suderpolder-4","VR2W-114163","53.158767","5.508119",2018-12-07 15:26:00,2018-12-07 15:26:00,1
"241","DAK","A69-1602-10857","Suderpolder-4","VR2W-114163","53.158767","5.508119",2018-12-07 19:47:00,2018-12-07 20:03:00,2
"242","DAK","A69-1602-10857","Suderpolder-4","VR2W-114163","53.158767","5.508119",2018-12-08 02:04:00,2018-12-08 02:04:00,1
"243","DAK","A69-1602-10857","Suderpolder-4","VR2W-114163","53.158767","5.508119",2018-12-08 16:19:00,2018-12-08 17:09:00,5
"244","DAK","A69-1602-10857","Suderpolder-4","VR2W-114163","53.158767","5.508119",2018-12-08 20:12:00,2018-12-09 00:14:00,27
"245","DAK","A69-1602-10857","Suderpolder-4","VR2W-114163","53.158767","5.508119",2018-12-09 10:01:00,2018-12-09 10:01:00,1
"246","DAK","A69-1602-10857","Suderpolder-4","VR2W-114163","53.158767","5.508119",2018-12-09 14:54:00,2018-12-09 15:40:00,8
"247","DAK","A69-1602-10857","Suderpolder-4","VR2W-114163","53.158767","5.508119",2018-12-09 17:06:00,2018-12-09 17:06:00,1
"248","DAK","A69-1602-10857","Suderpolder-4","VR2W-114163","53.158767","5.508119",2018-12-09 19:51:00,2018-12-09 19:51:00,1
"249","DAK","A69-1602-10857","Suderpolder-4","VR2W-114163","53.158767","5.508119",2018-12-09 22:30:00,2018-12-10 07:42:00,147
"250","DAK","A69-1602-10857","Suderpolder-4","VR2W-114163","53.158767","5.508119",2018-12-10 14:59:00,2018-12-10 19:39:00,24
"251","DAK","A69-1602-10857","Suderpolder-4","VR2W-114163","53.158767","5.508119",2018-12-10 21:02:00,2018-12-10 21:02:00,1
"252","DAK","A69-1602-10857","Suderpolder-4","VR2W-114163","53.158767","5.508119",2018-12-10 23:49:00,2018-12-10 23:52:00,3
"253","DAK","A69-1602-10857","Suderpolder-4","VR2W-114163","53.158767","5.508119",2018-12-11 08:19:00,2018-12-11 08:58:00,16
"254","DAK","A69-1602-10857","Suderpolder-4","VR2W-114163","53.158767","5.508119",2018-12-11 10:07:00,2018-12-11 10:28:00,5
"255","DAK","A69-1602-10857","Suderpolder-4","VR2W-114163","53.158767","5.508119",2018-12-11 11:34:00,2018-12-11 18:41:00,73
"256","DAK","A69-1602-10857","Suderpolder-4","VR2W-114163","53.158767","5.508119",2018-12-15 22:38:00,2018-12-15 22:39:00,2
"257","DAK","A69-1602-10857","Suderpolder-4","VR2W-114163","53.158767","5.508119",2018-12-16 11:46:00,2018-12-16 17:36:00,103
"258","DAK","A69-1602-10857","Suderpolder-4","VR2W-114163","53.158767","5.508119",2018-12-16 22:18:00,2018-12-17 00:05:00,54
"259","DAK","A69-1602-10857","Suderpolder-4","VR2W-114163","53.158767","5.508119",2018-12-17 03:35:00,2018-12-17 03:35:00,1
"260","DAK","A69-1602-10857","Suderpolder-4","VR2W-114163","53.158767","5.508119",2018-12-17 04:56:00,2018-12-17 05:21:00,5
"261","DAK","A69-1602-10857","Suderpolder-4","VR2W-114163","53.158767","5.508119",2018-12-17 11:08:00,2018-12-17 11:08:00,1
"262","DAK","A69-1602-10857","Suderpolder-4","VR2W-114163","53.158767","5.508119",2018-12-17 12:26:00,2018-12-17 15:24:00,26
"263","DAK","A69-1602-10857","Suderpolder-4","VR2W-114163","53.158767","5.508119",2018-12-17 20:10:00,2018-12-17 21:26:00,26
"264","DAK","A69-1602-10857","Suderpolder-4","VR2W-114163","53.158767","5.508119",2018-12-17 22:48:00,2018-12-17 22:56:00,3
"265","DAK","A69-1602-10857","Suderpolder-4","VR2W-114163","53.158767","5.508119",2018-12-18 00:13:00,2018-12-18 10:51:00,86
"266","DAK","A69-1602-10857","Suderpolder-4","VR2W-114163","53.158767","5.508119",2018-12-18 14:16:00,2018-12-19 01:45:00,137
"267","DAK","A69-1602-10857","Suderpolder-4","VR2W-114163","53.158767","5.508119",2018-12-19 02:56:00,2018-12-19 03:16:00,2
"268","DAK","A69-1602-10857","Suderpolder-4","VR2W-114163","53.158767","5.508119",2018-12-19 07:54:00,2018-12-19 08:41:00,7
"269","DAK","A69-1602-10857","Suderpolder-4","VR2W-114163","53.158767","5.508119",2018-12-19 12:05:00,2018-12-19 12:28:00,4
"270","DAK","A69-1602-10857","Suderpolder-4","VR2W-114163","53.158767","5.508119",2018-12-19 15:39:00,2018-12-19 16:51:00,12
"271","DAK","A69-1602-10857","Suderpolder-4","VR2W-114163","53.158767","5.508119",2018-12-19 18:08:00,2018-12-19 18:08:00,1
"272","DAK","A69-1602-10857","Suderpolder-4","VR2W-114163","53.158767","5.508119",2018-12-19 20:33:00,2018-12-19 22:11:00,14
"273","DAK","A69-1602-10857","Suderpolder-4","VR2W-114163","53.158767","5.508119",2018-12-20 00:38:00,2018-12-20 00:38:00,1
"274","DAK","A69-1602-10857","Suderpolder-4","VR2W-114163","53.158767","5.508119",2018-12-20 17:04:00,2018-12-20 18:12:00,5
"275","DAK","A69-1602-10857","Suderpolder-4","VR2W-114163","53.158767","5.508119",2018-12-21 01:27:00,2018-12-21 01:27:00,1
"276","DAK","A69-1602-10857","Suderpolder-4","VR2W-114163","53.158767","5.508119",2018-12-21 05:00:00,2018-12-21 05:29:00,8
"277","DAK","A69-1602-10857","Suderpolder-4","VR2W-114163","53.158767","5.508119",2018-12-21 09:13:00,2018-12-21 09:13:00,1
"278","DAK","A69-1602-10857","Suderpolder-4","VR2W-114163","53.158767","5.508119",2018-12-21 10:24:00,2018-12-21 11:26:00,10
"279","DAK","A69-1602-10857","Suderpolder-4","VR2W-114163","53.158767","5.508119",2018-12-21 19:25:00,2018-12-21 19:25:00,1
"280","DAK","A69-1602-10857","Suderpolder-4","VR2W-114163","53.158767","5.508119",2018-12-21 21:22:00,2018-12-21 23:33:00,20
"281","DAK","A69-1602-10857","Suderpolder-4","VR2W-114163","53.158767","5.508119",2018-12-22 00:43:00,2018-12-22 05:30:00,84
"282","DAK","A69-1602-10857","Suderpolder-4","VR2W-114163","53.158767","5.508119",2018-12-22 08:04:00,2018-12-22 08:32:00,8
"283","DAK","A69-1602-10857","Suderpolder-4","VR2W-114163","53.158767","5.508119",2018-12-22 13:15:00,2018-12-22 17:40:00,34
"284","DAK","A69-1602-10857","Suderpolder-4","VR2W-114163","53.158767","5.508119",2018-12-22 19:41:00,2018-12-23 09:24:00,239
"285","DAK","A69-1602-10857","Suderpolder-4","VR2W-114163","53.158767","5.508119",2018-12-23 18:03:00,2018-12-24 13:13:00,590
"286","DAK","A69-1602-10857","Suderpolder-4","VR2W-114163","53.158767","5.508119",2018-12-24 14:21:00,2018-12-25 07:57:00,476
"287","DAK","A69-1602-10857","Suderpolder-4","VR2W-114163","53.158767","5.508119",2018-12-25 10:05:00,2018-12-26 04:28:00,278
"288","DAK","A69-1602-10857","Suderpolder-4","VR2W-114163","53.158767","5.508119",2018-12-26 05:46:00,2018-12-26 09:45:00,44
"289","DAK","A69-1602-10857","Suderpolder-4","VR2W-114163","53.158767","5.508119",2018-12-26 11:25:00,2018-12-26 13:20:00,8
"290","DAK","A69-1602-10857","Suderpolder-4","VR2W-114163","53.158767","5.508119",2018-12-26 14:43:00,2018-12-26 14:43:00,1
"291","DAK","A69-1602-10857","Suderpolder-4","VR2W-114163","53.158767","5.508119",2018-12-26 15:44:00,2018-12-27 07:37:00,359
"292","DAK","A69-1602-10857","Suderpolder-4","VR2W-114163","53.158767","5.508119",2018-12-27 11:08:00,2018-12-27 11:17:00,5
"293","DAK","A69-1602-10857","Suderpolder-4","VR2W-114163","53.158767","5.508119",2018-12-27 12:49:00,2018-12-27 14:00:00,43
"294","DAK","A69-1602-10857","Suderpolder-4","VR2W-114163","53.158767","5.508119",2018-12-27 16:04:00,2018-12-27 17:54:00,52
"295","DAK","A69-1602-10857","Suderpolder-4","VR2W-114163","53.158767","5.508119",2018-12-27 23:50:00,2018-12-28 06:37:00,167
"296","DAK","A69-1602-10857","Suderpolder-4","VR2W-114163","53.158767","5.508119",2018-12-28 07:41:00,2018-12-28 08:09:00,23
"297","DAK","A69-1602-10857","Suderpolder-4","VR2W-114163","53.158767","5.508119",2018-12-28 10:54:00,2018-12-28 10:54:00,1
"298","DAK","A69-1602-10857","Suderpolder-4","VR2W-114163","53.158767","5.508119",2018-12-28 15:41:00,2018-12-28 16:26:00,28
"299","DAK","A69-1602-10857","Suderpolder-4","VR2W-114163","53.158767","5.508119",2018-12-28 19:14:00,2018-12-28 19:57:00,5
"300","DAK","A69-1602-10857","Suderpolder-4","VR2W-114163","53.158767","5.508119",2018-12-28 21:00:00,2018-12-28 22:37:00,42
"301","DAK","A69-1602-10857","Suderpolder-4","VR2W-114163","53.158767","5.508119",2018-12-29 01:26:00,2018-12-29 02:28:00,17
"302","DAK","A69-1602-10857","Suderpolder-4","VR2W-114163","53.158767","5.508119",2018-12-29 15:15:00,2018-12-29 17:23:00,51
"303","DAK","A69-1602-10857","Suderpolder-4","VR2W-114163","53.158767","5.508119",2018-12-29 23:17:00,2018-12-29 23:56:00,8
"304","DAK","A69-1602-10857","Suderpolder-4","VR2W-114163","53.158767","5.508119",2018-12-30 01:18:00,2018-12-30 10:16:00,291
"305","DAK","A69-1602-10857","Suderpolder-4","VR2W-114163","53.158767","5.508119",2018-12-30 12:06:00,2018-12-30 13:49:00,29
"306","DAK","A69-1602-10857","Suderpolder-4","VR2W-114163","53.158767","5.508119",2018-12-30 15:43:00,2018-12-30 16:08:00,26
"307","DAK","A69-1602-10857","Suderpolder-4","VR2W-114163","53.158767","5.508119",2018-12-30 21:10:00,2018-12-30 21:10:00,1
"308","DAK","A69-1602-10857","Suderpolder-4","VR2W-114163","53.158767","5.508119",2018-12-30 22:17:00,2018-12-30 23:03:00,6
"309","DAK","A69-1602-10857","Suderpolder-4","VR2W-114163","53.158767","5.508119",2018-12-31 00:04:00,2018-12-31 07:37:00,205
"310","DAK","A69-1602-10857","Suderpolder-4","VR2W-114163","53.158767","5.508119",2018-12-31 12:15:00,2018-12-31 13:58:00,60
"311","DAK","A69-1602-10857","Suderpolder-4","VR2W-114163","53.158767","5.508119",2018-12-31 15:48:00,2019-01-01 08:59:00,784
"312","DAK","A69-1602-10857","Suderpolder-4","VR2W-114163","53.158767","5.508119",2019-01-01 10:09:00,2019-01-01 17:13:00,137
"313","DAK","A69-1602-10857","Suderpolder-4","VR2W-114163","53.158767","5.508119",2019-01-01 20:18:00,2019-01-01 20:31:00,12
"314","DAK","A69-1602-10857","Suderpolder-4","VR2W-114163","53.158767","5.508119",2019-01-02 17:19:00,2019-01-02 18:20:00,22
"315","DAK","A69-1602-10857","Suderpolder-4","VR2W-114163","53.158767","5.508119",2019-01-02 19:21:00,2019-01-02 21:26:00,40
"316","DAK","A69-1602-10857","Suderpolder-4","VR2W-114163","53.158767","5.508119",2019-01-03 03:20:00,2019-01-03 03:26:00,2
"317","DAK","A69-1602-10857","Suderpolder-4","VR2W-114163","53.158767","5.508119",2019-01-03 04:59:00,2019-01-03 04:59:00,1
"318","DAK","A69-1602-10857","Suderpolder-4","VR2W-114163","53.158767","5.508119",2019-01-03 07:56:00,2019-01-03 07:56:00,1
"319","DAK","A69-1602-10857","Suderpolder-4","VR2W-114163","53.158767","5.508119",2019-01-03 17:14:00,2019-01-03 22:10:00,115
"320","DAK","A69-1602-10857","Suderpolder-4","VR2W-114163","53.158767","5.508119",2019-01-04 02:32:00,2019-01-04 07:58:00,157
"321","DAK","A69-1602-10857","Suderpolder-4","VR2W-114163","53.158767","5.508119",2019-01-04 09:43:00,2019-01-04 09:49:00,4
"322","DAK","A69-1602-10857","Suderpolder-4","VR2W-114163","53.158767","5.508119",2019-01-04 13:23:00,2019-01-04 13:56:00,7
"323","DAK","A69-1602-10857","Suderpolder-4","VR2W-114163","53.158767","5.508119",2019-01-04 16:46:00,2019-01-04 17:21:00,20
"324","DAK","A69-1602-10857","Suderpolder-4","VR2W-114163","53.158767","5.508119",2019-01-04 18:43:00,2019-01-04 20:16:00,27
"325","DAK","A69-1602-10857","Suderpolder-4","VR2W-114163","53.158767","5.508119",2019-01-06 09:09:00,2019-01-06 10:29:00,28
"326","DAK","A69-1602-10857","Suderpolder-4","VR2W-114163","53.158767","5.508119",2019-01-06 17:08:00,2019-01-06 17:22:00,3
"327","DAK","A69-1602-10857","Suderpolder-4","VR2W-114163","53.158767","5.508119",2019-01-06 19:09:00,2019-01-06 23:18:00,47
"328","DAK","A69-1602-10857","Suderpolder-4","VR2W-114163","53.158767","5.508119",2019-01-07 01:19:00,2019-01-07 09:55:00,164
"329","DAK","A69-1602-10857","Suderpolder-4","VR2W-114163","53.158767","5.508119",2019-01-07 14:30:00,2019-01-07 15:48:00,7
"330","DAK","A69-1602-10857","Suderpolder-4","VR2W-114163","53.158767","5.508119",2019-01-27 17:40:00,2019-01-27 17:52:00,3
"331","DAK","A69-1602-10857","Suderpolder-4","VR2W-114163","53.158767","5.508119",2019-02-10 23:02:00,2019-02-10 23:06:00,4
"332","DAK","A69-1602-10857","Suderpolder-4","VR2W-114163","53.158767","5.508119",2019-02-22 19:46:00,2019-02-22 20:43:00,21
"333","DAK","A69-1602-10857","Suderpolder-4","VR2W-114163","53.158767","5.508119",2019-02-22 22:00:00,2019-02-22 23:45:00,97
"334","DAK","A69-1602-10858","rel_suderpolder2","none","53.15667","5.505508",2018-06-11 11:55:00,2018-06-11 11:55:00,1
"335","DAK","A69-1602-10858","Suderpolder-4","VR2W-114163","53.158767","5.508119",2018-11-07 04:07:00,2018-11-07 05:17:00,46
"336","DAK","A69-1602-10858","Suderpolder-4","VR2W-114163","53.158767","5.508119",2018-12-09 18:03:00,2018-12-09 18:42:00,23
"337","DAK","A69-1602-10858","Suderpolder-4","VR2W-114163","53.158767","5.508119",2018-12-12 04:38:00,2018-12-12 05:07:00,20
"338","DAK","A69-1602-10859","rel_suderpolder2","none","53.15667","5.505508",2018-06-11 11:55:00,2018-06-11 11:55:00,1
"339","DAK","A69-1602-10859","Suderpolder-4","VR2W-114163","53.158767","5.508119",2018-11-08 17:16:00,2018-11-08 19:12:00,5
"340","DAK","A69-1602-10859","Suderpolder-4","VR2W-114163","53.158767","5.508119",2018-11-08 20:25:00,2018-11-08 20:25:00,1
"341","DAK","A69-1602-10859","Suderpolder-4","VR2W-114163","53.158767","5.508119",2018-11-08 22:08:00,2018-11-08 22:08:00,1
"342","DAK","A69-1602-10859","Suderpolder-4","VR2W-114163","53.158767","5.508119",2018-11-09 00:30:00,2018-11-09 00:32:00,3
"343","DAK","A69-1602-10859","Suderpolder-4","VR2W-114163","53.158767","5.508119",2018-11-09 01:38:00,2018-11-09 02:00:00,4
"344","DAK","A69-1602-10859","Suderpolder-4","VR2W-114163","53.158767","5.508119",2018-11-11 10:53:00,2018-11-11 21:40:00,217
"345","DAK","A69-1602-10859","Suderpolder-4","VR2W-114163","53.158767","5.508119",2018-11-11 23:26:00,2018-11-12 18:33:00,632
"346","DAK","A69-1602-10859","Suderpolder-4","VR2W-114163","53.158767","5.508119",2018-11-12 19:35:00,2018-11-16 08:39:00,3069
"347","DAK","A69-1602-10859","Suderpolder-4","VR2W-114163","53.158767","5.508119",2018-11-16 10:03:00,2018-11-17 02:36:00,792
"348","DAK","A69-1602-10859","Suderpolder-4","VR2W-114163","53.158767","5.508119",2018-11-17 05:01:00,2018-11-17 09:10:00,96
"349","DAK","A69-1602-10859","Suderpolder-4","VR2W-114163","53.158767","5.508119",2018-11-17 12:47:00,2018-11-17 13:24:00,2
"350","DAK","A69-1602-10859","Suderpolder-4","VR2W-114163","53.158767","5.508119",2018-11-17 14:59:00,2018-11-17 14:59:00,1
"351","DAK","A69-1602-10859","Suderpolder-4","VR2W-114163","53.158767","5.508119",2018-11-17 23:54:00,2018-11-18 01:23:00,6
"352","DAK","A69-1602-10859","Suderpolder-4","VR2W-114163","53.158767","5.508119",2018-11-18 02:49:00,2018-11-18 06:07:00,75
"353","DAK","A69-1602-10859","Suderpolder-4","VR2W-114163","53.158767","5.508119",2018-11-18 07:10:00,2018-11-18 07:35:00,8
"354","DAK","A69-1602-10859","Suderpolder-4","VR2W-114163","53.158767","5.508119",2018-11-18 14:13:00,2018-11-18 14:13:00,1
"355","DAK","A69-1602-10859","Suderpolder-4","VR2W-114163","53.158767","5.508119",2018-11-18 16:10:00,2018-11-18 16:45:00,18
"356","DAK","A69-1602-10859","Suderpolder-4","VR2W-114163","53.158767","5.508119",2018-11-18 18:30:00,2018-11-18 18:30:00,1
"357","DAK","A69-1602-10859","Suderpolder-4","VR2W-114163","53.158767","5.508119",2018-11-18 20:12:00,2018-11-18 20:26:00,3
"358","DAK","A69-1602-10859","Suderpolder-4","VR2W-114163","53.158767","5.508119",2018-11-18 21:32:00,2018-11-18 21:32:00,1
"359","DAK","A69-1602-10859","Suderpolder-4","VR2W-114163","53.158767","5.508119",2018-11-18 23:58:00,2018-11-18 23:58:00,1
"360","DAK","A69-1602-10859","Suderpolder-4","VR2W-114163","53.158767","5.508119",2018-11-19 01:09:00,2018-11-19 02:56:00,22
"361","DAK","A69-1602-10859","Suderpolder-4","VR2W-114163","53.158767","5.508119",2018-11-20 19:27:00,2018-11-20 23:43:00,30
"362","DAK","A69-1602-10859","Suderpolder-4","VR2W-114163","53.158767","5.508119",2018-11-21 03:58:00,2018-11-21 07:12:00,24
"363","DAK","A69-1602-10859","Suderpolder-4","VR2W-114163","53.158767","5.508119",2018-11-21 08:19:00,2018-11-21 11:19:00,12
"364","DAK","A69-1602-10859","Suderpolder-4","VR2W-114163","53.158767","5.508119",2018-11-21 17:07:00,2018-11-21 17:19:00,3
"365","DAK","A69-1602-10859","Suderpolder-4","VR2W-114163","53.158767","5.508119",2018-11-21 19:52:00,2018-11-22 03:05:00,110
"366","DAK","A69-1602-10859","Suderpolder-4","VR2W-114163","53.158767","5.508119",2018-11-22 10:31:00,2018-11-22 10:31:00,1
"367","DAK","A69-1602-10859","Suderpolder-4","VR2W-114163","53.158767","5.508119",2018-11-22 11:50:00,2018-11-23 08:26:00,374
"368","DAK","A69-1602-10859","Suderpolder-4","VR2W-114163","53.158767","5.508119",2018-11-23 09:47:00,2018-11-23 09:48:00,2
"369","DAK","A69-1602-10859","Suderpolder-4","VR2W-114163","53.158767","5.508119",2018-11-23 17:38:00,2018-11-24 07:49:00,449
"370","DAK","A69-1602-10859","Suderpolder-4","VR2W-114163","53.158767","5.508119",2018-11-24 09:55:00,2018-11-24 10:19:00,14
"371","DAK","A69-1602-10859","Suderpolder-4","VR2W-114163","53.158767","5.508119",2018-11-24 14:06:00,2018-11-24 15:51:00,16
"372","DAK","A69-1602-10859","Suderpolder-4","VR2W-114163","53.158767","5.508119",2018-11-24 17:24:00,2018-11-24 17:29:00,3
"373","DAK","A69-1602-10859","Suderpolder-4","VR2W-114163","53.158767","5.508119",2018-11-24 18:53:00,2018-11-24 19:30:00,3
"374","DAK","A69-1602-10859","Suderpolder-4","VR2W-114163","53.158767","5.508119",2018-11-24 20:32:00,2018-11-25 06:18:00,204
"375","DAK","A69-1602-10859","Suderpolder-4","VR2W-114163","53.158767","5.508119",2018-11-25 12:43:00,2018-11-26 01:31:00,243
"376","DAK","A69-1602-10859","Suderpolder-4","VR2W-114163","53.158767","5.508119",2018-11-26 05:02:00,2018-11-26 06:23:00,7
"377","DAK","A69-1602-10859","Suderpolder-4","VR2W-114163","53.158767","5.508119",2018-11-26 08:03:00,2018-11-26 10:20:00,14
"378","DAK","A69-1602-10859","Suderpolder-4","VR2W-114163","53.158767","5.508119",2018-11-26 11:44:00,2018-11-26 12:02:00,2
"379","DAK","A69-1602-10859","Suderpolder-4","VR2W-114163","53.158767","5.508119",2018-11-26 13:26:00,2018-11-26 14:39:00,4
"380","DAK","A69-1602-10859","Suderpolder-4","VR2W-114163","53.158767","5.508119",2018-11-26 16:25:00,2018-11-26 16:31:00,3
"381","DAK","A69-1602-10859","Suderpolder-4","VR2W-114163","53.158767","5.508119",2018-11-26 17:37:00,2018-11-26 17:59:00,3
"382","DAK","A69-1602-10859","Suderpolder-4","VR2W-114163","53.158767","5.508119",2018-11-26 19:50:00,2018-11-26 20:59:00,14
"383","DAK","A69-1602-10859","Suderpolder-4","VR2W-114163","53.158767","5.508119",2018-11-26 22:33:00,2018-11-26 23:02:00,8
"384","DAK","A69-1602-10859","Suderpolder-4","VR2W-114163","53.158767","5.508119",2018-11-27 00:04:00,2018-11-27 00:33:00,19
"385","DAK","A69-1602-10859","Suderpolder-4","VR2W-114163","53.158767","5.508119",2018-11-27 03:12:00,2018-11-27 04:14:00,12
"386","DAK","A69-1602-10859","Suderpolder-4","VR2W-114163","53.158767","5.508119",2018-11-27 05:46:00,2018-11-27 07:42:00,14
"387","DAK","A69-1602-10859","Suderpolder-4","VR2W-114163","53.158767","5.508119",2018-11-27 12:33:00,2018-11-27 12:33:00,1
"388","DAK","A69-1602-10859","Suderpolder-4","VR2W-114163","53.158767","5.508119",2018-11-27 18:15:00,2018-11-27 21:19:00,16
"389","DAK","A69-1602-10859","Suderpolder-4","VR2W-114163","53.158767","5.508119",2018-11-27 22:36:00,2018-11-28 07:53:00,180
"390","DAK","A69-1602-10859","Suderpolder-4","VR2W-114163","53.158767","5.508119",2018-11-28 11:13:00,2018-11-28 11:13:00,1
"391","DAK","A69-1602-10859","Suderpolder-4","VR2W-114163","53.158767","5.508119",2018-11-28 12:54:00,2018-11-28 12:54:00,1
"392","DAK","A69-1602-10859","Suderpolder-4","VR2W-114163","53.158767","5.508119",2018-11-28 17:07:00,2018-11-29 04:57:00,257
"393","DAK","A69-1602-10859","Suderpolder-4","VR2W-114163","53.158767","5.508119",2018-11-29 06:07:00,2018-11-29 06:12:00,2
"394","DAK","A69-1602-10859","Suderpolder-4","VR2W-114163","53.158767","5.508119",2018-11-29 15:57:00,2018-11-29 18:05:00,38
"395","DAK","A69-1602-10859","Suderpolder-4","VR2W-114163","53.158767","5.508119",2018-11-29 19:21:00,2018-11-30 09:24:00,298
"396","DAK","A69-1602-10859","Suderpolder-4","VR2W-114163","53.158767","5.508119",2018-11-30 13:45:00,2018-11-30 13:45:00,1
"397","DAK","A69-1602-10859","Suderpolder-4","VR2W-114163","53.158767","5.508119",2018-11-30 15:08:00,2018-12-01 04:56:00,700
"398","DAK","A69-1602-10859","Suderpolder-4","VR2W-114163","53.158767","5.508119",2018-12-01 06:02:00,2018-12-01 06:02:00,1
"399","DAK","A69-1602-10859","Suderpolder-4","VR2W-114163","53.158767","5.508119",2018-12-01 09:44:00,2018-12-02 08:39:00,615
"400","DAK","A69-1602-10859","Suderpolder-4","VR2W-114163","53.158767","5.508119",2018-12-02 15:56:00,2018-12-03 03:17:00,491
"401","DAK","A69-1602-10859","Suderpolder-4","VR2W-114163","53.158767","5.508119",2018-12-03 04:32:00,2018-12-03 07:20:00,134
"402","DAK","A69-1602-10859","Suderpolder-4","VR2W-114163","53.158767","5.508119",2018-12-03 13:17:00,2018-12-03 13:17:00,1
"403","DAK","A69-1602-10859","Suderpolder-4","VR2W-114163","53.158767","5.508119",2018-12-03 15:02:00,2018-12-04 07:40:00,740
"404","DAK","A69-1602-10859","Suderpolder-4","VR2W-114163","53.158767","5.508119",2018-12-04 11:25:00,2018-12-04 11:31:00,2
"405","DAK","A69-1602-10859","Suderpolder-4","VR2W-114163","53.158767","5.508119",2018-12-04 16:51:00,2018-12-04 17:10:00,17
"406","DAK","A69-1602-10859","Suderpolder-4","VR2W-114163","53.158767","5.508119",2018-12-04 18:52:00,2018-12-04 21:37:00,70
"407","DAK","A69-1602-10859","Suderpolder-4","VR2W-114163","53.158767","5.508119",2018-12-05 10:20:00,2018-12-05 11:01:00,3
"408","DAK","A69-1602-10859","Suderpolder-4","VR2W-114163","53.158767","5.508119",2018-12-05 17:08:00,2018-12-05 17:33:00,11
"409","DAK","A69-1602-10859","Suderpolder-4","VR2W-114163","53.158767","5.508119",2018-12-05 19:12:00,2018-12-05 21:04:00,15
"410","DAK","A69-1602-10859","Suderpolder-4","VR2W-114163","53.158767","5.508119",2018-12-05 22:40:00,2018-12-05 23:04:00,5
"411","DAK","A69-1602-10859","Suderpolder-4","VR2W-114163","53.158767","5.508119",2018-12-06 00:38:00,2018-12-06 05:49:00,237
"412","DAK","A69-1602-10859","Suderpolder-4","VR2W-114163","53.158767","5.508119",2018-12-06 08:01:00,2018-12-06 08:23:00,6
"413","DAK","A69-1602-10859","Suderpolder-4","VR2W-114163","53.158767","5.508119",2018-12-06 15:06:00,2018-12-06 15:06:00,1
"414","DAK","A69-1602-10859","Suderpolder-4","VR2W-114163","53.158767","5.508119",2018-12-06 16:27:00,2018-12-06 22:52:00,53
"415","DAK","A69-1602-10859","Suderpolder-4","VR2W-114163","53.158767","5.508119",2018-12-07 00:18:00,2018-12-07 03:20:00,69
"416","DAK","A69-1602-10859","Suderpolder-4","VR2W-114163","53.158767","5.508119",2018-12-07 04:52:00,2018-12-07 07:29:00,29
"417","DAK","A69-1602-10859","Suderpolder-4","VR2W-114163","53.158767","5.508119",2018-12-07 15:22:00,2018-12-07 15:43:00,17
"418","DAK","A69-1602-10859","Suderpolder-4","VR2W-114163","53.158767","5.508119",2018-12-07 16:55:00,2018-12-07 21:18:00,109
"419","DAK","A69-1602-10859","Suderpolder-4","VR2W-114163","53.158767","5.508119",2018-12-07 23:29:00,2018-12-07 23:38:00,3
"420","DAK","A69-1602-10859","Suderpolder-4","VR2W-114163","53.158767","5.508119",2018-12-08 17:19:00,2018-12-08 17:36:00,4
"421","DAK","A69-1602-10859","Suderpolder-4","VR2W-114163","53.158767","5.508119",2018-12-08 19:16:00,2018-12-08 21:25:00,24
"422","DAK","A69-1602-10859","Suderpolder-4","VR2W-114163","53.158767","5.508119",2018-12-09 16:28:00,2018-12-09 17:00:00,16
"423","DAK","A69-1602-10859","Suderpolder-4","VR2W-114163","53.158767","5.508119",2018-12-09 18:05:00,2018-12-10 01:51:00,92
"424","DAK","A69-1602-10859","Suderpolder-6","VR2W-114165","53.179885","5.425022",2018-12-10 23:36:00,2018-12-11 04:13:00,123
"425","DAK","A69-1602-10860","rel_suderpolder2","none","53.15667","5.505508",2018-06-11 11:55:00,2018-06-11 11:55:00,1
"426","DAK","A69-1602-10860","Suderpolder-4","VR2W-114163","53.158767","5.508119",2018-11-06 18:19:00,2018-11-06 18:20:00,2
"427","DAK","A69-1602-10860","Suderpolder-4","VR2W-114163","53.158767","5.508119",2018-11-06 19:22:00,2018-11-06 19:57:00,9
"428","DAK","A69-1602-10860","Suderpolder-4","VR2W-114163","53.158767","5.508119",2018-11-06 21:05:00,2018-11-06 21:05:00,1
"429","DAK","A69-1602-10860","Suderpolder-4","VR2W-114163","53.158767","5.508119",2018-11-07 02:27:00,2018-11-07 02:50:00,19
"430","DAK","A69-1602-10860","Suderpolder-4","VR2W-114163","53.158767","5.508119",2018-11-07 06:11:00,2018-11-07 06:11:00,1
"431","DAK","A69-1602-10860","Suderpolder-4","VR2W-114163","53.158767","5.508119",2018-11-08 18:05:00,2018-11-08 18:09:00,4
"432","DAK","A69-1602-10860","Suderpolder-4","VR2W-114163","53.158767","5.508119",2018-11-09 17:21:00,2018-11-09 17:21:00,1
"433","DAK","A69-1602-10860","Suderpolder-4","VR2W-114163","53.158767","5.508119",2018-11-11 18:29:00,2018-11-11 18:29:00,1
"434","DAK","A69-1602-10860","Suderpolder-4","VR2W-114163","53.158767","5.508119",2018-11-11 20:11:00,2018-11-11 20:57:00,27
"435","DAK","A69-1602-10860","Suderpolder-4","VR2W-114163","53.158767","5.508119",2018-11-11 23:30:00,2018-11-12 00:05:00,31
"436","DAK","A69-1602-10860","Suderpolder-4","VR2W-114163","53.158767","5.508119",2018-11-12 01:23:00,2018-11-12 02:29:00,43
"437","DAK","A69-1602-10860","Suderpolder-4","VR2W-114163","53.158767","5.508119",2018-11-14 19:45:00,2018-11-14 19:57:00,5
"438","DAK","A69-1602-10860","Suderpolder-4","VR2W-114163","53.158767","5.508119",2018-12-02 17:46:00,2018-12-02 18:45:00,29
"439","DAK","A69-1602-10860","Suderpolder-6","VR2W-114165","53.179885","5.425022",2018-12-08 19:34:00,2018-12-09 19:35:00,943
"440","DAK","A69-1602-10860","Suderpolder-6","VR2W-114165","53.179885","5.425022",2018-12-09 20:42:00,2018-12-10 03:36:00,108
"441","DAK","A69-1602-10860","Suderpolder-6","VR2W-114165","53.179885","5.425022",2018-12-10 05:02:00,2018-12-10 15:07:00,277
"442","DAK","A69-1602-10861","rel_suderpolder2","none","53.15667","5.505508",2018-06-11 11:55:00,2018-06-11 11:55:00,1
"443","DAK","A69-1602-10861","Suderpolder-4","VR2W-114163","53.158767","5.508119",2018-11-06 11:05:00,2018-11-06 11:44:00,8
"444","DAK","A69-1602-10861","Suderpolder-4","VR2W-114163","53.158767","5.508119",2018-11-06 14:28:00,2018-11-07 11:19:00,1066
"445","DAK","A69-1602-10861","Suderpolder-4","VR2W-114163","53.158767","5.508119",2018-11-07 12:20:00,2018-11-08 22:12:00,1506
"446","DAK","A69-1602-10861","Suderpolder-4","VR2W-114163","53.158767","5.508119",2018-11-08 23:34:00,2018-11-13 22:03:00,6086
"447","DAK","A69-1602-10861","Suderpolder-4","VR2W-114163","53.158767","5.508119",2018-11-14 02:05:00,2018-11-14 02:49:00,10
"448","DAK","A69-1602-10861","Suderpolder-4","VR2W-114163","53.158767","5.508119",2018-11-14 07:17:00,2018-11-14 07:46:00,8
"449","DAK","A69-1602-10861","Suderpolder-4","VR2W-114163","53.158767","5.508119",2018-11-14 08:49:00,2018-11-14 08:49:00,1
"450","DAK","A69-1602-10861","Suderpolder-4","VR2W-114163","53.158767","5.508119",2018-11-14 15:48:00,2018-11-14 21:18:00,47
"451","DAK","A69-1602-10861","Suderpolder-4","VR2W-114163","53.158767","5.508119",2018-11-14 22:58:00,2018-11-15 01:12:00,14
"452","DAK","A69-1602-10861","Suderpolder-4","VR2W-114163","53.158767","5.508119",2018-11-15 03:16:00,2018-11-15 04:02:00,3
"453","DAK","A69-1602-10861","Suderpolder-4","VR2W-114163","53.158767","5.508119",2018-11-15 05:38:00,2018-11-15 21:33:00,250
"454","DAK","A69-1602-10861","Suderpolder-4","VR2W-114163","53.158767","5.508119",2018-11-16 01:55:00,2018-11-16 03:04:00,49
"455","DAK","A69-1602-10861","Suderpolder-4","VR2W-114163","53.158767","5.508119",2018-11-16 05:01:00,2018-11-16 08:49:00,22
"456","DAK","A69-1602-10861","Suderpolder-4","VR2W-114163","53.158767","5.508119",2018-11-16 10:01:00,2018-11-17 10:26:00,869
"457","DAK","A69-1602-10861","Suderpolder-4","VR2W-114163","53.158767","5.508119",2018-11-17 11:49:00,2018-11-17 12:53:00,11
"458","DAK","A69-1602-10861","Suderpolder-4","VR2W-114163","53.158767","5.508119",2018-11-17 14:28:00,2018-11-17 14:39:00,3
"459","DAK","A69-1602-10861","Suderpolder-4","VR2W-114163","53.158767","5.508119",2018-11-17 16:34:00,2018-11-17 21:16:00,136
"460","DAK","A69-1602-10861","Suderpolder-4","VR2W-114163","53.158767","5.508119",2018-11-17 23:02:00,2018-11-18 05:34:00,217
"461","DAK","A69-1602-10861","Suderpolder-4","VR2W-114163","53.158767","5.508119",2018-11-18 07:17:00,2018-11-18 09:48:00,27
"462","DAK","A69-1602-10861","Suderpolder-4","VR2W-114163","53.158767","5.508119",2018-11-18 13:03:00,2018-11-18 15:48:00,43
"463","DAK","A69-1602-10861","Suderpolder-4","VR2W-114163","53.158767","5.508119",2018-11-18 16:53:00,2018-11-18 18:25:00,8
"464","DAK","A69-1602-10861","Suderpolder-4","VR2W-114163","53.158767","5.508119",2018-11-18 19:34:00,2018-11-18 19:46:00,3
"465","DAK","A69-1602-10861","Suderpolder-4","VR2W-114163","53.158767","5.508119",2018-11-18 21:18:00,2018-11-19 02:00:00,86
"466","DAK","A69-1602-10861","Suderpolder-4","VR2W-114163","53.158767","5.508119",2018-11-19 03:27:00,2018-11-19 03:27:00,1
"467","DAK","A69-1602-10861","Suderpolder-4","VR2W-114163","53.158767","5.508119",2018-11-19 06:45:00,2018-11-19 11:27:00,74
"468","DAK","A69-1602-10861","Suderpolder-4","VR2W-114163","53.158767","5.508119",2018-11-19 12:56:00,2018-11-19 12:56:00,1
"469","DAK","A69-1602-10861","Suderpolder-4","VR2W-114163","53.158767","5.508119",2018-11-19 15:42:00,2018-11-20 14:59:00,446
"470","DAK","A69-1602-10861","Suderpolder-4","VR2W-114163","53.158767","5.508119",2018-11-20 16:24:00,2018-12-04 10:42:00,13581
"471","DAK","A69-1602-10861","Suderpolder-4","VR2W-114163","53.158767","5.508119",2018-12-04 11:54:00,2018-12-07 04:40:00,2807
"472","DAK","A69-1602-10861","Suderpolder-4","VR2W-114163","53.158767","5.508119",2018-12-07 09:25:00,2018-12-07 13:25:00,79
"473","DAK","A69-1602-10861","Suderpolder-4","VR2W-114163","53.158767","5.508119",2018-12-07 15:17:00,2018-12-08 18:04:00,1267
"474","DAK","A69-1602-10861","Suderpolder-4","VR2W-114163","53.158767","5.508119",2018-12-08 19:06:00,2018-12-17 04:23:00,9236
"475","DAK","A69-1602-10861","Suderpolder-4","VR2W-114163","53.158767","5.508119",2018-12-17 05:45:00,2018-12-17 06:51:00,18
"476","DAK","A69-1602-10861","Suderpolder-4","VR2W-114163","53.158767","5.508119",2018-12-17 09:17:00,2018-12-18 10:30:00,815
"477","DAK","A69-1602-10861","Suderpolder-4","VR2W-114163","53.158767","5.508119",2018-12-18 11:39:00,2018-12-18 20:50:00,153
"478","DAK","A69-1602-10861","Suderpolder-4","VR2W-114163","53.158767","5.508119",2018-12-18 22:11:00,2018-12-19 00:22:00,7
"479","DAK","A69-1602-10861","Suderpolder-4","VR2W-114163","53.158767","5.508119",2018-12-19 02:27:00,2018-12-19 03:29:00,17
"480","DAK","A69-1602-10861","Suderpolder-4","VR2W-114163","53.158767","5.508119",2018-12-19 05:53:00,2018-12-19 05:53:00,1
"481","DAK","A69-1602-10861","Suderpolder-4","VR2W-114163","53.158767","5.508119",2018-12-19 06:59:00,2018-12-19 07:57:00,3
"482","DAK","A69-1602-10861","Suderpolder-4","VR2W-114163","53.158767","5.508119",2018-12-19 09:03:00,2018-12-19 10:00:00,12
"483","DAK","A69-1602-10861","Suderpolder-4","VR2W-114163","53.158767","5.508119",2018-12-19 11:17:00,2018-12-19 12:06:00,3
"484","DAK","A69-1602-10861","Suderpolder-4","VR2W-114163","53.158767","5.508119",2018-12-19 13:53:00,2018-12-19 14:30:00,7
"485","DAK","A69-1602-10861","Suderpolder-4","VR2W-114163","53.158767","5.508119",2018-12-19 16:32:00,2018-12-19 16:32:00,1
"486","DAK","A69-1602-10861","Suderpolder-4","VR2W-114163","53.158767","5.508119",2018-12-19 18:49:00,2018-12-19 19:22:00,2
"487","DAK","A69-1602-10861","Suderpolder-4","VR2W-114163","53.158767","5.508119",2018-12-19 22:14:00,2018-12-20 00:01:00,11
"488","DAK","A69-1602-10861","Suderpolder-4","VR2W-114163","53.158767","5.508119",2018-12-20 01:37:00,2018-12-20 05:25:00,35
"489","DAK","A69-1602-10861","Suderpolder-4","VR2W-114163","53.158767","5.508119",2018-12-20 07:36:00,2018-12-20 07:40:00,3
"490","DAK","A69-1602-10861","Suderpolder-4","VR2W-114163","53.158767","5.508119",2018-12-20 10:06:00,2018-12-20 13:44:00,33
"491","DAK","A69-1602-10861","Suderpolder-4","VR2W-114163","53.158767","5.508119",2018-12-20 15:03:00,2018-12-20 15:03:00,1
"492","DAK","A69-1602-10861","Suderpolder-4","VR2W-114163","53.158767","5.508119",2018-12-20 16:59:00,2018-12-20 18:28:00,44
"493","DAK","A69-1602-10861","Suderpolder-4","VR2W-114163","53.158767","5.508119",2018-12-20 19:30:00,2018-12-20 22:11:00,33
"494","DAK","A69-1602-10861","Suderpolder-4","VR2W-114163","53.158767","5.508119",2018-12-21 00:21:00,2018-12-22 10:44:00,1056
"495","DAK","A69-1602-10861","Suderpolder-4","VR2W-114163","53.158767","5.508119",2018-12-22 13:09:00,2018-12-22 14:55:00,20
"496","DAK","A69-1602-10861","Suderpolder-4","VR2W-114163","53.158767","5.508119",2018-12-22 16:18:00,2018-12-22 23:01:00,168
"497","DAK","A69-1602-10861","Suderpolder-4","VR2W-114163","53.158767","5.508119",2018-12-23 00:12:00,2018-12-23 02:43:00,24
"498","DAK","A69-1602-10861","Suderpolder-4","VR2W-114163","53.158767","5.508119",2018-12-23 06:23:00,2018-12-23 08:02:00,24
"499","DAK","A69-1602-10861","Suderpolder-4","VR2W-114163","53.158767","5.508119",2018-12-23 10:21:00,2018-12-23 11:14:00,15
"500","DAK","A69-1602-10861","Suderpolder-4","VR2W-114163","53.158767","5.508119",2018-12-24 01:53:00,2018-12-24 10:49:00,380
"501","DAK","A69-1602-10861","Suderpolder-4","VR2W-114163","53.158767","5.508119",2018-12-24 17:55:00,2018-12-25 10:24:00,848
"502","DAK","A69-1602-10861","Suderpolder-4","VR2W-114163","53.158767","5.508119",2018-12-25 23:46:00,2018-12-26 01:12:00,77
"503","DAK","A69-1602-10861","Suderpolder-4","VR2W-114163","53.158767","5.508119",2018-12-26 02:53:00,2018-12-26 02:55:00,3
"504","DAK","A69-1602-10861","Suderpolder-4","VR2W-114163","53.158767","5.508119",2018-12-27 21:09:00,2018-12-28 01:53:00,266
"505","DAK","A69-1602-10861","Suderpolder-3","VR2W-103670","53.158511","5.508834",2018-12-28 01:54:00,2018-12-28 01:54:00,1
"506","DAK","A69-1602-10861","Suderpolder-4","VR2W-114163","53.158767","5.508119",2018-12-28 01:55:00,2018-12-28 04:30:00,143
"507","DAK","A69-1602-10861","Suderpolder-4","VR2W-114163","53.158767","5.508119",2018-12-29 11:25:00,2018-12-29 12:05:00,10
"508","DAK","A69-1602-10861","Suderpolder-4","VR2W-114163","53.158767","5.508119",2018-12-29 13:45:00,2018-12-29 15:05:00,26
"509","DAK","A69-1602-10861","Suderpolder-4","VR2W-114163","53.158767","5.508119",2019-01-09 20:40:00,2019-01-09 21:44:00,52
"510","DAK","A69-1602-10862","rel_suderpolder3","none","53.165164","5.552409",2018-06-11 12:10:00,2018-06-11 12:10:00,1
"511","DAK","A69-1602-10862","Suderpolder-2","VR2W-114164","53.165045","5.552381",2018-11-06 11:10:00,2018-11-06 18:42:00,341
"512","DAK","A69-1602-10862","Suderpolder-2","VR2W-114164","53.165045","5.552381",2018-11-06 21:06:00,2018-11-06 21:15:00,9
"513","DAK","A69-1602-10862","Suderpolder-5","VR2W-114172","53.178774","5.539683",2018-11-13 18:05:00,2018-11-13 19:03:00,44
"514","DAK","A69-1602-10862","Suderpolder-6","VR2W-114165","53.179885","5.425022",2018-12-09 15:42:00,2018-12-09 17:52:00,95
"515","DAK","A69-1602-10862","Suderpolder-6","VR2W-114165","53.179885","5.425022",2018-12-09 20:57:00,2018-12-09 22:54:00,87
"516","DAK","A69-1602-10862","Suderpolder-6","VR2W-114165","53.179885","5.425022",2018-12-11 11:16:00,2018-12-13 14:35:00,1413
"517","DAK","A69-1602-10862","Suderpolder-6","VR2W-114165","53.179885","5.425022",2018-12-13 16:58:00,2018-12-13 16:59:00,2
"518","DAK","A69-1602-10862","Suderpolder-7","VR2W-107052","53.175467","5.409132",2018-12-14 00:06:00,2018-12-14 01:13:00,56
"519","DAK","A69-1602-10863","rel_suderpolder3","none","53.165164","5.552409",2018-06-11 12:10:00,2018-06-11 12:10:00,1
"520","DAK","A69-1602-10863","Suderpolder-2","VR2W-114164","53.165045","5.552381",2018-11-06 11:09:00,2018-11-11 17:37:00,7028
"521","DAK","A69-1602-10863","Suderpolder-6","VR2W-114165","53.179885","5.425022",2018-12-12 18:23:00,2018-12-12 19:48:00,13
"522","DAK","A69-1602-10863","Suderpolder-7","VR2W-107052","53.175467","5.409132",2018-12-12 19:51:00,2018-12-12 19:53:00,2
"523","DAK","A69-1602-10864","rel_suderpolder3","none","53.165164","5.552409",2018-06-11 12:10:00,2018-06-11 12:10:00,1
"524","DAK","A69-1602-10864","Suderpolder-2","VR2W-114164","53.165045","5.552381",2018-11-06 11:10:00,2018-11-06 11:15:00,2
"525","DAK","A69-1602-10864","Suderpolder-2","VR2W-114164","53.165045","5.552381",2018-11-12 17:19:00,2018-11-12 17:34:00,14
"526","DAK","A69-1602-10865","rel_suderpolder3","none","53.165164","5.552409",2018-06-11 12:10:00,2018-06-11 12:10:00,1
"527","DAK","A69-1602-10865","Suderpolder-2","VR2W-114164","53.165045","5.552381",2018-11-06 11:10:00,2018-11-06 11:45:00,28
"528","DAK","A69-1602-10865","Suderpolder-2","VR2W-114164","53.165045","5.552381",2018-11-06 14:10:00,2018-11-06 14:34:00,6
"529","DAK","A69-1602-10865","Suderpolder-2","VR2W-114164","53.165045","5.552381",2018-11-06 15:38:00,2018-11-06 15:49:00,6
"530","DAK","A69-1602-10865","Suderpolder-2","VR2W-114164","53.165045","5.552381",2018-11-06 16:58:00,2018-11-06 21:58:00,188
"531","DAK","A69-1602-10865","Suderpolder-2","VR2W-114164","53.165045","5.552381",2018-11-06 23:22:00,2018-11-06 23:50:00,5
"532","DAK","A69-1602-10865","Suderpolder-2","VR2W-114164","53.165045","5.552381",2018-11-07 01:16:00,2018-11-07 04:35:00,95
"533","DAK","A69-1602-10865","Suderpolder-2","VR2W-114164","53.165045","5.552381",2018-11-07 06:07:00,2018-11-07 07:24:00,10
"534","DAK","A69-1602-10865","Suderpolder-2","VR2W-114164","53.165045","5.552381",2018-11-07 15:32:00,2018-11-07 22:07:00,237
"535","DAK","A69-1602-10865","Suderpolder-2","VR2W-114164","53.165045","5.552381",2018-11-07 23:16:00,2018-11-07 23:16:00,1
"536","DAK","A69-1602-10865","Suderpolder-2","VR2W-114164","53.165045","5.552381",2018-11-08 00:17:00,2018-11-08 07:29:00,237
"537","DAK","A69-1602-10865","Suderpolder-2","VR2W-114164","53.165045","5.552381",2018-11-08 08:43:00,2018-11-08 10:41:00,51
"538","DAK","A69-1602-10865","Suderpolder-2","VR2W-114164","53.165045","5.552381",2018-11-08 12:21:00,2018-11-08 13:32:00,5
"539","DAK","A69-1602-10865","Suderpolder-2","VR2W-114164","53.165045","5.552381",2018-11-08 14:55:00,2018-11-08 15:10:00,2
"540","DAK","A69-1602-10865","Suderpolder-2","VR2W-114164","53.165045","5.552381",2018-11-08 16:32:00,2018-11-08 16:43:00,5
"541","DAK","A69-1602-10865","Suderpolder-2","VR2W-114164","53.165045","5.552381",2018-11-08 18:05:00,2018-11-09 03:18:00,476
"542","DAK","A69-1602-10865","Suderpolder-2","VR2W-114164","53.165045","5.552381",2018-11-09 15:39:00,2018-11-09 15:54:00,10
"543","DAK","A69-1602-10865","Suderpolder-2","VR2W-114164","53.165045","5.552381",2018-11-09 19:02:00,2018-11-09 20:31:00,66
"544","DAK","A69-1602-10865","Suderpolder-2","VR2W-114164","53.165045","5.552381",2018-11-09 22:11:00,2018-11-09 22:11:00,1
"545","DAK","A69-1602-10865","Suderpolder-2","VR2W-114164","53.165045","5.552381",2018-12-04 18:37:00,2018-12-04 19:18:00,37
"546","DAK","A69-1602-10865","Suderpolder-2","VR2W-114164","53.165045","5.552381",2018-12-04 21:47:00,2018-12-04 22:06:00,19
"547","DAK","A69-1602-10865","Suderpolder-5","VR2W-114172","53.178774","5.539683",2018-12-05 02:29:00,2018-12-05 02:50:00,19
"548","DAK","A69-1602-10866","rel_suderpolder3","none","53.165164","5.552409",2018-06-11 12:10:00,2018-06-11 12:10:00,1
"549","DAK","A69-1602-10866","Suderpolder-2","VR2W-114164","53.165045","5.552381",2018-11-06 11:10:00,2018-11-06 17:04:00,261
